file,page,brand,series,model,rating,price_pkr,action
abb-avs.json,3,ABB,SH 201,SH 201,1A~4A,2100.00,unchanged
abb-avs.json,3,ABB,SH 201,SH 201,6A~10A,975.00,unchanged
abb-avs.json,3,ABB,SH 201,SH 201,16A~32A,900.00,unchanged
abb-avs.json,3,ABB,SH 201,SH 201,40A,950.00,unchanged
abb-avs.json,3,ABB,SH 202,SH 202,1A~4A,5900.00,unchanged
abb-avs.json,3,ABB,SH 202,SH 202,6A~10A,3500.00,unchanged
abb-avs.json,3,ABB,SH 202,SH 202,16A~25A,3100.00,unchanged
abb-avs.json,3,ABB,SH 202,SH 202,32A~40A,3100.00,unchanged
abb-avs.json,3,ABB,SH 203,SH 203,1A~4A,11500.00,unchanged
abb-avs.json,3,ABB,SH 203,SH 203,6A~10A,5400.00,unchanged
abb-avs.json,3,ABB,SH 203,SH 203,16A~25A,4900.00,unchanged
abb-avs.json,3,ABB,SH 203,SH 203,32A~40A,4900.00,unchanged
abb-avs.json,3,ABB,SH 204,SH 204,1A~6A,,unchanged
abb-avs.json,3,ABB,SH 204,SH 204,10A~25A,10500.00,unchanged
abb-avs.json,3,ABB,SH 204,SH 204,32A~40A,10500.00,unchanged
abb-avs.json,4,ABB,S 201,S 201,1A ~ 4A,3600.00,unchanged
abb-avs.json,4,ABB,S 201,S 201,6A~10A,1700.00,unchanged
abb-avs.json,4,ABB,S 201,S 201,16A~40A,1500.00,unchanged
abb-avs.json,4,ABB,S 201,S 201,"50A, 63A",1700.00,unchanged
abb-avs.json,4,ABB,S 202,S 202,1A ~ 4A,12000.00,unchanged
abb-avs.json,4,ABB,S 202,S 202,6A~10A,5500.00,unchanged
abb-avs.json,4,ABB,S 202,S 202,16A~40A,4500.00,unchanged
abb-avs.json,4,ABB,S 202,S 202,"50A, 63A",5500.00,unchanged
abb-avs.json,4,ABB,S 203,S 203,1A ~ 4A,,unchanged
abb-avs.json,4,ABB,S 203,S 203,6A~10A,8500.00,unchanged
abb-avs.json,4,ABB,S 203,S 203,16A~40A,7000.00,unchanged
abb-avs.json,4,ABB,S 203,S 203,"50A, 63A",8000.00,unchanged
abb-avs.json,4,ABB,S 204,S 204,1A ~ 4A,,unchanged
abb-avs.json,4,ABB,S 204,S 204,6A~10A,13500.00,unchanged
abb-avs.json,4,ABB,S 204,S 204,"16A, 40A",11000.00,unchanged
abb-avs.json,4,ABB,S 204,S 204,"50A, 63A",12000.00,unchanged
abb-avs.json,5,ABB,FH202,FH202-025,25A,9000.00,unchanged
abb-avs.json,5,ABB,FH202,FH202-025,25A,9000.00,unchanged
abb-avs.json,5,ABB,FH202,FH202-040,40A,10000.00,unchanged
abb-avs.json,5,ABB,FH202,FH202-040,40A,10000.00,unchanged
abb-avs.json,5,ABB,FH202,FH202-063,63A,10000.00,unchanged
abb-avs.json,5,ABB,FH202,FH202-063,63A,11500.00,price 10000.00 -> 11500.00
abb-avs.json,5,ABB,FH204,FH204-025,25A,12500.00,unchanged
abb-avs.json,5,ABB,FH204,FH204-025,25A,12500.00,unchanged
abb-avs.json,5,ABB,FH204,FH204-040,40A,13500.00,unchanged
abb-avs.json,5,ABB,FH204,FH204-040,40A,14000.00,price 13500.00 -> 14000.00
abb-avs.json,5,ABB,FH204,FH204-063,63A,12500.00,unchanged
abb-avs.json,5,ABB,FH204,FH204-063,63A,14500.00,price 12500.00 -> 14500.00
abb-avs.json,6,ABB,Formula A1A,A1A 125,"15, 20, 25, 30, 40, 50, 60,70,80, 90, 100A",9800.00,unchanged
abb-avs.json,6,ABB,Formula A1B,A1B 125,"15, 20, 25, 30, 40, 50, 60,70,80, 90, 100A",10300.00,unchanged
abb-avs.json,6,ABB,Formula A1B,A1B 125,125A,20000.00,unchanged
abb-avs.json,6,ABB,Formula A2B,A2B 250,150A,22000.00,unchanged
abb-avs.json,6,ABB,Formula A2B,A2B 250,"200A, 250A, 225A",24000.00,unchanged
abb-avs.json,6,ABB,Formula A1C,A1C 125,"15, 20, 25, 30, 40, 50, 60,70,80, 90, 100A",14000.00,unchanged
abb-avs.json,6,ABB,Formula A1C,A1C 125,125A,22000.00,unchanged
abb-avs.json,6,ABB,Formula A2C,A2C 250,160A,24000.00,unchanged
abb-avs.json,6,ABB,Formula A2C,A2C 250,"200A, 250A",31000.00,unchanged
abb-avs.json,6,ABB,Formula A1N,A1N 125,"15, 20, 25, 30, 40, 50, 60,70,80, 90, 100A",14000.00,unchanged
abb-avs.json,6,ABB,Formula A1N,A1N 125,125A,25000.00,unchanged
abb-avs.json,6,ABB,Formula A2N,A2N 250,160A,27000.00,unchanged
abb-avs.json,6,ABB,Formula A2N,A2N 250,"200A, 250A",39000.00,unchanged
abb-avs.json,6,ABB,Formula A3N,A3N 400,"320A, 400A",68000.00,unchanged
abb-avs.json,6,ABB,Formula A3N,A3N 630,630A,95000.00,unchanged
abb-avs.json,6,ABB,Formula A3S,A3S 400,"320, 400A",,unchanged
abb-avs.json,6,ABB,Formula A3S,A3S 630,630A,,unchanged
abb-avs.json,7,ABB,Formula A1B,A1B 125,"15, 20, 25, 30, 40, 50, 60,70,80, 90, 100A",20000.00,price 10300.00 -> 20000.00
abb-avs.json,7,ABB,Formula A1B,A1B 125,125A,25000.00,price 20000.00 -> 25000.00
abb-avs.json,7,ABB,Formula A2B,A2B 250,150A,30000.00,price 22000.00 -> 30000.00
abb-avs.json,7,ABB,Formula A2B,A2B 250,"200A, 250A, 225A",42000.00,price 24000.00 -> 42000.00
abb-avs.json,7,ABB,Formula A1C,A1C 125,"15, 20, 25, 30, 40, 50, 60,70,80, 90, 100A",22000.00,price 14000.00 -> 22000.00
abb-avs.json,7,ABB,Formula A1C,A1C 125,125A,27000.00,price 22000.00 -> 27000.00
abb-avs.json,7,ABB,Formula A2C,A2C 250,160A,33000.00,price 24000.00 -> 33000.00
abb-avs.json,7,ABB,Formula A2C,A2C 250,"200A, 250A",44000.00,price 31000.00 -> 44000.00
abb-avs.json,7,ABB,Formula A1N,A1N 125,"15, 20, 25, 30, 40, 50, 60,70,80, 90, 100A",28000.00,price 14000.00 -> 28000.00
abb-avs.json,7,ABB,Formula A1N,A1N 125,125A,36000.00,price 25000.00 -> 36000.00
abb-avs.json,7,ABB,Formula A2N,A2N 250,160A,46000.00,price 27000.00 -> 46000.00
abb-avs.json,7,ABB,Formula A2N,A2N 250,"200A, 250A",56000.00,price 39000.00 -> 56000.00
abb-avs.json,7,ABB,Formula A3N,A3N 400,"320A, 400A",92000.00,price 68000.00 -> 92000.00
abb-avs.json,7,ABB,Formula A3N,A3N 630,630A,120000.00,price 95000.00 -> 120000.00
abb-avs.json,7,ABB,Formula A3S,A3S 400,"320, 400A",,unchanged
abb-avs.json,7,ABB,Formula A3S,A3S 630,630A,,unchanged
abb-avs.json,8,ABB,Formula Accessories,Shunt Open/Close,,20000.00,unchanged
abb-avs.json,8,ABB,Formula Accessories,Under Voltage Release,,28000.00,unchanged
abb-avs.json,8,ABB,Formula Accessories,Auxiliary Contact 1C/O+1Signal,,14000.00,unchanged
abb-avs.json,8,ABB,Formula Accessories,Auxiliary Contact 2C/O+1Signal,,18000.00,unchanged
abb-avs.json,8,ABB,Formula Accessories,Rotary Handle,,12000.00,unchanged
abb-avs.json,8,ABB,Formula Accessories,Shunt Open/Close,,22000.00,price 20000.00 -> 22000.00
abb-avs.json,8,ABB,Formula Accessories,Under Voltage Release,,30000.00,price 28000.00 -> 30000.00
abb-avs.json,8,ABB,Formula Accessories,Auxiliary Contact 1C/O+1Signal,,15000.00,price 14000.00 -> 15000.00
abb-avs.json,8,ABB,Formula Accessories,Auxiliary Contact 2C/O+1Signal,,30000.00,price 18000.00 -> 30000.00
abb-avs.json,8,ABB,Formula Accessories,Rotary Handle,,17000.00,price 12000.00 -> 17000.00
abb-avs.json,9,ABB,T MAX XT1C,XT1C 160,25A,17000.00,unchanged
abb-avs.json,9,ABB,T MAX XT1C,XT1C 160,32A,17000.00,unchanged
abb-avs.json,9,ABB,T MAX XT1C,XT1C 160,40A,17000.00,unchanged
abb-avs.json,9,ABB,T MAX XT1C,XT1C 160,50A,17000.00,unchanged
abb-avs.json,9,ABB,T MAX XT1C,XT1C 160,63A,17000.00,unchanged
abb-avs.json,9,ABB,T MAX XT1C,XT1C 160,80A,17000.00,unchanged
abb-avs.json,9,ABB,T MAX XT1C,XT1C 160,100A,17000.00,unchanged
abb-avs.json,9,ABB,T MAX XT1C,XT1C 160,125A,25000.00,unchanged
abb-avs.json,9,ABB,T MAX XT1C,XT1C 160,160A,29000.00,unchanged
abb-avs.json,10,ABB,T MAX XT1N,XT1N 160,32A,20000.00,unchanged
abb-avs.json,10,ABB,T MAX XT1N,XT1N 160,40A,20000.00,unchanged
abb-avs.json,10,ABB,T MAX XT1N,XT1N 160,50A,20000.00,unchanged
abb-avs.json,10,ABB,T MAX XT1N,XT1N 160,63A,20000.00,unchanged
abb-avs.json,10,ABB,T MAX XT1N,XT1N 160,80A,20000.00,unchanged
abb-avs.json,10,ABB,T MAX XT1N,XT1N 160,100A,20000.00,unchanged
abb-avs.json,10,ABB,T MAX XT1N,XT1N 160,125A,30000.00,unchanged
abb-avs.json,10,ABB,T MAX XT1N,XT1N 160,160A,36000.00,unchanged
abb-avs.json,10,ABB,T MAX XT3N,XT3N 250,200A,58000.00,unchanged
abb-avs.json,10,ABB,T MAX XT3N,XT3N 250,250A,58000.00,unchanged
abb-avs.json,10,ABB,T MAX XT4N,XT4N 250,250A,58000.00,unchanged
abb-avs.json,10,ABB,T MAX T5N,T5N 400,320A,85000.00,unchanged
abb-avs.json,10,ABB,T MAX T5N,T5N 400,400A,85000.00,unchanged
abb-avs.json,10,ABB,T MAX T5N,T5N 630,630A,110000.00,unchanged
abb-avs.json,10,ABB,T MAX T6N,T6N 800,800A,220000.00,unchanged
abb-avs.json,10,ABB,T MAX T6N,T6N 1000,1000A,245000.00,unchanged
abb-avs.json,11,ABB,T MAX XT2S,XT2S 160,16A,35000.00,unchanged
abb-avs.json,11,ABB,T MAX XT2S,XT2S 160,20A,35000.00,unchanged
abb-avs.json,11,ABB,T MAX XT2S,XT2S 160,25A,35000.00,unchanged
abb-avs.json,11,ABB,T MAX XT2S,XT2S 160,32A,35000.00,unchanged
abb-avs.json,11,ABB,T MAX XT2S,XT2S 160,40A,35000.00,unchanged
abb-avs.json,11,ABB,T MAX XT2S,XT2S 160,50A,35000.00,unchanged
abb-avs.json,11,ABB,T MAX XT2S,XT2S 160,63A,35000.00,unchanged
abb-avs.json,11,ABB,T MAX XT2S,XT2S 160,80A,35000.00,unchanged
abb-avs.json,11,ABB,T MAX XT2S,XT2S 160,100A,35000.00,unchanged
abb-avs.json,11,ABB,T MAX XT2S,XT2S 160,125A,42000.00,unchanged
abb-avs.json,11,ABB,T MAX XT2S,XT2S 160,160A,44000.00,unchanged
abb-avs.json,11,ABB,T MAX T4S,T4S 250,250A,70000.00,unchanged
abb-avs.json,11,ABB,T MAX T5S,T5S 400,320A,110000.00,unchanged
abb-avs.json,11,ABB,T MAX T5S,T5S 400,400A,110000.00,unchanged
abb-avs.json,11,ABB,T MAX T5S,T5S 630,630A,135000.00,unchanged
abb-avs.json,11,ABB,T MAX T6S,T6S 800,800A,245000.00,unchanged
abb-avs.json,11,ABB,T MAX T6S,T6S 1000,1000A,270000.00,unchanged
abb-avs.json,11,ABB,T MAX T7S,T7S 1250,1250A,294000.00,unchanged
abb-avs.json,11,ABB,T MAX T7S,T7S 1250 M,1250A,304000.00,unchanged
abb-avs.json,11,ABB,T MAX T7S,T7S 1600,1600A,340000.00,unchanged
abb-avs.json,11,ABB,T MAX T7S,T7S 1600 M,1600A,360000.00,unchanged
abb-avs.json,12,ABB,T MAX XT2H,XT2H 160,16A,35000.00,unchanged
abb-avs.json,12,ABB,T MAX XT2H,XT2H 160,20A,35000.00,unchanged
abb-avs.json,12,ABB,T MAX XT2H,XT2H 160,25A,35000.00,unchanged
abb-avs.json,12,ABB,T MAX XT2H,XT2H 160,32A,35000.00,unchanged
abb-avs.json,12,ABB,T MAX XT2H,XT2H 160,40A,35000.00,unchanged
abb-avs.json,12,ABB,T MAX XT2H,XT2H 160,50A,35000.00,unchanged
abb-avs.json,12,ABB,T MAX XT2H,XT2H 160,63A,35000.00,unchanged
abb-avs.json,12,ABB,T MAX XT2H,XT2H 160,80A,35000.00,unchanged
abb-avs.json,12,ABB,T MAX XT2H,XT2H 160,100A,35000.00,unchanged
abb-avs.json,12,ABB,T MAX XT2H,XT2H 160,125A,43000.00,unchanged
abb-avs.json,12,ABB,T MAX XT2H,XT2H 160,160A,45000.00,unchanged
abb-avs.json,12,ABB,T MAX T4H,T4H 250,200A,72000.00,unchanged
abb-avs.json,12,ABB,T MAX T4H,T4H 250,250A,72000.00,unchanged
abb-avs.json,12,ABB,T MAX T5H,T5H 400,400A,130000.00,unchanged
abb-avs.json,12,ABB,T MAX T5H,T5H 630,630A,160000.00,unchanged
abb-avs.json,12,ABB,T MAX T6H,T6H 800,800A,270000.00,unchanged
abb-avs.json,12,ABB,T MAX T6H,T6H 1000,1000A,310000.00,unchanged
abb-avs.json,12,ABB,T MAX T7H,T7H 1250,1250A,330000.00,unchanged
abb-avs.json,12,ABB,T MAX T7H,T7H 1250 M,1250A,340000.00,unchanged
abb-avs.json,12,ABB,T MAX T7H,T7H 1600,1600A,385000.00,unchanged
abb-avs.json,12,ABB,T MAX T7H,T7H 1600 M,1600A,400000.00,unchanged
abb-avs.json,12,ABB,T MAX T8L,T8L 2000,2000A,,unchanged
abb-avs.json,12,ABB,T MAX T8L,T8L 2500,2500A,,unchanged
abb-avs.json,12,ABB,T MAX T8L,T8L 3200,3200A,,unchanged
abb-avs.json,13,ABB,T MAX XT1C,XT1C 160,25A,30000.00,price 17000.00 -> 30000.00
abb-avs.json,13,ABB,T MAX XT1C,XT1C 160,32A,30000.00,price 17000.00 -> 30000.00
abb-avs.json,13,ABB,T MAX XT1C,XT1C 160,40A,30000.00,price 17000.00 -> 30000.00
abb-avs.json,13,ABB,T MAX XT1C,XT1C 160,50A,30000.00,price 17000.00 -> 30000.00
abb-avs.json,13,ABB,T MAX XT1C,XT1C 160,63A,30000.00,price 17000.00 -> 30000.00
abb-avs.json,13,ABB,T MAX XT1C,XT1C 160,80A,30000.00,price 17000.00 -> 30000.00
abb-avs.json,13,ABB,T MAX XT1C,XT1C 160,100A,30000.00,price 17000.00 -> 30000.00
abb-avs.json,13,ABB,T MAX XT1C,XT1C 160,125A,43000.00,price 25000.00 -> 43000.00
abb-avs.json,13,ABB,T MAX XT1C,XT1C 160,160A,54000.00,price 29000.00 -> 54000.00
abb-avs.json,13,ABB,T MAX XT1N,XT1N 160,32A,37000.00,price 20000.00 -> 37000.00
abb-avs.json,13,ABB,T MAX XT1N,XT1N 160,40A,37000.00,price 20000.00 -> 37000.00
abb-avs.json,13,ABB,T MAX XT1N,XT1N 160,50A,37000.00,price 20000.00 -> 37000.00
abb-avs.json,13,ABB,T MAX XT1N,XT1N 160,63A,37000.00,price 20000.00 -> 37000.00
abb-avs.json,13,ABB,T MAX XT1N,XT1N 160,80A,37000.00,price 20000.00 -> 37000.00
abb-avs.json,13,ABB,T MAX XT1N,XT1N 160,100A,37000.00,price 20000.00 -> 37000.00
abb-avs.json,13,ABB,T MAX XT1N,XT1N 160,125A,45000.00,price 30000.00 -> 45000.00
abb-avs.json,13,ABB,T MAX XT1N,XT1N 160,160A,57000.00,price 36000.00 -> 57000.00
abb-avs.json,13,ABB,T MAX XT4N,XT4N 250,200A,92000.00,unchanged
abb-avs.json,13,ABB,T MAX T4N,T4N 250,250A,92000.00,unchanged
abb-avs.json,13,ABB,T MAX T5N,T5N 400,400A,150000.00,price 85000.00 -> 150000.00
abb-avs.json,13,ABB,T MAX T5N,T5N 630,630A,175000.00,price 110000.00 -> 175000.00
abb-avs.json,13,ABB,T MAX T6N,T6N 800,800A,295000.00,price 220000.00 -> 295000.00
abb-avs.json,13,ABB,T MAX T6N,T6N 1000,1000A,330000.00,price 245000.00 -> 330000.00
abb-avs.json,14,ABB,T MAX XT2H,XT2H 160,32A,68000.00,price 35000.00 -> 68000.00
abb-avs.json,14,ABB,T MAX XT2H,XT2H 160,40A,68000.00,price 35000.00 -> 68000.00
abb-avs.json,14,ABB,T MAX XT2H,XT2H 160,50A,68000.00,price 35000.00 -> 68000.00
abb-avs.json,14,ABB,T MAX XT2H,XT2H 160,63A,68000.00,price 35000.00 -> 68000.00
abb-avs.json,14,ABB,T MAX XT2H,XT2H 160,80A,68000.00,price 35000.00 -> 68000.00
abb-avs.json,14,ABB,T MAX XT2H,XT2H 160,100A,68000.00,price 35000.00 -> 68000.00
abb-avs.json,14,ABB,T MAX XT2H,XT2H 160,125A,72000.00,price 43000.00 -> 72000.00
abb-avs.json,14,ABB,T MAX XT2H,XT2H 160,160A,80000.00,price 45000.00 -> 80000.00
abb-avs.json,14,ABB,T MAX XT4H,XT4H 250,200A,115000.00,unchanged
abb-avs.json,14,ABB,T MAX XT4H,XT4H 250,250A,115000.00,unchanged
abb-avs.json,14,ABB,T MAX T5H,T5H 400,400A,175000.00,price 130000.00 -> 175000.00
abb-avs.json,14,ABB,T MAX T5H,T5H 630,630A,220000.00,price 160000.00 -> 220000.00
abb-avs.json,14,ABB,T MAX T6H,T6H 800,800A,350000.00,price 270000.00 -> 350000.00
abb-avs.json,14,ABB,T MAX T6H,T6H 1000,1000A,400000.00,price 310000.00 -> 400000.00
abb-avs.json,14,ABB,T MAX T7H,T7H 1250,1250A,485000.00,price 330000.00 -> 485000.00
abb-avs.json,14,ABB,T MAX T7H,T7H 1250 M,1250A,525000.00,price 340000.00 -> 525000.00
abb-avs.json,14,ABB,T MAX T7H,T7H 1600,1600A,525000.00,price 385000.00 -> 525000.00
abb-avs.json,14,ABB,T MAX T7H,T7H 1600 M,1600A,550000.00,price 400000.00 -> 550000.00
abb-avs.json,15,ABB,T MAX Accessories,Auxiliary Contacts 1Q 1SY - 250V AC/DC,,8800.00,unchanged
abb-avs.json,15,ABB,T MAX Accessories,Auxiliary Contacts 3Q 1SY - 250V AC/DC,,18000.00,unchanged
abb-avs.json,15,ABB,T MAX Accessories,Auxiliary Contacts 2Q 1SY - 400V AC,,16000.00,unchanged
abb-avs.json,15,ABB,T MAX Accessories,Auxiliary Contact 2Q - 400V AC,,16000.00,unchanged
abb-avs.json,15,ABB,T MAX Accessories,Shunt Opening Release 220 - 240V AC/DC,,15000.00,unchanged
abb-avs.json,15,ABB,T MAX Accessories,Shunt Opening Release 220 - 240V AC/DC,,15000.00,unchanged
abb-avs.json,15,ABB,T MAX Accessories,Shunt Opening Release 220 - 240V AC/DC,,34000.00,price 15000.00 -> 34000.00
abb-avs.json,15,ABB,T MAX Accessories,Under Voltage Release 220 - 240V AC/DC,,21000.00,unchanged
abb-avs.json,15,ABB,T MAX Accessories,Under Voltage Release 220 - 240V AC/DC,,21000.00,unchanged
abb-avs.json,15,ABB,T MAX Accessories,Under Voltage Release 220 - 240V AC/DC,,38000.00,price 21000.00 -> 38000.00
abb-avs.json,15,ABB,T MAX Accessories,Direct Action Motor Operator 220…240VAC (MOD),,75000.00,unchanged
abb-avs.json,15,ABB,T MAX Accessories,Stored Energy Motor Operator 220…240VAC (MOE),,160000.00,unchanged
abb-avs.json,15,ABB,T MAX Accessories,Stored Energy Motor Operator 220…240VAC (T4-T5),,185000.00,unchanged
abb-avs.json,15,ABB,T MAX Accessories,Stored Energy Motor Operator 220…240VAC (T6),,320000.00,unchanged
abb-avs.json,15,ABB,T MAX Accessories,Spring Charge Motor (T7M),,240000.00,unchanged
abb-avs.json,16,ABB,Emax E1.2N,E1.2N 1250,1250A,560000.00,unchanged
abb-avs.json,16,ABB,Emax E1.2N,E1.2N 1600,1600A,600000.00,unchanged
abb-avs.json,16,ABB,Emax E2.2N,E2.2N 1250,1250A,590000.00,unchanged
abb-avs.json,16,ABB,Emax E2.2N,E2.2N 1600,1600A,650000.00,unchanged
abb-avs.json,16,ABB,Emax E2.2N,E2.2N 2000,2000A,735000.00,unchanged
abb-avs.json,16,ABB,Emax E2.2N,E2.2N 2500,2500A,935000.00,unchanged
abb-avs.json,16,ABB,Emax E4.2N,E4.2N 3200,3200A,1150000.00,unchanged
abb-avs.json,16,ABB,Emax E4.2N,E4.2N 4000,4000A,1600000.00,unchanged
abb-avs.json,16,ABB,Emax E2.2H,E2.2H 1250,1250A,695000.00,unchanged
abb-avs.json,16,ABB,Emax E2.2H,E2.2H 1600,1600A,770000.00,unchanged
abb-avs.json,16,ABB,Emax E2.2H,E2.2H 2000,2000A,930000.00,unchanged
abb-avs.json,16,ABB,Emax E2.2H,E2.2H 2500,2500A,1100000.00,unchanged
abb-avs.json,16,ABB,Emax E4.2H,E4.2H 3200,3200A,1400000.00,unchanged
abb-avs.json,16,ABB,Emax E4.2H,E4.2H 4000,4000A,1800000.00,unchanged
abb-avs.json,16,ABB,Emax E6.2H,E6.2H 5000,5000A,,unchanged
abb-avs.json,16,ABB,Emax E6.2H,E6.2H 6300,6300A,,unchanged
abb-avs.json,17,ABB,Emax E2.2N,E2.2N 1600,1000A,775000.00,unchanged
abb-avs.json,17,ABB,Emax E2.2N,E2.2N 1250,1250A,810000.00,price 590000.00 -> 810000.00
abb-avs.json,17,ABB,Emax E2.2N,E2.2N 1600,1600A,850000.00,price 650000.00 -> 850000.00
abb-avs.json,17,ABB,Emax E2.2N,E2.2N 2000,2000A,980000.00,price 735000.00 -> 980000.00
abb-avs.json,17,ABB,Emax E2.2N,E2.2N 2500,2500A,1300000.00,price 935000.00 -> 1300000.00
abb-avs.json,17,ABB,Emax E4.2N,E4.2N 3200,3200A,1635000.00,price 1150000.00 -> 1635000.00
abb-avs.json,17,ABB,Emax E4.2N,E4.2N 4000,4000A,2225000.00,price 1600000.00 -> 2225000.00
abb-avs.json,17,ABB,Emax E2.2H,E2.2H 1250,1250A,880000.00,price 695000.00 -> 880000.00
abb-avs.json,17,ABB,Emax E2.2H,E2.2H 1600,1600A,965000.00,price 770000.00 -> 965000.00
abb-avs.json,17,ABB,Emax E2.2H,E2.2H 2000,2000A,1150000.00,price 930000.00 -> 1150000.00
abb-avs.json,17,ABB,Emax E2.2H,E2.2H 2500,2500A,1475000.00,price 1100000.00 -> 1475000.00
abb-avs.json,17,ABB,Emax E4.2H,E4.2H 3200,3200A,1925000.00,price 1400000.00 -> 1925000.00
abb-avs.json,17,ABB,Emax E4.2H,E4.2H 4000,4000A,2625000.00,price 1800000.00 -> 2625000.00
abb-avs.json,17,ABB,Emax E6.2H,E6.2H 5000,5000A,,unchanged
abb-avs.json,17,ABB,Emax E6.2H,E6.2H 6300,6300A,,unchanged
abb-avs.json,18,ABB,ACB Accessories,Under Voltage Release YU 240…250V AC/DC,,28000.00,unchanged
abb-avs.json,18,ABB,ACB Accessories,Under Voltage Release YU 380…400V AC,,28000.00,unchanged
abb-avs.json,18,ABB,ACB Accessories,Shunt Opening Release YO 240…250V AC/DC,,28000.00,unchanged
abb-avs.json,18,ABB,ACB Accessories,Shunt Opening Release YO 380…415V AC,,28000.00,unchanged
abb-avs.json,18,ABB,ACB Accessories,Shunt Closing Release YC 220…240V AC/DC,,28000.00,unchanged
abb-avs.json,18,ABB,ACB Accessories,Shunt Closing Release YC 380…400V AC,,28000.00,unchanged
abb-avs.json,18,ABB,ACB Accessories,Geared motor 220…250V AC/DC,,150000.00,unchanged
abb-avs.json,18,ABB,ACB Accessories,4 Change Over Contacts open / close,,80000.00,unchanged
abb-avs.json,18,ABB,ACB Accessories,IP54 Flanged Diffirent keys,,76000.00,unchanged
abb-avs.json,18,ABB,ACB Accessories,Electrical Indication Trip with remote reset PRx (058261),,50000.00,unchanged
abb-avs.json,18,ABB,ACB Accessories,Electronic time delay for UVR E1~E6 220/250VAC,,95000.00,unchanged
abb-avs.json,18,ABB,ACB Accessories,Mechanical Operation Counter E1 ~ E6,,40000.00,unchanged
abb-avs.json,18,ABB,ACB Accessories,Key Lock in Open position different keys E1 ~ E2,,21000.00,unchanged
abb-avs.json,18,ABB,ACB Accessories,Push Button Protection E1 ~ E6,,9000.00,unchanged
abb-avs.json,18,ABB,ACB Accessories,Pad Lock Device in Open Position Dia = 4mm,,10000.00,unchanged
abb-avs.json,18,ABB,ACB Accessories,Mechanical interlocks for 2 ACBs in Horizontal position,,,unchanged
abb-avs.json,18,ABB,ACB Accessories,Mechanical interlocks for 3 ACBs in Horizontal position,,,unchanged
abb-avs.json,19,ABB,AX,AX09-30-10,9A,3200.00,unchanged
abb-avs.json,19,ABB,AX,AX12-30-10,12A,3900.00,unchanged
abb-avs.json,19,ABB,AX,AX18-30-10,18A,5400.00,unchanged
abb-avs.json,19,ABB,AX,AX25-30-10,25A,7500.00,unchanged
abb-avs.json,19,ABB,AX,AX32-30-10,32A,10500.00,unchanged
abb-avs.json,19,ABB,AX,AX40-30-10,40A,15500.00,unchanged
abb-avs.json,19,ABB,AX,AX50-30-11,50A,17300.00,unchanged
abb-avs.json,19,ABB,AX,AX65-30-11,65A,22000.00,unchanged
abb-avs.json,19,ABB,AX,AX80-30-11,80A,29000.00,unchanged
abb-avs.json,19,ABB,AF,AF96-30-11,96A,38000.00,unchanged
abb-avs.json,19,ABB,AF,AF116-30-11,110A,42000.00,unchanged
abb-avs.json,19,ABB,AF,AF146-30-11,145A,49000.00,unchanged
abb-avs.json,19,ABB,AF,AF190-30-11,185A,94000.00,unchanged
abb-avs.json,19,ABB,AF,AF205-30-11,210A,113000.00,unchanged
abb-avs.json,19,ABB,AF,AF265-30-11,260A,128000.00,unchanged
abb-avs.json,19,ABB,AF,AF305-30-11,305A,160000.00,unchanged
abb-avs.json,19,ABB,AF,AF370-30-11,400A,190000.00,unchanged
abb-avs.json,19,ABB,AF,AF460-30-11,460A,230000.00,unchanged
abb-avs.json,19,ABB,AF,AF580-30-11,580A,360000.00,unchanged
abb-avs.json,19,ABB,AF,AF750-30-11,750A,950000.00,unchanged
abb-avs.json,20,ABB,AF,AF16-40,30A,14500.00,unchanged
abb-avs.json,20,ABB,AF,AF26-40,45A,18000.00,unchanged
abb-avs.json,20,ABB,AF,AF38-40,55A,25500.00,unchanged
abb-avs.json,20,ABB,AF,AF52-40,100A,48000.00,unchanged
abb-avs.json,20,ABB,AF,AF80-40,125A,54000.00,unchanged
abb-avs.json,20,ABB,AF,AF116-40,160A,160000.00,unchanged
abb-avs.json,20,ABB,AF,AF140-40,200A,183000.00,unchanged
abb-avs.json,20,ABB,AF,AF190-40,275A,260000.00,unchanged
abb-avs.json,20,ABB,AF,AF205-40,350A,310000.00,unchanged
abb-avs.json,20,ABB,AF,AF265-40,400A,410000.00,unchanged
abb-avs.json,20,ABB,AF,AF370-40,525A,538000.00,unchanged
abb-avs.json,20,ABB,EK,EK550-40-11,800A,597000.00,unchanged
abb-avs.json,20,ABB,EK,EK1000-40-11,1000A,685000.00,unchanged
abb-avs.json,21,ABB,Contactor Accessories,CA5X-10,,900.00,unchanged
abb-avs.json,21,ABB,Contactor Accessories,CA5X-01,,900.00,unchanged
abb-avs.json,21,ABB,Contactor Accessories,CAL5X,,2000.00,unchanged
abb-avs.json,21,ABB,Contactor Accessories,CA4-10,,900.00,unchanged
abb-avs.json,21,ABB,Contactor Accessories,CA4-01,,900.00,unchanged
abb-avs.json,21,ABB,Contactor Accessories,CAL4-11,,4000.00,unchanged
abb-avs.json,21,ABB,Contactor Accessories,CAL19-11,,5500.00,unchanged
abb-avs.json,21,ABB,Contactor Accessories,CAL18-01,,5500.00,unchanged
abb-avs.json,21,ABB,Contactor Accessories,VM 5-1,,8500.00,unchanged
abb-avs.json,21,ABB,Contactor Accessories,VE 5-2,,3200.00,unchanged
abb-avs.json,21,ABB,Contactor Accessories,VM 4,,3200.00,unchanged
abb-avs.json,21,ABB,Contactor Accessories,VM 96-4,,8500.00,unchanged
abb-avs.json,21,ABB,Contactor Accessories,VM 19,,20000.00,unchanged
abb-avs.json,21,ABB,Contactor Accessories,VM-750H,,30000.00,unchanged
abb-avs.json,21,ABB,NF Contactor Relays,NF22E,,10000.00,unchanged
abb-avs.json,21,ABB,NF Contactor Relays,NF31E,,10000.00,unchanged
abb-avs.json,21,ABB,NF Contactor Relays,NF40E,,10000.00,unchanged
abb-avs.json,21,ABB,NF Contactor Relays,NF44E,,15000.00,unchanged
abb-avs.json,22,ABB,TA25,TA25,0.63 ... 1.0A,5500.00,unchanged
abb-avs.json,22,ABB,TA25,TA25,1.0 ... 1.4A,5000.00,unchanged
abb-avs.json,22,ABB,TA25,TA25,1.7 ... 2.4 A,5000.00,unchanged
abb-avs.json,22,ABB,TA25,TA25,2.2... 3.10A,5000.00,unchanged
abb-avs.json,22,ABB,TA25,TA25,2.8...4.0A,5000.00,unchanged
abb-avs.json,22,ABB,TA25,TA25,3.5...5.0A,5000.00,unchanged
abb-avs.json,22,ABB,TA25,TA25,4.5...6.5A,5000.00,unchanged
abb-avs.json,22,ABB,TA25,TA25,6.0....10A,5000.00,unchanged
abb-avs.json,22,ABB,TA25,TA25,7.5...11.0A,5000.00,unchanged
abb-avs.json,22,ABB,TA25,TA25,10.0...14.0A,6000.00,unchanged
abb-avs.json,22,ABB,TA25,TA25,13.0...19.0A,6000.00,unchanged
abb-avs.json,22,ABB,TA25,TA25,18.0...25.0A,8000.00,unchanged
abb-avs.json,22,ABB,TA42,TA42,22.0...32.0A,14000.00,unchanged
abb-avs.json,22,ABB,TA42,TA42,29.0...35.0A,15000.00,unchanged
abb-avs.json,22,ABB,TA75,TA75,36.0...52.0A,17000.00,unchanged
abb-avs.json,22,ABB,TA75,TA75,45.0...63.0A,17000.00,unchanged
abb-avs.json,22,ABB,TA75,TA75,60.0...80.0A,24000.00,unchanged
abb-avs.json,22,ABB,TF96,TF96,40.0 ... 51.0A,21000.00,unchanged
abb-avs.json,22,ABB,TF96,TF96,48.0 ... 60.0A,21000.00,unchanged
abb-avs.json,22,ABB,TF96,TF96,65.0 ... 78.0A,24000.00,unchanged
abb-avs.json,22,ABB,TF96,TF96,75.0 ... 87.0A,25000.00,unchanged
abb-avs.json,22,ABB,TF96,TF96,84.0 ... 96.0A,27000.00,unchanged
abb-avs.json,22,ABB,TA 200,TA 200,80.0 ... 110.0A,41000.00,unchanged
abb-avs.json,22,ABB,TA 200,TA 200,100.0 ... 135.0A,43000.00,unchanged
abb-avs.json,22,ABB,TA 200,TA 200,110.0 ... 142.0A,45000.00,unchanged
abb-avs.json,23,ABB,MS 116,MS116-1.0,0.63~1A,9000.00,unchanged
abb-avs.json,23,ABB,MS 116,MS116-1.6,0.1.0~1.6A,9000.00,unchanged
abb-avs.json,23,ABB,MS 116,MS116-2.5,1.6~2.5A,9000.00,unchanged
abb-avs.json,23,ABB,MS 116,MS116-4.0,2.5~4.0A,9000.00,unchanged
abb-avs.json,23,ABB,MS 116,MS116-6.3,4.0~6.3A,9000.00,unchanged
abb-avs.json,23,ABB,MS 116,MS116-10,6.3~10A,11000.00,unchanged
abb-avs.json,23,ABB,MS 116,MS116-12,8.0~12A,11000.00,unchanged
abb-avs.json,23,ABB,MS 116,MS116-16,10~16A,11000.00,unchanged
abb-avs.json,23,ABB,MS 132,MS132-1.0,0.63~1A,12000.00,unchanged
abb-avs.json,23,ABB,MS 132,MS132-1.6,0.1.0~1.6A,12000.00,unchanged
abb-avs.json,23,ABB,MS 132,MS132-2.5,1.6~2.5A,12000.00,unchanged
abb-avs.json,23,ABB,MS 132,MS132-4.0,2.5~4.0A,12000.00,unchanged
abb-avs.json,23,ABB,MS 132,MS132-6.3,4.0~6.3A,12000.00,unchanged
abb-avs.json,23,ABB,MS 132,MS132-10,6.0~9.0A,13000.00,unchanged
abb-avs.json,23,ABB,MS 132,MS132-12,9.0~12.5A,13000.00,unchanged
abb-avs.json,23,ABB,MS 132,MS132-16,12~16A,13000.00,unchanged
abb-avs.json,23,ABB,MS 132,MS132-20,16~20A,15000.00,unchanged
abb-avs.json,23,ABB,MS 132,MS132-25,20~25A,16000.00,unchanged
abb-avs.json,23,ABB,MS 132,MS132-32,25~32A,20000.00,unchanged
abb-avs.json,24,ABB,MS 165,MS165-40,28~40A,33000.00,unchanged
abb-avs.json,24,ABB,MS 165,MS165-50,40~50A,41000.00,unchanged
abb-avs.json,24,ABB,MS 165,MS165-63,45~63A,41000.00,unchanged
abb-avs.json,24,ABB,MPCB Accessories,HK1-11,,1700.00,unchanged
abb-avs.json,24,ABB,MPCB Accessories,HKF1-11,,1700.00,unchanged
abb-avs.json,24,ABB,MPCB Accessories,SK-1,,2400.00,unchanged
abb-avs.json,24,ABB,MPCB Accessories,HK-1,,2100.00,unchanged
abb-avs.json,24,ABB,MPCB Accessories,HKF-11,,2300.00,unchanged
abb-avs.json,24,ABB,MPCB Accessories,SK-11,,3400.00,unchanged
abb-avs.json,24,ABB,MPCB Accessories,HK4-11,,2100.00,unchanged
abb-avs.json,24,ABB,MPCB Accessories,HKS4-11,,2300.00,unchanged
abb-avs.json,25,ABB,Power Capacitors,CAPACITOR 25 KVAR 415/440V,,22000.00,unchanged
abb-avs.json,25,ABB,Power Capacitors,CAPACITOR 12.5 KVAR 415/440V,,16000.00,unchanged
abb-avs.json,25,ABB,Power Capacitors,RVC 12 STAGE POWER FACTOR RELAY,,115000.00,unchanged
abb-avs.json,26,ABB,Control Products - LED Indication Lights 230VCAC,CL2-523R,,1000.00,unchanged
abb-avs.json,26,ABB,Control Products - LED Indication Lights 230VCAC,CL2-523G,,1000.00,unchanged
abb-avs.json,26,ABB,Control Products - LED Indication Lights 230VCAC,CL2-523Y,,1000.00,unchanged
abb-avs.json,26,ABB,Control Products - LED Indication Lights 230VCAC,CL2-523L,,1000.00,unchanged
abb-avs.json,26,ABB,Control Products - LED Indication Lights 230VCAC,CL2-523C,,1000.00,unchanged
abb-avs.json,26,ABB,Control Products - Selector Switch / Push Button,C2SS1-10B-10,,1500.00,unchanged
abb-avs.json,26,ABB,Control Products - Selector Switch / Push Button,C2SS1-10B-11,,1500.00,unchanged
abb-avs.json,26,ABB,Control Products - Selector Switch / Push Button,C3SS1-10B-20,,1850.00,unchanged
abb-avs.json,26,ABB,Control Products - Selector Switch / Push Button,CP1-10B-10,,1100.00,unchanged
abb-avs.json,26,ABB,Control Products - Emergency Push Button,CE4K1-10R-02,,4200.00,unchanged
abb-avs.json,26,ABB,Control Products - Emergency Push Button,CE4K1-10R-11,,4200.00,unchanged
abb-avs.json,26,ABB,Control Products - Emergency Push Button,CE4T-10R-01,,4700.00,unchanged
abb-avs.json,26,ABB,Control Products - Emergency Push Button,CE4T-10R-11,,5600.00,unchanged
abb-avs.json,26,ABB,Control Products - Voltage Monitoring / Measurement rela,CM-PFS.S,,11000.00,unchanged
abb-avs.json,26,ABB,Control Products - Voltage Monitoring / Measurement rela,CM-PVS.41S,,18500.00,unchanged
abb-avs.json,26,ABB,Control Products - Electronic Timing Relays,CT-ERS.125,,15800.00,unchanged
abb-avs.json,26,ABB,Control Products - Electronic Timing Relays,CT-ERE,,8500.00,unchanged
abb-avs.json,26,ABB,Control Products - Electronic Timing Relays,CT-ERS.125,,8500.00,price 15800.00 -> 8500.00
abb-avs.json,26,ABB,Control Products - Electronic Timing Relays,CT-ERS.125,,11000.00,price 8500.00 -> 11000.00
at-electricals.json,2,AT Electricals,RGM,RGM-07E,,48000.00,unchanged
at-electricals.json,2,AT Electricals,RGM,RGM-12S,,55000.00,unchanged
at-electricals.json,3,AT Electricals,RGT,RGT-08,,79500.00,unchanged
at-electricals.json,3,AT Electricals,RGT,RGT-12,,93000.00,unchanged
at-electricals.json,3,AT Electricals,RGT,RGT-MT18,,125000.00,unchanged
at-electricals.json,4,AT Electricals,DJV,DJV-72,,8800.00,unchanged
at-electricals.json,4,AT Electricals,DJV,DJV-96,,8800.00,unchanged
at-electricals.json,4,AT Electricals,DJV,DJV-72S,,13500.00,unchanged
at-electricals.json,4,AT Electricals,DJA,DJA-72,,9000.00,unchanged
at-electricals.json,4,AT Electricals,DJA,DJA-96,,9000.00,unchanged
at-electricals.json,4,AT Electricals,DJV,DJV-96T,,13500.00,unchanged
at-electricals.json,4,AT Electricals,DJA,DJA-96T,,13500.00,unchanged
at-electricals.json,4,AT Electricals,DAV,DAV-72D,,14000.00,unchanged
at-electricals.json,4,AT Electricals,EM,EM-06,,16000.00,unchanged
at-electricals.json,4,AT Electricals,EM,EM-07K,,39500.00,unchanged
at-electricals.json,4,AT Electricals,DJF,DJF-72,,11000.00,unchanged
at-electricals.json,4,AT Electricals,DJF,DJF-96,,11000.00,unchanged
at-electricals.json,5,AT Electricals,GK,GK-04S,,10200.00,unchanged
at-electricals.json,5,AT Electricals,GKT,GKT-03F,,9500.00,unchanged
at-electricals.json,5,AT Electricals,GKT,GKT-03,,9000.00,unchanged
at-electricals.json,5,AT Electricals,GKM,GKM-02F,,9500.00,unchanged
at-electricals.json,6,AT Electricals,GKM,GKM-02,,9000.00,unchanged
at-electricals.json,6,AT Electricals,GKM,GKM-11,,8000.00,unchanged
at-electricals.json,6,AT Electricals,GKE,GKE-40,40A,15000.00,unchanged
at-electricals.json,6,AT Electricals,DGK,DGK-04F,,15000.00,unchanged
at-electricals.json,7,AT Electricals,FKV,FKV-14,,8000.00,unchanged
at-electricals.json,7,AT Electricals,ERV-YU,ERV-YU,,9000.00,unchanged
at-electricals.json,7,AT Electricals,ERV,ERV-08,,9000.00,unchanged
at-electricals.json,7,AT Electricals,TTR,TTR-10,,13500.00,unchanged
at-electricals.json,7,AT Electricals,ERS,ERS-60YR,,6000.00,unchanged
at-electricals.json,7,AT Electricals,VSR,VSR-05,,8500.00,unchanged
at-electricals.json,7,AT Electricals,SSE,SSE-10,,1700.00,unchanged
at-electricals.json,8,AT Electricals,TPM,TPM-01ES,,65000.00,unchanged
at-electricals.json,8,AT Electricals,TPM,TPM-05,,93000.00,unchanged
at-electricals.json,8,AT Electricals,USB-CON,USB-CON,,65000.00,unchanged
at-electricals.json,8,AT Electricals,KON-TER,KON-TER-25,25A,30000.00,unchanged
at-electricals.json,8,AT Electricals,KON-TER,KON-TER-32,32A,37000.00,unchanged
at-electricals.json,8,AT Electricals,KON-TER,KON-TER-50,50A,65000.00,unchanged
at-electricals.json,8,AT Electricals,KON-TER,KON-TER-100,100A,90000.00,unchanged
at-electricals.json,9,AT Electricals,DS,DS-72,,23000.00,unchanged
at-electricals.json,9,AT Electricals,DT,DT-96,,30000.00,unchanged
at-electricals.json,9,AT Electricals,DT,DT-72,,29500.00,unchanged
at-electricals.json,9,AT Electricals,DT,DT-48,,27000.00,unchanged
at-electricals.json,9,AT Electricals,DT-D,DT-D,,31500.00,price 27000.00 -> 31500.00
at-electricals.json,10,AT Electricals,FLT,FLT-3,,8500.00,unchanged
at-electricals.json,10,AT Electricals,FR-GR,FR-GR,,3500.00,price None -> 3500.00
at-electricals.json,10,AT Electricals,ATM,ATM-40,40/5A,5500.00,unchanged
at-electricals.json,10,AT Electricals,ATM,ATM-60,60/5A,5500.00,unchanged
at-electricals.json,10,AT Electricals,AT,AT-100,100/5A,5800.00,unchanged
at-electricals.json,10,AT Electricals,AT,AT-200,200/5A,5800.00,unchanged
at-electricals.json,10,AT Electricals,AT,AT-300,300/5A,6300.00,unchanged
at-electricals.json,10,AT Electricals,AT,AT-400,400/5A,6500.00,unchanged
at-electricals.json,10,AT Electricals,AT,AT-600,600/5A,7000.00,unchanged
at-electricals.json,11,AT Electricals,ZnPS,ZnPS,2.5 KVAR,10000.00,unchanged
at-electricals.json,11,AT Electricals,ZnPS,ZnPS,5 KVAR,14000.00,unchanged
at-electricals.json,11,AT Electricals,ZnPS,ZnPS,7.5 KVAR,19000.00,unchanged
at-electricals.json,11,AT Electricals,ZnPS,ZnPS,12.5 KVAR,24000.00,unchanged
at-electricals.json,11,AT Electricals,ZnPS,ZnPS,25 KVAR,42000.00,unchanged
at-electricals.json,11,AT Electricals,ZNPP,ZNPP,5 KVAR,15000.00,unchanged
at-electricals.json,11,AT Electricals,ZNPP,ZNPP,7.5 KVAR,20500.00,unchanged
at-electricals.json,11,AT Electricals,ZNPP,ZNPP,12.5 KVAR,26500.00,unchanged
at-electricals.json,11,AT Electricals,ZNPP,ZNPP,25 KVAR,44000.00,unchanged
at-electricals.json,11,AT Electricals,ZNPP,ZNPP,50 KVAR,85000.00,unchanged
at-electricals.json,11,AT Electricals,VarKON,VarKON 12-M,,90000.00,unchanged
at-electricals.json,12,AT Electricals,YPT,YPT205032,32A,5500.00,unchanged
at-electricals.json,12,AT Electricals,YPT,YPT205050,50A,6500.00,unchanged
at-electricals.json,12,AT Electricals,YPT,YPT205063,63A,7900.00,unchanged
at-electricals.json,12,AT Electricals,YPT,YPT205080,80A,10000.00,unchanged
at-electricals.json,12,AT Electricals,YPT,YPT205100,100A,17500.00,unchanged
at-electricals.json,12,AT Electricals,YPT,YPT305032,32A,6800.00,unchanged
at-electricals.json,12,AT Electricals,YPT,YPT305050,50A,9300.00,unchanged
at-electricals.json,12,AT Electricals,YPT,YPT305063,63A,10700.00,unchanged
at-electricals.json,12,AT Electricals,YPT,YPT405032,32A,8500.00,unchanged
at-electricals.json,12,AT Electricals,YPT,YPT405050,50A,11000.00,unchanged
at-electricals.json,12,AT Electricals,YPT,YPT405063,63A,12700.00,unchanged
at-electricals.json,12,AT Electricals,YPT,YPT405080,80A,14500.00,unchanged
at-electricals.json,12,AT Electricals,YPT,YPT405100,100A,29000.00,unchanged
at-electricals.json,12,AT Electricals,YPT,YPT405125,125A,34000.00,unchanged
at-electricals.json,12,AT Electricals,YPT,YPT405160,160A,42000.00,unchanged
at-electricals.json,12,AT Electricals,YPT,YPT405200,200A,50000.00,unchanged
at-electricals.json,12,AT Electricals,YPT,YPT405250,250A,58000.00,unchanged
at-electricals.json,12,AT Electricals,YPT,YPT405315,315A,73000.00,unchanged
at-electricals.json,13,AT Electricals,YPT,YPT114032,32A,6200.00,unchanged
at-electricals.json,13,AT Electricals,YPT,YPT114050,50A,7400.00,unchanged
at-electricals.json,13,AT Electricals,YPT,YPT114063,63A,8500.00,unchanged
at-electricals.json,13,AT Electricals,YPT,YPT114080,80A,10500.00,unchanged
at-electricals.json,13,AT Electricals,YPT,YPT114100,100A,19500.00,unchanged
at-electricals.json,13,AT Electricals,YPT,YPT114125,125A,25000.00,unchanged
at-electricals.json,13,AT Electricals,NEUTRAL CUT,N.C,32A,7500.00,unchanged
at-electricals.json,13,AT Electricals,NEUTRAL CUT,N.C,50A,9500.00,unchanged
at-electricals.json,13,AT Electricals,PANEL FAN THERMOSTATES,HOT,,2000.00,unchanged
at-electricals.json,13,AT Electricals,PANEL FAN THERMOSTATES,COLD,,2000.00,unchanged
at-electricals.json,13,AT Electricals,YPT,YPT105010,10A,2200.00,unchanged
at-electricals.json,13,AT Electricals,YPT,YPT3V6M20,16A,2700.00,unchanged
at-electricals.json,13,AT Electricals,YPT,YPT3A2M20,16A,2700.00,unchanged
chint.json,1,CHINT,NXB-63,NXB-63,6A,604.00,unchanged
chint.json,1,CHINT,NXB-63,NXB-63,10A,420.00,unchanged
chint.json,1,CHINT,NXB-63,NXB-63,16A,420.00,unchanged
chint.json,1,CHINT,NXB-63,NXB-63,20A,420.00,unchanged
chint.json,1,CHINT,NXB-63,NXB-63,25A,420.00,unchanged
chint.json,1,CHINT,NXB-63,NXB-63,32A,440.00,unchanged
chint.json,1,CHINT,NXB-63,NXB-63,40A,460.00,unchanged
chint.json,1,CHINT,NXB-63,NXB-63,50A,480.00,unchanged
chint.json,1,CHINT,NXB-63,NXB-63,63A,500.00,unchanged
chint.json,1,CHINT,NXB-63,NXB-63,80A,1106.00,unchanged
chint.json,1,CHINT,NXB-63,NXB-63,100A,1106.00,unchanged
chint.json,1,CHINT,NXB-63,NXB-63,6A,1200.00,price 604.00 -> 1200.00
chint.json,1,CHINT,NXB-63,NXB-63,10A,1000.00,price 420.00 -> 1000.00
chint.json,1,CHINT,NXB-63,NXB-63,16A,830.00,price 420.00 -> 830.00
chint.json,1,CHINT,NXB-63,NXB-63,20A,860.00,price 420.00 -> 860.00
chint.json,1,CHINT,NXB-63,NXB-63,25A,720.00,price 420.00 -> 720.00
chint.json,1,CHINT,NXB-63,NXB-63,32A,936.00,price 440.00 -> 936.00
chint.json,1,CHINT,NXB-63,NXB-63,40A,780.00,price 460.00 -> 780.00
chint.json,1,CHINT,NXB-63,NXB-63,50A,915.00,price 480.00 -> 915.00
chint.json,1,CHINT,NXB-63,NXB-63,63A,1035.00,price 500.00 -> 1035.00
chint.json,1,CHINT,NXB-63,NXB-63,80A,2197.00,price 1106.00 -> 2197.00
chint.json,1,CHINT,NXB-63,NXB-63,100A,2197.00,price 1106.00 -> 2197.00
chint.json,1,CHINT,NXB-63,NXB-63,6A,1645.00,price 1200.00 -> 1645.00
chint.json,1,CHINT,NXB-63,NXB-63,10A,1185.00,price 1000.00 -> 1185.00
chint.json,1,CHINT,NXB-63,NXB-63,16A,1195.00,price 830.00 -> 1195.00
chint.json,1,CHINT,NXB-63,NXB-63,20A,1155.00,price 860.00 -> 1155.00
chint.json,1,CHINT,NXB-63,NXB-63,25A,1072.00,price 720.00 -> 1072.00
chint.json,1,CHINT,NXB-63,NXB-63,32A,1232.00,price 936.00 -> 1232.00
chint.json,1,CHINT,NXB-63,NXB-63,40A,1160.00,price 780.00 -> 1160.00
chint.json,1,CHINT,NXB-63,NXB-63,50A,1400.00,price 915.00 -> 1400.00
chint.json,1,CHINT,NXB-63,NXB-63,63A,1500.00,price 1035.00 -> 1500.00
chint.json,1,CHINT,NXB-63,NXB-63,80A,3239.00,price 2197.00 -> 3239.00
chint.json,1,CHINT,NXB-63,NXB-63,100A,3239.00,price 2197.00 -> 3239.00
chint.json,1,CHINT,NXB-125,NXB-125,80A,4220.00,unchanged
chint.json,1,CHINT,NXB-125,NXB-125,100A,4220.00,unchanged
chint.json,1,CHINT,NXB-125,NXB-125,125A,5388.00,unchanged
chint.json,1,CHINT,NM1/3300,NM1-63S/3300,32A,5828.00,unchanged
chint.json,1,CHINT,NM1/3300,NM1-63S/3300,63A,5828.00,unchanged
chint.json,1,CHINT,NXM/3300,NXM-125S/3300,100A,6700.00,unchanged
chint.json,1,CHINT,NXM/3300,NXM-125S/3300,125A,6718.00,unchanged
chint.json,1,CHINT,NXM/3300,NXM-160S/3300,160A,8918.00,unchanged
chint.json,1,CHINT,NXM/3300,NXM-250S/3300,250A,11600.00,unchanged
chint.json,1,CHINT,NXM/3300,NXM-400S/3300,400A,27100.00,unchanged
chint.json,1,CHINT,NXM/3300,NXM-630S/3300,630A,27215.00,unchanged
chint.json,1,CHINT,NXM/3300,NXM-800S/3300,800A,39884.00,unchanged
chint.json,1,CHINT,NXM/3300,NXM-1000S/3300,1000A,57073.00,unchanged
chint.json,2,CHINT,NXM/4300B,NXM-125S/4300B,32A,10432.00,unchanged
chint.json,2,CHINT,NXM/4300B,NXM-125S/4300B,63A,10432.00,unchanged
chint.json,2,CHINT,NXM/4300B,NXM-125S/4300B,100A,5868.00,unchanged
chint.json,2,CHINT,NXM/4300B,NXM-125S/4300B,125A,8378.00,unchanged
chint.json,2,CHINT,NXM/4300B,NXM-160S/4300B,160A,9394.00,unchanged
chint.json,2,CHINT,NXM/4300B,NXM-250S/4300B,250A,14686.00,unchanged
chint.json,2,CHINT,NXM/4300B,NXM-400S/4300B,400A,28122.00,unchanged
chint.json,2,CHINT,NXM/4300B,NXM-800S/4300B,630A,65930.00,unchanged
chint.json,2,CHINT,NXMLE/4300A,NXMLE-125S/4300A,32A,16058.00,unchanged
chint.json,2,CHINT,NXMLE/4300A,NXMLE-125S/4300A,63A,16058.00,unchanged
chint.json,2,CHINT,NXMLE/4300A,NXMLE-125S/4300A,100A,20458.00,unchanged
chint.json,2,CHINT,NXMLE/4300A,NXMLE-125S/4300A,125A,20568.00,unchanged
chint.json,2,CHINT,NXMLE/4300A,NXMLE-160S/4300A,160A,22892.00,unchanged
chint.json,2,CHINT,NXMLE/4300A,NXMLE-250S/4300A,250A,23600.00,unchanged
chint.json,2,CHINT,NXMLE/4300A,NXMLE-400S/4300A,400A,45654.00,unchanged
chint.json,2,CHINT,NXMLE/4300A,NXMLE-630S/4300A,630A,98128.00,unchanged
chint.json,2,CHINT,NXMLE/4300A,NXMLE-800S/4300A,800A,116188.00,unchanged
chint.json,2,CHINT,NXBLE-63,NXBLE-63,16A,1428.00,unchanged
chint.json,2,CHINT,NXBLE-63,NXBLE-63,20A,1548.00,unchanged
chint.json,2,CHINT,NXBLE-63,NXBLE-63,25A,1438.00,unchanged
chint.json,2,CHINT,NXBLE-63,NXBLE-63,32A,1548.00,unchanged
chint.json,2,CHINT,NXBLE-63,NXBLE-63,40A,1428.00,unchanged
chint.json,2,CHINT,NXBLE-63,NXBLE-63,63A,1428.00,unchanged
chint.json,2,CHINT,NXBLE-63,NXBLE-63,16A,1426.00,price 1428.00 -> 1426.00
chint.json,2,CHINT,NXBLE-63,NXBLE-63,32A,1426.00,price 1548.00 -> 1426.00
chint.json,2,CHINT,NXBLE-63,NXBLE-63,63A,1426.00,price 1428.00 -> 1426.00
chint.json,2,CHINT,NXBLE-63,NXBLE-63,16A,2216.00,price 1426.00 -> 2216.00
chint.json,2,CHINT,NXBLE-63,NXBLE-63,20A,2278.00,price 1548.00 -> 2278.00
chint.json,2,CHINT,NXBLE-63,NXBLE-63,32A,2222.00,price 1426.00 -> 2222.00
chint.json,2,CHINT,NXBLE-63,NXBLE-63,40A,2000.00,price 1428.00 -> 2000.00
chint.json,2,CHINT,NXBLE-63,NXBLE-63,63A,2378.00,price 1426.00 -> 2378.00
chint.json,2,CHINT,NXBLE-63,NXBLE-63,16A,3748.00,price 2216.00 -> 3748.00
chint.json,2,CHINT,NXBLE-63,NXBLE-63,20A,3914.00,price 2278.00 -> 3914.00
chint.json,2,CHINT,NXBLE-63,NXBLE-63,25A,3608.00,price 1438.00 -> 3608.00
chint.json,2,CHINT,NXBLE-63,NXBLE-63,32A,4050.00,price 2222.00 -> 4050.00
chint.json,2,CHINT,NXBLE-63,NXBLE-63,40A,3608.00,price 2000.00 -> 3608.00
chint.json,2,CHINT,NXBLE-63,NXBLE-63,63A,3724.00,price 2378.00 -> 3724.00
chint.json,2,CHINT,NXBLE-63,NXBLE-63,16A,3592.00,price 3748.00 -> 3592.00
chint.json,2,CHINT,NXBLE-63,NXBLE-63,32A,3592.00,price 4050.00 -> 3592.00
chint.json,2,CHINT,NXBLE-63,NXBLE-63,63A,4380.00,price 3724.00 -> 4380.00
chint.json,2,CHINT,NXC,NXC-09,9A,1686.00,unchanged
chint.json,2,CHINT,NXC,NXC-12,12A,1686.00,unchanged
chint.json,2,CHINT,NXC,NXC-18,18A,2000.00,unchanged
chint.json,2,CHINT,NXC,NXC-25,25A,2696.00,unchanged
chint.json,3,CHINT,NXC,NXC-32,32A,3636.00,unchanged
chint.json,3,CHINT,NXC,NXC-40,40A,6770.00,unchanged
chint.json,3,CHINT,NXC,NXC-65,65A,8352.00,unchanged
chint.json,3,CHINT,NXC,NXC-100,100A,13612.00,unchanged
chint.json,3,CHINT,NXC,NXC-09,9A,1686.00,unchanged
chint.json,3,CHINT,NXC,NXC-12,12A,1685.00,price 1686.00 -> 1685.00
chint.json,3,CHINT,NXC,NXC-18,18A,2000.00,unchanged
chint.json,3,CHINT,NXC,NXC-25,25A,2696.00,unchanged
chint.json,3,CHINT,NXC,NXC-32,32A,3636.00,unchanged
chint.json,3,CHINT,NXC,NXC-40,40A,6198.00,price 6770.00 -> 6198.00
chint.json,3,CHINT,NXC,NXC-85,85A,10294.00,unchanged
chint.json,3,CHINT,NXC,NXC-100,100A,14190.00,price 13612.00 -> 14190.00
chint.json,3,CHINT,NXC,NXC-120,120A,,unchanged
chint.json,3,CHINT,NXC,NXC-160,160A,27452.00,unchanged
chint.json,3,CHINT,NXC,NXC-185,185A,27856.00,unchanged
chint.json,3,CHINT,NXR,NXR-25,0.63-1.0A,1673.00,unchanged
chint.json,3,CHINT,NXR,NXR-25,1.0-1.6A,1600.00,unchanged
chint.json,3,CHINT,NXR,NXR-25,1.6-2.5A,1672.00,unchanged
chint.json,3,CHINT,NXR,NXR-25,2.5-4A,1500.00,unchanged
chint.json,3,CHINT,NXR,NXR-25,4-6A,1500.00,unchanged
chint.json,3,CHINT,NXR,NXR-25,7-10A,1648.00,unchanged
chint.json,3,CHINT,NXR,NXR-25,9-13A,1300.00,unchanged
chint.json,3,CHINT,NXR,NXR-25,12-18A,1378.00,unchanged
chint.json,3,CHINT,NXR,NXR-25,17-25A,1378.00,unchanged
chint.json,3,CHINT,NXR,NXR-38,23A-32A,1762.00,unchanged
chint.json,3,CHINT,NXR,NXR-100,63A-80A,3900.00,unchanged
chint.json,3,CHINT,NXR,NXR-100,80A-100A,3900.00,unchanged
chint.json,3,CHINT,NP2,NP2-BA3311,,470.00,unchanged
chint.json,3,CHINT,NP2,NP2-BA4322,,470.00,unchanged
chint.json,3,CHINT,NP2,NP2-BR41,,715.00,unchanged
chint.json,3,CHINT,ND16,ND16-22A/4,,256.00,unchanged
chint.json,3,CHINT,ND16,ND16-22A/4,,256.00,unchanged
chint.json,3,CHINT,6L2,6L2-A,,2546.00,unchanged
chint.json,3,CHINT,6L2,6L2-V,,2546.00,unchanged
chint.json,4,CHINT,HY2,HY2-12,,1400.00,unchanged
chint.json,4,CHINT,HY2,HY2-20,,1400.00,unchanged
chint.json,4,CHINT,NZ7,NZ7-400S/4,250A,205142.00,unchanged
chint.json,4,CHINT,NZ7,NZ7-400S/4,400A,205142.00,unchanged
chint.json,4,CHINT,NZ7,NZ7-630S/4,500A,224112.00,unchanged
chint.json,4,CHINT,NZ7,NZ7-630S/4,630A,224112.00,unchanged
chint.json,4,CHINT,NVF2G,NVF2G-90/TS4,,877144.00,unchanged
chint.json,4,CHINT,NVF2G,NVF2G-132/TS4,,1228642.00,unchanged
chint.json,4,CHINT,NVF2G,NVF2G-3.7/TS4,,71490.00,unchanged
chint.json,4,CHINT,NS2-25,NS2-25,9-14A,4854.00,unchanged
chint.json,4,CHINT,NS2-25,NS2-25,13-18A,4854.00,unchanged
chint.json,4,CHINT,NS2-25,NS2-25,1.6-2.5,5012.00,unchanged
fico.json,3,FICO Hi-Tech,ELC-20S,ELC-20S,30A,600.00,unchanged
fico.json,3,FICO Hi-Tech,ELC-20S,ELC-20S,60A,600.00,unchanged
fico.json,3,FICO Hi-Tech,ELC-30S,ELC-30S,30A,530.00,unchanged
fico.json,3,FICO Hi-Tech,ELC-30S,ELC-30S,50A,530.00,unchanged
fico.json,3,FICO Hi-Tech,ELC-30S,ELC-30S,60A,530.00,unchanged
fico.json,3,FICO Hi-Tech,ELC-30S,ELC-30S,100A,530.00,unchanged
fico.json,3,FICO Hi-Tech,ELC-30S,ELC-30S,150A,530.00,unchanged
fico.json,3,FICO Hi-Tech,ELC-30S,ELC-30S,200A,530.00,unchanged
fico.json,3,FICO Hi-Tech,ELC-30S,ELC-30S,300A,630.00,unchanged
fico.json,3,FICO Hi-Tech,ELC-40S,ELC-40S,30A,550.00,unchanged
fico.json,3,FICO Hi-Tech,ELC-40S,ELC-40S,60A,550.00,unchanged
fico.json,3,FICO Hi-Tech,ELC-40S,ELC-40S,75A,550.00,unchanged
fico.json,3,FICO Hi-Tech,ELC-40S,ELC-40S,100A,550.00,unchanged
fico.json,3,FICO Hi-Tech,ELC-40S,ELC-40S,150A,550.00,unchanged
fico.json,3,FICO Hi-Tech,ELC-40S,ELC-40S,200A,590.00,unchanged
fico.json,3,FICO Hi-Tech,ELC-40S,ELC-40S,250A,590.00,unchanged
fico.json,3,FICO Hi-Tech,ELC-40S,ELC-40S,300A,630.00,unchanged
fico.json,3,FICO Hi-Tech,ELC-40S,ELC-40S,400A,670.00,unchanged
fico.json,3,FICO Hi-Tech,ELC-30,ELC-30,30A,830.00,unchanged
fico.json,3,FICO Hi-Tech,ELC-30,ELC-30,50A,830.00,unchanged
fico.json,3,FICO Hi-Tech,ELC-30,ELC-30,60A,830.00,unchanged
fico.json,3,FICO Hi-Tech,ELC-30,ELC-30,100A,830.00,unchanged
fico.json,3,FICO Hi-Tech,ELC-30,ELC-30,150A,830.00,unchanged
fico.json,3,FICO Hi-Tech,ELC-30,ELC-30,200A,900.00,unchanged
fico.json,3,FICO Hi-Tech,ELC-30,ELC-30,300A,930.00,unchanged
fico.json,3,FICO Hi-Tech,ELC-40,ELC-40,30A,850.00,unchanged
fico.json,3,FICO Hi-Tech,ELC-40,ELC-40,50A,850.00,unchanged
fico.json,3,FICO Hi-Tech,ELC-40,ELC-40,60A,850.00,unchanged
fico.json,3,FICO Hi-Tech,ELC-40,ELC-40,100A,850.00,unchanged
fico.json,3,FICO Hi-Tech,ELC-40,ELC-40,150A,910.00,unchanged
fico.json,3,FICO Hi-Tech,ELC-40,ELC-40,200A,910.00,unchanged
fico.json,3,FICO Hi-Tech,ELC-40,ELC-40,250A,910.00,unchanged
fico.json,3,FICO Hi-Tech,ELC-40,ELC-40,300A,980.00,unchanged
fico.json,3,FICO Hi-Tech,ELC-40,ELC-40,400A,980.00,unchanged
fico.json,3,FICO Hi-Tech,ELC-60,ELC-60,600A,1260.00,unchanged
fico.json,3,FICO Hi-Tech,ELC-60,ELC-60,800A,1360.00,unchanged
fico.json,3,FICO Hi-Tech,ELC-60,ELC-60,1000A,1400.00,unchanged
fico.json,3,FICO Hi-Tech,ELC-60,ELC-60,1200A,1500.00,unchanged
fico.json,3,FICO Hi-Tech,ELC-80,ELC-80,800A,1450.00,unchanged
fico.json,3,FICO Hi-Tech,ELC-80,ELC-80,1000A,1500.00,unchanged
fico.json,3,FICO Hi-Tech,ELC-80,ELC-80,1200A,1700.00,unchanged
fico.json,3,FICO Hi-Tech,ELC-80,ELC-80,1600A,2000.00,unchanged
fico.json,3,FICO Hi-Tech,ELC-100,ELC-100,1000A,1870.00,unchanged
fico.json,3,FICO Hi-Tech,ELC-100,ELC-100,1200A,1990.00,unchanged
fico.json,3,FICO Hi-Tech,ELC-100,ELC-100,1600A,2300.00,unchanged
fico.json,3,FICO Hi-Tech,ELC-100,ELC-100,2000A,2550.00,unchanged
fico.json,3,FICO Hi-Tech,ELC-100,ELC-100,2500A,2850.00,unchanged
fico.json,3,FICO Hi-Tech,ELC-100,ELC-100,3000A,3700.00,unchanged
fico.json,3,FICO Hi-Tech,ELC-100,ELC-100,3200A,3700.00,unchanged
fico.json,3,FICO Hi-Tech,ILC-30,ILC-30,30A,1100.00,unchanged
fico.json,3,FICO Hi-Tech,ILC-30,ILC-30,60A,1100.00,unchanged
fico.json,3,FICO Hi-Tech,ILC-30,ILC-30,100A,1100.00,unchanged
fico.json,3,FICO Hi-Tech,ILC-40,ILC-40,30A,1150.00,unchanged
fico.json,3,FICO Hi-Tech,ILC-40,ILC-40,60A,1150.00,unchanged
fico.json,3,FICO Hi-Tech,ILC-40,ILC-40,100A,1200.00,unchanged
fico.json,3,FICO Hi-Tech,ILC-40,ILC-40,150-200A,1250.00,unchanged
fico.json,3,FICO Hi-Tech,ILC-40,ILC-40,300A,1300.00,unchanged
fico.json,3,FICO Hi-Tech,ILC-40,ILC-40,400A,1300.00,unchanged
fico.json,3,FICO Hi-Tech,ILC-60,ILC-60,100A,1250.00,unchanged
fico.json,3,FICO Hi-Tech,ILC-60,ILC-60,200A,1350.00,unchanged
fico.json,3,FICO Hi-Tech,ILC-60,ILC-60,300A,1400.00,unchanged
fico.json,3,FICO Hi-Tech,ILC-60,ILC-60,400A,1470.00,unchanged
fico.json,3,FICO Hi-Tech,ILC-60,ILC-60,600A,1570.00,unchanged
fico.json,3,FICO Hi-Tech,ILC-60,ILC-60,800A,1600.00,unchanged
fico.json,3,FICO Hi-Tech,ILC-80,ILC-80,200A,1750.00,unchanged
fico.json,3,FICO Hi-Tech,ILC-80,ILC-80,300A,1900.00,unchanged
fico.json,3,FICO Hi-Tech,ILC-80,ILC-80,400A,2050.00,unchanged
fico.json,3,FICO Hi-Tech,ILC-80,ILC-80,600A,2100.00,unchanged
fico.json,3,FICO Hi-Tech,ILC-80,ILC-80,800A,2300.00,unchanged
fico.json,3,FICO Hi-Tech,ILC-80,ILC-80,1000A,2350.00,unchanged
fico.json,3,FICO Hi-Tech,ILC-80,ILC-80,1200A,2450.00,unchanged
fico.json,3,FICO Hi-Tech,ILC-100,ILC-100,1000A,2500.00,unchanged
fico.json,3,FICO Hi-Tech,ILC-100,ILC-100,1200A,2900.00,unchanged
fico.json,3,FICO Hi-Tech,ILC-100,ILC-100,1600A,3250.00,unchanged
fico.json,3,FICO Hi-Tech,ILC-100,ILC-100,2000A,3600.00,unchanged
fico.json,3,FICO Hi-Tech,ILC-100,ILC-100,2500A,4600.00,unchanged
fico.json,3,FICO Hi-Tech,ELC-30 (SECONDARY 1A),ELC-30,30A,1300.00,unchanged
fico.json,3,FICO Hi-Tech,ELC-30 (SECONDARY 1A),ELC-30,60A,1300.00,unchanged
fico.json,3,FICO Hi-Tech,ELC-40 (SECONDARY 1A),ELC-40,300A,1350.00,unchanged
fico.json,3,FICO Hi-Tech,ELC-40 (SECONDARY 1A),ELC-40,400A,1500.00,unchanged
fico.json,3,FICO Hi-Tech,ELC-40 (SECONDARY 1A),ELC-40,600A,1750.00,unchanged
fico.json,3,FICO Hi-Tech,ELC-60 (SECONDARY 1A),ELC-60,800A,1850.00,unchanged
fico.json,3,FICO Hi-Tech,ELC-60 (SECONDARY 1A),ELC-60,1000A,2000.00,unchanged
fico.json,3,FICO Hi-Tech,ELC-60 (SECONDARY 1A),ELC-60,1200A,2200.00,unchanged
fico.json,4,FICO Hi-Tech,RLC-30,RLC-30,30A,1050.00,unchanged
fico.json,4,FICO Hi-Tech,RLC-30,RLC-30,50A,1050.00,unchanged
fico.json,4,FICO Hi-Tech,RLC-30,RLC-30,60A,1050.00,unchanged
fico.json,4,FICO Hi-Tech,RLC-30,RLC-30,100A,1050.00,unchanged
fico.json,4,FICO Hi-Tech,RLC-30,RLC-30,150A,1100.00,unchanged
fico.json,4,FICO Hi-Tech,RLC-30,RLC-30,200A,1150.00,unchanged
fico.json,4,FICO Hi-Tech,RLC-30,RLC-30,250A,1200.00,unchanged
fico.json,4,FICO Hi-Tech,RLC-30,RLC-30,300A,1250.00,unchanged
fico.json,4,FICO Hi-Tech,RLC-50,RLC-50,400A,1250.00,unchanged
fico.json,4,FICO Hi-Tech,RLC-50,RLC-50,500A,1400.00,unchanged
fico.json,4,FICO Hi-Tech,RLC-50,RLC-50,600A,1700.00,unchanged
fico.json,4,FICO Hi-Tech,RLC-65,RLC-65,400A,1600.00,unchanged
fico.json,4,FICO Hi-Tech,RLC-65,RLC-65,500A,1700.00,unchanged
fico.json,4,FICO Hi-Tech,RLC-65,RLC-65,600A,1750.00,unchanged
fico.json,4,FICO Hi-Tech,RLC-65,RLC-65,800A,2100.00,unchanged
fico.json,4,FICO Hi-Tech,RLC-65,RLC-65,1000A,2250.00,unchanged
fico.json,4,FICO Hi-Tech,RLC-65,RLC-65,1200A,2350.00,unchanged
fico.json,4,FICO Hi-Tech,RLC-80,RLC-80,600A,1850.00,unchanged
fico.json,4,FICO Hi-Tech,RLC-80,RLC-80,800A,2250.00,unchanged
fico.json,4,FICO Hi-Tech,RLC-80,RLC-80,1000A,2400.00,unchanged
fico.json,4,FICO Hi-Tech,RLC-80,RLC-80,1200A,2600.00,unchanged
fico.json,4,FICO Hi-Tech,RLC-80,RLC-80,1600A,2950.00,unchanged
fico.json,4,FICO Hi-Tech,RLC-80,RLC-80,2000A,3350.00,unchanged
fico.json,4,FICO Hi-Tech,RLC-125,RLC-125,1200A,3350.00,unchanged
fico.json,4,FICO Hi-Tech,RLC-125,RLC-125,1600A,3550.00,unchanged
fico.json,4,FICO Hi-Tech,RLC-125,RLC-125,2000A,3750.00,unchanged
fico.json,4,FICO Hi-Tech,RLC-125,RLC-125,2500A,4500.00,unchanged
fico.json,4,FICO Hi-Tech,RLC-125,RLC-125,3000A,4800.00,unchanged
fico.json,4,FICO Hi-Tech,RLC-125,RLC-125,3200A,5250.00,unchanged
fico.json,4,FICO Hi-Tech,RLC-125,RLC-125,3500A,5800.00,unchanged
fico.json,4,FICO Hi-Tech,RLC-125,RLC-125,4000A,6350.00,unchanged
fico.json,4,FICO Hi-Tech,SLC-30,SLC-30,30A,900.00,unchanged
fico.json,4,FICO Hi-Tech,SLC-30,SLC-30,50A,900.00,unchanged
fico.json,4,FICO Hi-Tech,SLC-30,SLC-30,60A,900.00,unchanged
fico.json,4,FICO Hi-Tech,SLC-30,SLC-30,100A,900.00,unchanged
fico.json,4,FICO Hi-Tech,SLC-30,SLC-30,150A,900.00,unchanged
fico.json,4,FICO Hi-Tech,SLC-30,SLC-30,200A,950.00,unchanged
fico.json,4,FICO Hi-Tech,SLC-30,SLC-30,250A,1050.00,unchanged
fico.json,4,FICO Hi-Tech,SLC-30,SLC-30,300A,1100.00,unchanged
fico.json,4,FICO Hi-Tech,SLC-40,SLC-40,400A,1200.00,unchanged
fico.json,4,FICO Hi-Tech,SLC-40,SLC-40,500A,1250.00,unchanged
fico.json,4,FICO Hi-Tech,SLC-40,SLC-40,600A,1350.00,unchanged
fico.json,4,FICO Hi-Tech,SLC-50,SLC-50,400A,1200.00,unchanged
fico.json,4,FICO Hi-Tech,SLC-50,SLC-50,500A,1350.00,unchanged
fico.json,4,FICO Hi-Tech,SLC-50,SLC-50,600A,1500.00,unchanged
fico.json,4,FICO Hi-Tech,SLC-50,SLC-50,800A,1600.00,unchanged
fico.json,4,FICO Hi-Tech,SLC-50,SLC-50,1000A,1900.00,unchanged
fico.json,4,FICO Hi-Tech,SLC-50,SLC-50,1200A,2250.00,unchanged
fico.json,4,FICO Hi-Tech,SLC-65,SLC-65,600A,1550.00,unchanged
fico.json,4,FICO Hi-Tech,SLC-65,SLC-65,800A,1700.00,unchanged
fico.json,4,FICO Hi-Tech,SLC-65,SLC-65,1000A,1850.00,unchanged
fico.json,4,FICO Hi-Tech,SLC-65,SLC-65,1200A,2250.00,unchanged
fico.json,4,FICO Hi-Tech,SLC-65,SLC-65,1600A,2450.00,unchanged
fico.json,4,FICO Hi-Tech,SLC-65,SLC-65,2000A,3100.00,unchanged
fico.json,4,FICO Hi-Tech,SLC-100,SLC-100,1200A,3100.00,unchanged
fico.json,4,FICO Hi-Tech,SLC-100,SLC-100,1600A,3300.00,unchanged
fico.json,4,FICO Hi-Tech,SLC-100,SLC-100,2000A,3550.00,unchanged
fico.json,4,FICO Hi-Tech,SLC-125,SLC-125,2500A,4100.00,unchanged
fico.json,4,FICO Hi-Tech,SLC-125,SLC-125,3000A,4200.00,unchanged
fico.json,4,FICO Hi-Tech,SLC-125,SLC-125,3200A,4850.00,unchanged
fico.json,4,FICO Hi-Tech,SLC-125,SLC-125,3500A,5400.00,unchanged
fico.json,4,FICO Hi-Tech,SLC-125,SLC-125,4000A,5900.00,unchanged
fico.json,5,FICO Hi-Tech,SDH-130,SDH-130,3000A,6050.00,unchanged
fico.json,5,FICO Hi-Tech,SDH-130,SDH-130,4000A,7150.00,unchanged
fico.json,5,FICO Hi-Tech,SDH-130,SDH-130,5000A,8500.00,unchanged
fico.json,5,FICO Hi-Tech,SDH-130,SDH-130,6000A,9800.00,unchanged
fico.json,5,FICO Hi-Tech,SDH-150,SDH-150,3000A,7550.00,unchanged
fico.json,5,FICO Hi-Tech,SDH-150,SDH-150,4000A,9050.00,unchanged
fico.json,5,FICO Hi-Tech,SDH-150,SDH-150,5000A,10000.00,unchanged
fico.json,5,FICO Hi-Tech,SDH-150,SDH-150,6000A,10500.00,unchanged
fico.json,5,FICO Hi-Tech,SDH-150,SDH-150,8000A,12000.00,unchanged
fico.json,5,FICO Hi-Tech,SDH-180,SDH-180,3000A,9100.00,unchanged
fico.json,5,FICO Hi-Tech,SDH-180,SDH-180,4000A,10000.00,unchanged
fico.json,5,FICO Hi-Tech,SDH-180,SDH-180,5000A,10500.00,unchanged
fico.json,5,FICO Hi-Tech,SDH-180,SDH-180,6000A,12000.00,unchanged
fico.json,5,FICO Hi-Tech,SDH-180,SDH-180,8000A,12900.00,unchanged
fico.json,5,FICO Hi-Tech,SDH-220,SDH-220,3000A,10000.00,unchanged
fico.json,5,FICO Hi-Tech,SDH-220,SDH-220,4000A,10500.00,unchanged
fico.json,5,FICO Hi-Tech,SDH-220,SDH-220,5000A,12000.00,unchanged
fico.json,5,FICO Hi-Tech,SDH-220,SDH-220,6000A,12900.00,unchanged
fico.json,5,FICO Hi-Tech,SDH-220,SDH-220,8000A,13600.00,unchanged
fico.json,5,FICO Hi-Tech,SDH-265,SDH-265,3000A,10500.00,unchanged
fico.json,5,FICO Hi-Tech,SDH-265,SDH-265,4000A,12000.00,unchanged
fico.json,5,FICO Hi-Tech,SDH-265,SDH-265,5000A,12900.00,unchanged
fico.json,5,FICO Hi-Tech,SDH-265,SDH-265,6000A,13600.00,unchanged
fico.json,5,FICO Hi-Tech,SDH-265,SDH-265,8000A,15000.00,unchanged
fico.json,5,FICO Hi-Tech,TLC-3,TLC-3,400A,1510.00,unchanged
fico.json,5,FICO Hi-Tech,TLC-3,TLC-3,500A,1580.00,unchanged
fico.json,5,FICO Hi-Tech,TLC-3,TLC-3,600A,1720.00,unchanged
fico.json,5,FICO Hi-Tech,TLC-3,TLC-3,800A,1790.00,unchanged
fico.json,5,FICO Hi-Tech,TLC-3,TLC-3,1000A,2060.00,unchanged
fico.json,5,FICO Hi-Tech,TLC-3,TLC-3,1200A,2200.00,unchanged
fico.json,5,FICO Hi-Tech,TLC-3,TLC-3,1600A,2480.00,unchanged
fico.json,5,FICO Hi-Tech,TLC-3,TLC-3,2000A,2960.00,unchanged
fico.json,5,FICO Hi-Tech,TLC-4,TLC-4,400A,1860.00,unchanged
fico.json,5,FICO Hi-Tech,TLC-4,TLC-4,500A,1990.00,unchanged
fico.json,5,FICO Hi-Tech,TLC-4,TLC-4,600A,2060.00,unchanged
fico.json,5,FICO Hi-Tech,TLC-4,TLC-4,800A,2270.00,unchanged
fico.json,5,FICO Hi-Tech,TLC-4,TLC-4,1000A,2470.00,unchanged
fico.json,5,FICO Hi-Tech,TLC-4,TLC-4,1200A,2680.00,unchanged
fico.json,5,FICO Hi-Tech,TLC-4,TLC-4,1600A,2960.00,unchanged
fico.json,5,FICO Hi-Tech,TLC-4,TLC-4,2000A,3500.00,unchanged
fico.json,5,FICO Hi-Tech,TLC-4,TLC-4,2500A,3990.00,unchanged
fico.json,5,FICO Hi-Tech,TLC-5,TLC-5,600A,2750.00,unchanged
fico.json,5,FICO Hi-Tech,TLC-5,TLC-5,800A,2890.00,unchanged
fico.json,5,FICO Hi-Tech,TLC-5,TLC-5,1000A,3090.00,unchanged
fico.json,5,FICO Hi-Tech,TLC-5,TLC-5,1200A,3370.00,unchanged
fico.json,5,FICO Hi-Tech,TLC-5,TLC-5,1500A,3640.00,unchanged
fico.json,5,FICO Hi-Tech,TLC-5,TLC-5,2000A,4190.00,unchanged
fico.json,5,FICO Hi-Tech,TLC-5,TLC-5,2500A,4810.00,unchanged
fico.json,5,FICO Hi-Tech,TLC-5,TLC-5,3000A,5360.00,unchanged
fico.json,5,FICO Hi-Tech,TLC-5,TLC-5,4500A,6530.00,unchanged
fico.json,5,FICO Hi-Tech,TLC-5,TLC-5,5000A,7630.00,unchanged
fico.json,5,FICO Hi-Tech,SCLC-23,SCLC-23,100A,4600.00,unchanged
fico.json,5,FICO Hi-Tech,SCLC-23,SCLC-23,150A,4650.00,unchanged
fico.json,5,FICO Hi-Tech,SCLC-23,SCLC-23,200A,4750.00,unchanged
fico.json,5,FICO Hi-Tech,SCLC-23,SCLC-23,250A,4800.00,unchanged
fico.json,5,FICO Hi-Tech,SCLC-23,SCLC-23,300A,4850.00,unchanged
fico.json,5,FICO Hi-Tech,SCLC-23,SCLC-23,400A,4950.00,unchanged
fico.json,5,FICO Hi-Tech,SCLC-58,SCLC-58,250A,6300.00,unchanged
fico.json,5,FICO Hi-Tech,SCLC-58,SCLC-58,300A,6400.00,unchanged
fico.json,5,FICO Hi-Tech,SCLC-58,SCLC-58,400A,6450.00,unchanged
fico.json,5,FICO Hi-Tech,SCLC-58,SCLC-58,600A,6600.00,unchanged
fico.json,5,FICO Hi-Tech,SCLC-58,SCLC-58,800A,6700.00,unchanged
fico.json,5,FICO Hi-Tech,SCLC-58,SCLC-58,1000A,6850.00,unchanged
fico.json,5,FICO Hi-Tech,SCLC-88,SCLC-88,250A,7150.00,unchanged
fico.json,5,FICO Hi-Tech,SCLC-88,SCLC-88,300A,7250.00,unchanged
fico.json,5,FICO Hi-Tech,SCLC-88,SCLC-88,400A,7400.00,unchanged
fico.json,5,FICO Hi-Tech,SCLC-88,SCLC-88,600A,7550.00,unchanged
fico.json,5,FICO Hi-Tech,SCLC-88,SCLC-88,800A,7700.00,unchanged
fico.json,5,FICO Hi-Tech,SCLC-88,SCLC-88,1000A,7800.00,unchanged
fico.json,5,FICO Hi-Tech,SCLC-812,SCLC-812,600A,9050.00,unchanged
fico.json,5,FICO Hi-Tech,SCLC-812,SCLC-812,800A,9350.00,unchanged
fico.json,5,FICO Hi-Tech,SCLC-812,SCLC-812,1000A,9550.00,unchanged
fico.json,5,FICO Hi-Tech,SCLC-812,SCLC-812,1200A,9800.00,unchanged
fico.json,5,FICO Hi-Tech,SCLC-812,SCLC-812,1600A,10150.00,unchanged
fico.json,5,FICO Hi-Tech,SCLC-816,SCLC-816,1000A,15400.00,unchanged
fico.json,5,FICO Hi-Tech,SCLC-816,SCLC-816,2000A,16350.00,unchanged
fico.json,5,FICO Hi-Tech,SCLC-816,SCLC-816,2500A,17050.00,unchanged
fico.json,5,FICO Hi-Tech,SCLC-816,SCLC-816,3000A,17600.00,unchanged
fico.json,5,FICO Hi-Tech,SCLC-816,SCLC-816,4000A,18700.00,unchanged
fico.json,5,FICO Hi-Tech,SCLC-816,SCLC-816,5000A,19900.00,unchanged
fico.json,5,FICO Hi-Tech,SCLC-816,SCLC-816,6000A,21000.00,unchanged
fico.json,5,FICO Hi-Tech,SCLC-820,SCLC-820,1000A,17050.00,unchanged
fico.json,5,FICO Hi-Tech,SCLC-820,SCLC-820,2000A,18150.00,unchanged
fico.json,5,FICO Hi-Tech,SCLC-820,SCLC-820,2500A,19050.00,unchanged
fico.json,5,FICO Hi-Tech,SCLC-820,SCLC-820,3000A,19500.00,unchanged
fico.json,5,FICO Hi-Tech,SCLC-820,SCLC-820,4000A,20700.00,unchanged
fico.json,5,FICO Hi-Tech,SCLC-820,SCLC-820,5000A,22200.00,unchanged
fico.json,5,FICO Hi-Tech,SCLC-820,SCLC-820,6000A,23250.00,unchanged
fico.json,5,FICO Hi-Tech,WOUND TYPE CT,5/5A,5A,3200.00,unchanged
fico.json,5,FICO Hi-Tech,WOUND TYPE CT,100/5A,100A,3600.00,unchanged
fico.json,5,FICO Hi-Tech,WOUND TYPE CT,150/5A,150A,3750.00,unchanged
fico.json,5,FICO Hi-Tech,WOUND TYPE CT,200/5A,200A,3900.00,unchanged
fico.json,5,FICO Hi-Tech,WOUND TYPE CT,300/5A,300A,4100.00,unchanged
fico.json,6,FICO Hi-Tech,WSB-30,WSB-30,100A,4950.00,unchanged
fico.json,6,FICO Hi-Tech,WSB-50,WSB-50,150A,4600.00,unchanged
fico.json,6,FICO Hi-Tech,WSB-50,WSB-50,200A,4500.00,unchanged
fico.json,6,FICO Hi-Tech,WSB-50,WSB-50,300A,4150.00,unchanged
fico.json,6,FICO Hi-Tech,WSB-65,WSB-65,400A,3740.00,unchanged
fico.json,6,FICO Hi-Tech,WSB-75,WSB-75,600A,3300.00,unchanged
fico.json,6,FICO Hi-Tech,WSB-75,WSB-75,800A,3300.00,unchanged
fico.json,6,FICO Hi-Tech,WSB-75,WSB-75,1000A,3650.00,unchanged
fico.json,6,FICO Hi-Tech,SLC-40,SLC-40,100A,2900.00,unchanged
fico.json,6,FICO Hi-Tech,SLC-40,SLC-40,200A,2600.00,unchanged
fico.json,6,FICO Hi-Tech,SLC 65,SLC 65,300A,2600.00,unchanged
fico.json,6,FICO Hi-Tech,SLC 65,SLC 65,400A,2800.00,unchanged
fico.json,6,FICO Hi-Tech,SLC 65,SLC 65,600A,3000.00,unchanged
fico.json,6,FICO Hi-Tech,SLC 65,SLC 65,800A,3300.00,unchanged
fico.json,6,FICO Hi-Tech,SLC 65,SLC 65,1000A,4100.00,unchanged
fico.json,6,FICO Hi-Tech,SLC 125-k,SLC 125-k,1200A,6000.00,unchanged
fico.json,6,FICO Hi-Tech,SLC 125-k,SLC 125-k,2400A,7050.00,unchanged
fico.json,6,FICO Hi-Tech,MLC 30,MLC 30,100A,9800.00,unchanged
fico.json,6,FICO Hi-Tech,MLC 30,MLC 30,200A,9800.00,unchanged
fico.json,6,FICO Hi-Tech,MLC 30,MLC 30,300A,10700.00,unchanged
fico.json,6,FICO Hi-Tech,MLC 30,MLC 30,400A,10700.00,unchanged
fico.json,6,FICO Hi-Tech,MLC 60,MLC 60,100-300A,11600.00,unchanged
fico.json,6,FICO Hi-Tech,MLC 60,MLC 60,400A,12500.00,unchanged
fico.json,6,FICO Hi-Tech,MLC 60,MLC 60,600A,13400.00,unchanged
fico.json,6,FICO Hi-Tech,MLC 60,MLC 60,800A,13850.00,unchanged
fico.json,6,FICO Hi-Tech,MLC 50X125,MLC 50X125,1000A,14300.00,unchanged
fico.json,6,FICO Hi-Tech,MLC 50X125,MLC 50X125,2000A,15150.00,unchanged
fico.json,6,FICO Hi-Tech,MLC 50X125,MLC 50X125,3000A,16050.00,unchanged
fico.json,6,FICO Hi-Tech,MLC 50X125,MLC 50X125,4000A,17850.00,unchanged
fico.json,6,FICO Hi-Tech,MLC 50X125,MLC 50X125,5000-6000A,19650.00,unchanged
fico.json,6,FICO Hi-Tech,MLC 75X125,MLC 75X125,1000A,14300.00,unchanged
fico.json,6,FICO Hi-Tech,MLC 75X125,MLC 75X125,2000A,15150.00,unchanged
fico.json,6,FICO Hi-Tech,MLC 75X125,MLC 75X125,3000A,16050.00,unchanged
fico.json,6,FICO Hi-Tech,MLC 75X125,MLC 75X125,4000A,17850.00,unchanged
fico.json,6,FICO Hi-Tech,MLC 75X125,MLC 75X125,5000-6000A,19650.00,unchanged
fico.json,6,FICO Hi-Tech,MLC 100X125,MLC 100X125,1000A,14300.00,unchanged
fico.json,6,FICO Hi-Tech,MLC 100X125,MLC 100X125,2000A,15150.00,unchanged
fico.json,6,FICO Hi-Tech,MLC 100X125,MLC 100X125,3000A,16050.00,unchanged
fico.json,6,FICO Hi-Tech,MLC 100X125,MLC 100X125,4000A,17850.00,unchanged
fico.json,6,FICO Hi-Tech,MLC 100X125,MLC 100X125,5000-6000A,19650.00,unchanged
fico.json,7,FICO Hi-Tech,FIL,FIL-22,,60.00,unchanged
fico.json,7,FICO Hi-Tech,FIL,FIL-30,,120.00,unchanged
fico.json,7,FICO Hi-Tech,FPB,FPB-22,,95.00,unchanged
fico.json,7,FICO Hi-Tech,FPB,FPB-22,,95.00,unchanged
fico.json,7,FICO Hi-Tech,FPB,FPB-22,,110.00,price 95.00 -> 110.00
fico.json,7,FICO Hi-Tech,FPB,FPBG-B-NO,,95.00,unchanged
fico.json,7,FICO Hi-Tech,FPB,FPBG-B-NOC,,125.00,unchanged
fico.json,7,FICO Hi-Tech,FPB,FPBR-B-NC,,95.00,unchanged
fico.json,7,FICO Hi-Tech,FPB,FPBR-B-NOC,,125.00,unchanged
fico.json,7,FICO Hi-Tech,FPB,FPBGS-NO/NC,,115.00,unchanged
fico.json,7,FICO Hi-Tech,FPB,FPBRS-NO/NC,,115.00,unchanged
fico.json,7,FICO Hi-Tech,FPB,FPBRS-NOC,,135.00,unchanged
fico.json,7,FICO Hi-Tech,FPB,FPBGS-NOC,,135.00,unchanged
fico.json,7,FICO Hi-Tech,FPB,FPBGR-NOC,,270.00,unchanged
fico.json,7,FICO Hi-Tech,FPB,FPB-LH,,185.00,unchanged
fico.json,7,FICO Hi-Tech,FPB,FPB-KL,,290.00,unchanged
fico.json,7,FICO Hi-Tech,FMHB,FMHB-TR,,180.00,unchanged
fico.json,7,FICO Hi-Tech,FMHB,FMHB-KL,,290.00,unchanged
fico.json,8,FICO Hi-Tech,FAM,FAM-96A,,750.00,unchanged
fico.json,8,FICO Hi-Tech,FAM,FAM-72A,,670.00,unchanged
fico.json,8,FICO Hi-Tech,FAM,FAM-48A,,700.00,unchanged
fico.json,8,FICO Hi-Tech,ANALOGUE VOLTMETER,ANALOGUE VOLTMETER,,750.00,unchanged
fico.json,8,FICO Hi-Tech,POWER FACTOR METER,POWER FACTOR METER,,2270.00,unchanged
fico.json,8,FICO Hi-Tech,HERTZ METER,HERTZ METER,,1590.00,unchanged
fico.json,8,FICO Hi-Tech,RPM METER,RPM METER,,1510.00,unchanged
fico.json,8,FICO Hi-Tech,WATT METER,WATT METER,,4080.00,unchanged
fico.json,8,FICO Hi-Tech,HZ + RPM METER,HZ + RPM METER,,1590.00,unchanged
fico.json,8,FICO Hi-Tech,FS26,FS26-20,,935.00,unchanged
fico.json,8,FICO Hi-Tech,FS26,FS26-20,,935.00,unchanged
fico.json,8,FICO Hi-Tech,FS26,FS26-20,,750.00,price 935.00 -> 750.00
fico.json,8,FICO Hi-Tech,F26,F26-20,,1180.00,unchanged
fico.json,9,FICO Hi-Tech,FS26 CHANGE OVER SWITCHES,FS26-16,16A,630.00,unchanged
fico.json,9,FICO Hi-Tech,FS26 CHANGE OVER SWITCHES,FS26-16,16A,960.00,price 630.00 -> 960.00
fico.json,9,FICO Hi-Tech,FS26 CHANGE OVER SWITCHES,FS26-32,32A,1510.00,unchanged
fico.json,9,FICO Hi-Tech,FS26 CHANGE OVER SWITCHES,FS26-32,32A,1510.00,unchanged
fico.json,9,FICO Hi-Tech,FS26 CHANGE OVER SWITCHES,FS26-63,63A,2570.00,unchanged
fico.json,9,FICO Hi-Tech,FS26 CHANGE OVER SWITCHES,FS26-63,63A,3020.00,price 2570.00 -> 3020.00
fico.json,9,FICO Hi-Tech,FS26 PHASE SELECTOR SWITCHES,FS26-32,32A,2270.00,unchanged
fico.json,9,FICO Hi-Tech,FS26 PHASE SELECTOR SWITCHES,FS26-16,32A,2270.00,unchanged
fico.json,9,FICO Hi-Tech,FS30 SERIES ROTARY SWITCHES,FS30-40,,3025.00,unchanged
fico.json,9,FICO Hi-Tech,FS30 SERIES ROTARY SWITCHES,FS30-80,,4530.00,unchanged
fico.json,9,FICO Hi-Tech,FDM DIGITAL AC AMMETER,FDM 96A,10-9995A,1500.00,unchanged
fico.json,9,FICO Hi-Tech,FDM DIGITAL AC AMMETER,FDM 96B-A,10-9995A,2110.00,unchanged
fico.json,9,FICO Hi-Tech,FDM DIGITAL AC AMMETER,FDM 48A,10-9995A,2110.00,unchanged
fico.json,9,FICO Hi-Tech,FDM DIGITAL AC AMMETER,FDM 72A,10-9995A,1510.00,unchanged
fico.json,9,FICO Hi-Tech,FDM DIGITAL AC AMMETER,FDM 96 3A,10-9995A,3780.00,unchanged
fico.json,9,FICO Hi-Tech,FDM DIGITAL AC VOLTMETER,FDM 96V,,1500.00,unchanged
fico.json,9,FICO Hi-Tech,FDM DIGITAL AC VOLTMETER,FDM 96B-V,,2110.00,unchanged
fico.json,9,FICO Hi-Tech,FDM DIGITAL AC VOLTMETER,FDM 48V,,2110.00,unchanged
fico.json,9,FICO Hi-Tech,FDM DIGITAL AC VOLTMETER,FDM 72V,,1500.00,unchanged
fico.json,9,FICO Hi-Tech,FDM DIGITAL AC VOLTMETER,FDM 96 3V,,3780.00,unchanged
fico.json,10,FICO Hi-Tech,FDM DIGITAL FREQUENCY METER,FDM 96F,,1690.00,unchanged
fico.json,10,FICO Hi-Tech,FDM DIGITAL FREQUENCY METER,FDM 72F,,1690.00,unchanged
fico.json,10,FICO Hi-Tech,FDM DIGITAL FREQUENCY METER,FDM-80A,,890.00,unchanged
fico.json,10,FICO Hi-Tech,FDM DIGITAL FREQUENCY METER,FDM-60A,,890.00,unchanged
fico.json,10,FICO Hi-Tech,FDM DIGITAL FREQUENCY METER,FDM-80V,,540.00,unchanged
fico.json,10,FICO Hi-Tech,FDM DIGITAL FREQUENCY METER,FDM-60A,,540.00,price 890.00 -> 540.00
fico.json,10,FICO Hi-Tech,FDM DIGITAL WATT METER,FDM-W,,5150.00,unchanged
fico.json,10,FICO Hi-Tech,FDM DIGITAL DIN RAIL TYPE METER,FDM-DRT,,1900.00,unchanged
fico.json,11,FICO Hi-Tech,FDM DIGITAL VA METER,FDM-VA,,1600.00,unchanged
fico.json,11,FICO Hi-Tech,FDM DIGITAL VAF METER,FDM-VAF,,3780.00,unchanged
fico.json,11,FICO Hi-Tech,FDM DIGITAL POWER ANALYSER,FDM-PA,,8300.00,unchanged
fico.json,11,FICO Hi-Tech,FDM DIGITAL POWER ANALYSER,FDM-PA,,9800.00,price 8300.00 -> 9800.00
fico.json,12,FICO Hi-Tech,D FUSE Fitting,FUSE CUTOUT (SINGLE INSULATOR) WAPDA APPROVED,,5500.00,unchanged
fico.json,12,FICO Hi-Tech,D FUSE Fitting,FUSE CUTOUT (DOUBLE INSULATOR) OLD DESIGN,,6500.00,unchanged
fico.json,12,FICO Hi-Tech,D FUSE Fitting,DISCONNECTOR SWITCH,,15000.00,unchanged
fico.json,12,FICO Hi-Tech,D FUSE Fitting,DROPOUT CUT OUT (SINGLE ROD),,1350.00,unchanged
fico.json,12,FICO Hi-Tech,D FUSE Fitting,DROOPOUT CUTOUT (DOUBLE ROD),,1650.00,unchanged
fico.json,12,FICO Hi-Tech,FUSE LINK (11 KV),1K,1K,250.00,unchanged
fico.json,12,FICO Hi-Tech,FUSE LINK (11 KV),3K,3K,250.00,unchanged
fico.json,12,FICO Hi-Tech,FUSE LINK (11 KV),6K,6K,250.00,unchanged
fico.json,12,FICO Hi-Tech,FUSE LINK (11 KV),10K,10K,250.00,unchanged
fico.json,12,FICO Hi-Tech,FUSE LINK (11 KV),15K,15K,250.00,unchanged
fico.json,12,FICO Hi-Tech,FUSE LINK (11 KV),30K,30K,270.00,unchanged
fico.json,12,FICO Hi-Tech,FUSE LINK (11 KV),40K,40K,270.00,unchanged
fico.json,12,FICO Hi-Tech,FUSE LINK (11 KV),50K,50K,350.00,unchanged
fico.json,12,FICO Hi-Tech,FUSE LINK (11 KV),60K,60K,400.00,unchanged
fico.json,12,FICO Hi-Tech,FUSE LINK (11 KV),80K,80K,1500.00,unchanged
fico.json,12,FICO Hi-Tech,FUSE LINK (11 KV),100K,100K,1500.00,unchanged
fico.json,12,FICO Hi-Tech,FUSE LINK (11 KV),150K,150K,1500.00,unchanged
fico.json,12,FICO Hi-Tech,FUSE LINK (11 KV),160K,160K,1500.00,unchanged
fico.json,12,FICO Hi-Tech,FUSE LINK (11 KV),200K,200K,1500.00,unchanged
fico.json,13,FICO Hi-Tech,Main Switch,30 Amp Main Switch,30A,2930.00,unchanged
fico.json,13,FICO Hi-Tech,Main Switch,60 Amp Main Switch,60A,3860.00,unchanged
fico.json,13,FICO Hi-Tech,Main Switch,100 Amp (TPN) Main Switch,100A,9360.00,unchanged
fico.json,13,FICO Hi-Tech,Turn HRC Main Switch,100 Amp Turn HRC Main Switch,100A,14040.00,unchanged
fico.json,13,FICO Hi-Tech,Turn HRC Main Switch,200 Amp Turn HRC Main Switch,200A,19890.00,unchanged
fico.json,13,FICO Hi-Tech,Turn HRC Main Switch,300 Amp Turn HRC Main Switch,300A,22230.00,unchanged
fico.json,13,FICO Hi-Tech,Turn HRC Main Switch,400 Amp Turn HRC Main Switch,400A,37440.00,unchanged
fico.json,13,FICO Hi-Tech,Turn HRC Main Switch,500 Amp Turn HRC Main Switch,500A,41886.00,unchanged
fico.json,13,FICO Hi-Tech,Turn HRC Main Switch,600 Amp Turn HRC Main Switch,600A,50900.00,unchanged
fico.json,13,FICO Hi-Tech,Change Over (Wall Mounted),43 Amp Change Over (Wall Mounted),43A,1700.00,unchanged
fico.json,13,FICO Hi-Tech,Change Over (Wall Mounted),63 Amp Change Over (Wall Mounted),63A,2870.00,unchanged
fico.json,13,FICO Hi-Tech,Change Over (Wall Mounted),30 Amp Change Over (Wall Mounted),30A,4680.00,unchanged
fico.json,13,FICO Hi-Tech,Change Over (Wall Mounted),60 Amp Change Over (Wall Mounted),60A,6560.00,unchanged
fico.json,13,FICO Hi-Tech,Change Over (Wall Mounted),100 Amp Change Over (Wall Mounted),100A,10300.00,unchanged
fico.json,13,FICO Hi-Tech,Change Over (Wall Mounted),200 Amp Change Over (Wall Mounted),200A,20240.00,unchanged
fico.json,13,FICO Hi-Tech,Change Over (Wall Mounted),300 Amp Change Over (Wall Mounted),300A,23400.00,unchanged
fico.json,13,FICO Hi-Tech,Change Over (Wall Mounted),400 Amp Change Over (Wall Mounted),400A,39550.00,unchanged
fico.json,13,FICO Hi-Tech,Change Over (Wall Mounted),500 Amp Change Over (Wall Mounted),500A,45400.00,unchanged
fico.json,13,FICO Hi-Tech,Change Over (Wall Mounted),600 Amp Change Over (Wall Mounted),600A,70200.00,unchanged
fico.json,13,FICO Hi-Tech,Change Over (Wall Mounted),800 Amp Change Over (Wall Mounted),800A,118400.00,unchanged
fico.json,13,FICO Hi-Tech,Change Over (Wall Mounted),1000 Amp Change Over (Wall Mounted),1000A,141800.00,unchanged
fico.json,13,FICO Hi-Tech,Change Over (Floor Mounted),500 Amp Change Over (Floor Mounted),500A,118400.00,unchanged
fico.json,13,FICO Hi-Tech,Change Over (Floor Mounted),600 Amp Change Over (Floor Mounted),600A,155410.00,unchanged
fico.json,13,FICO Hi-Tech,Change Over (Floor Mounted),800 Amp Change Over (Floor Mounted),800A,207210.00,unchanged
fico.json,13,FICO Hi-Tech,Change Over (Floor Mounted),1000 Amp Change Over (Floor Mounted),1000A,224700.00,unchanged
fico.json,13,FICO Hi-Tech,Change Over (Floor Mounted),1200 Amp Change Over (Floor Mounted),1200A,281620.00,unchanged
fico.json,13,FICO Hi-Tech,Change Over (Floor Mounted),1600 Amp Change Over (Floor Mounted),1600A,322920.00,unchanged
fico.json,13,FICO Hi-Tech,Change Over (Floor Mounted),2000 Amp Change Over (Floor Mounted),2000A,387770.00,unchanged
fico.json,13,FICO Hi-Tech,Change Over (Floor Mounted),2500 Amp Change Over (Floor Mounted),2500A,414410.00,unchanged
himel.json,7,Himel,HDB3w,HDB3wL1C,1/2/50/63A,750.00,unchanged
himel.json,7,Himel,HDB3w,HDB3wL1C,6/10/16/20/25/32/40A,700.00,unchanged
himel.json,7,Himel,HDB3w,HDB3wL2C,6/10/16/20/32/40A,1380.00,unchanged
himel.json,7,Himel,HDB3w,HDB3wL2C,50/63A,1440.00,unchanged
himel.json,7,Himel,HDB3w,HDB3wL3C,6/10/16/25/32/40A,2000.00,unchanged
himel.json,7,Himel,HDB3w,HDB3wL3C,50/63A,2180.00,unchanged
himel.json,7,Himel,HDB3w,HDB3wN1C,1/2/50/63A,870.00,unchanged
himel.json,7,Himel,HDB3w,HDB3wN1C,6/10/16/20/25/32/40A,750.00,unchanged
himel.json,7,Himel,HDB3w,HDB3wN2C,6/10/16/20/32/40A,1550.00,unchanged
himel.json,7,Himel,HDB3w,HDB3wN2C,50/63A,1720.00,unchanged
himel.json,7,Himel,HDB3w,HDB3wN3C,6/10/16/20/25/32/40A,2300.00,unchanged
himel.json,7,Himel,HDB3w,HDB3wN3C,50/63A,2530.00,unchanged
himel.json,8,Himel,HDB3w,HDB3wN4C16,16A,3800.00,unchanged
himel.json,8,Himel,HDB3w,HDB3wN4C20,20A,3800.00,unchanged
himel.json,8,Himel,HDB3w,HDB3wN4C25,25A,3800.00,unchanged
himel.json,8,Himel,HDB3w,HDB3wN4C32,32A,3800.00,unchanged
himel.json,8,Himel,HDB3w,HDB3wN4C40,40A,3800.00,unchanged
himel.json,8,Himel,HDB3w,HDB3wN4C50,50A,4020.00,unchanged
himel.json,8,Himel,HDB3w,HDB3wN4C63,63A,4020.00,unchanged
himel.json,8,Himel,HD3w - 125,HDB3w125H3C80,80A,5750.00,unchanged
himel.json,8,Himel,HD3w - 125,HDB3w125H3C100,100A,5750.00,unchanged
himel.json,8,Himel,HD3w - 125,HDB3w125H3C125,125A,5750.00,unchanged
himel.json,8,Himel,HD3w - 125,HDB3w125H4C80,80A,7470.00,unchanged
himel.json,8,Himel,HD3w - 125,HDB3w125H4C100,100A,7470.00,unchanged
himel.json,8,Himel,HD3w - 125,HDB3w125H4C125,125A,7470.00,unchanged
himel.json,8,Himel,HDB3w accessories,OF,,690.00,unchanged
himel.json,8,Himel,HDB3w accessories,SD,,920.00,unchanged
himel.json,8,Himel,HDB3w accessories,MX + OF,,1610.00,unchanged
himel.json,9,Himel,HDB6VR / HDB3VR,HDB6VR225SC/TC,25A,5060.00,unchanged
himel.json,9,Himel,HDB6VR / HDB3VR,HDB6VR240SC/TC,40A,5060.00,unchanged
himel.json,9,Himel,HDB6VR / HDB3VR,HDB6VR263SC/TC,63A,5520.00,unchanged
himel.json,9,Himel,HDB6VR / HDB3VR,HDB6VR440SC/TC,40A,7530.00,unchanged
himel.json,9,Himel,HDB6VR / HDB3VR,HDB6VR463SC/TC,63A,7820.00,unchanged
himel.json,9,Himel,HDB6VR / HDB3VR,HDB6VR4100TC,100A,10690.00,unchanged
himel.json,9,Himel,HDY1/HDY3,HDY3201P275,,4420.00,unchanged
himel.json,9,Himel,HDY1/HDY3,HDY3406275,,11840.00,unchanged
himel.json,9,Himel,HDY1/HDY3,HDY1202275,,9430.00,unchanged
himel.json,9,Himel,HDY1/HDY3,HDY1402275,,11840.00,unchanged
himel.json,9,Himel,HDY1/HDY3,HDY1404420,,27600.00,unchanged
himel.json,9,Himel,HDY1/HDY3,HDY1604420,,37600.00,unchanged
himel.json,9,Himel,HDY1/HDY3,HDY1804420,,56350.00,unchanged
himel.json,11,Himel,HDM3,HDM3100S1633XX,16A,7470.00,unchanged
himel.json,11,Himel,HDM3,HDM3100S2033XX,20A,7470.00,unchanged
himel.json,11,Himel,HDM3,HDM3100S3233XX,32A,7870.00,unchanged
himel.json,11,Himel,HDM3,HDM3100S4033XX,40A,7870.00,unchanged
himel.json,11,Himel,HDM3,HDM3100S5033XX,50A,7870.00,unchanged
himel.json,11,Himel,HDM3,HDM3100S6333XX,63A,8510.00,unchanged
himel.json,11,Himel,HDM3,HDM3100S8033XX,80A,8510.00,unchanged
himel.json,11,Himel,HDM3,HDM3100S10033XX,100A,8510.00,unchanged
himel.json,11,Himel,HDM3,HDM3160S12533XX,125A,12300.00,unchanged
himel.json,11,Himel,HDM3,HDM3160S16033XX,160A,14370.00,unchanged
himel.json,11,Himel,HDM3,HDM3250S20033XX,200A,15640.00,unchanged
himel.json,11,Himel,HDM3,HDM3250S25033XX,250A,15640.00,unchanged
himel.json,11,Himel,HDM3,HDM3400F31533XX,315A,35000.00,unchanged
himel.json,11,Himel,HDM3,HDM3400F40033XX,400A,35000.00,unchanged
himel.json,11,Himel,HDM3,HDM3630F50033XX,500A,52670.00,unchanged
himel.json,11,Himel,HDM3,HDM3630F63033XX,630A,52670.00,unchanged
himel.json,11,Himel,HDM3,HDM3800F80033XX,800A,75300.00,unchanged
himel.json,11,Himel,HDM3,HDM31250N100033XX,1000A,212750.00,unchanged
himel.json,11,Himel,HDM3,HDM31250N125033XX,1250A,212750.00,unchanged
himel.json,11,Himel,HDM3,HDM3100S63B3XX,63A,10700.00,unchanged
himel.json,11,Himel,HDM3,HDM3100S100B3XX,100A,10700.00,unchanged
himel.json,11,Himel,HDM3,HDM3250S200B3XX,200A,18800.00,unchanged
himel.json,11,Himel,HDM3,HDM3250S250B3XX,250A,18800.00,unchanged
himel.json,11,Himel,HDM3,HDM3400F400B3XX,400A,42550.00,unchanged
himel.json,11,Himel,HDM3,HDM3630F630B3XX,630A,69000.00,unchanged
himel.json,11,Himel,HDM3,HDM3800F800B3XX,800A,106500.00,unchanged
himel.json,12,Himel,HDM3 accessories,HDM3100S,,2760.00,unchanged
himel.json,12,Himel,HDM3 accessories,HDM3S160,,2760.00,unchanged
himel.json,12,Himel,HDM3 accessories,HDM3S250,,2990.00,unchanged
himel.json,12,Himel,HDM3 accessories,HDM3S400,,3330.00,unchanged
himel.json,12,Himel,HDM3 accessories,HDM3S630,,3790.00,unchanged
himel.json,12,Himel,HDM3 accessories,HDM6S800,,4020.00,unchanged
himel.json,12,Himel,HDM3 accessories,HDM3S1250,,,unchanged
himel.json,12,Himel,HDM3 accessories,HDM3100S,,5060.00,price 2760.00 -> 5060.00
himel.json,12,Himel,HDM3 accessories,HDM3S160,,5630.00,price 2760.00 -> 5630.00
himel.json,12,Himel,HDM3 accessories,HDM3S250,,6900.00,price 2990.00 -> 6900.00
himel.json,12,Himel,HDM3 accessories,HDM3S400,,8510.00,price 3330.00 -> 8510.00
himel.json,12,Himel,HDM3 accessories,HDM3S630,,9030.00,price 3790.00 -> 9030.00
himel.json,12,Himel,HDM3 accessories,HDM6S800,,17590.00,price 4020.00 -> 17590.00
himel.json,12,Himel,HDM3 accessories,HDM3S1250,,,unchanged
himel.json,12,Himel,HDM3 accessories,HDM3100S,,5060.00,unchanged
himel.json,12,Himel,HDM3 accessories,HDM3S160,,5060.00,price 5630.00 -> 5060.00
himel.json,12,Himel,HDM3 accessories,HDM3S250,,5630.00,price 6900.00 -> 5630.00
himel.json,12,Himel,HDM3 accessories,HDM3S400,,8160.00,price 8510.00 -> 8160.00
himel.json,12,Himel,HDM3 accessories,HDM3S630,,8160.00,price 9030.00 -> 8160.00
himel.json,12,Himel,HDM3 accessories,HDM6S800,,16960.00,price 17590.00 -> 16960.00
himel.json,12,Himel,HDM3 accessories,HDM3S1250,,,unchanged
himel.json,12,Himel,HDM3 accessories,HDM3S400,,50140.00,price 8160.00 -> 50140.00
himel.json,12,Himel,HDM3 accessories,HDM3S630,,56350.00,price 8160.00 -> 56350.00
himel.json,12,Himel,HDM3 accessories,HDM6S800,,69000.00,price 16960.00 -> 69000.00
himel.json,12,Himel,HDM3 accessories,HDM3S1250,,,unchanged
himel.json,12,Himel,HDM6,HDM6s100T01633,16A,17600.00,unchanged
himel.json,12,Himel,HDM6,HDM6s100T02533,25A,17600.00,unchanged
himel.json,12,Himel,HDM6,HDM6s100T04033,40A,17600.00,unchanged
himel.json,12,Himel,HDM6,HDM6s100T06333,63A,17600.00,unchanged
himel.json,12,Himel,HDM6,HDM6S100T10033,100A,17600.00,unchanged
himel.json,12,Himel,HDM6,HDM6S250T12533,125A,28750.00,unchanged
himel.json,12,Himel,HDM6,HDM6S250T16033,160A,28750.00,unchanged
himel.json,12,Himel,HDM6,HDM6S250T20033,200A,28750.00,unchanged
himel.json,12,Himel,HDM6,HDM6S250T25033,250A,28750.00,unchanged
himel.json,12,Himel,HDM6,HDM6S400T40033,400A,47730.00,unchanged
himel.json,12,Himel,HDM6,HDM6S630T63033,630A,81480.00,unchanged
himel.json,13,Himel,HDM3E,HDM3E250,250A,56350.00,unchanged
himel.json,13,Himel,HDM3E,HDM3E400,400A,73000.00,unchanged
himel.json,13,Himel,HDM3E,HDM3E800,800A,118450.00,unchanged
himel.json,13,Himel,HDM6 accessories,HDM6S063,,2760.00,unchanged
himel.json,13,Himel,HDM6 accessories,HDM6S100,,2760.00,unchanged
himel.json,13,Himel,HDM6 accessories,HDM6S250,,2990.00,unchanged
himel.json,13,Himel,HDM6 accessories,HDM6S400,,3330.00,unchanged
himel.json,13,Himel,HDM6 accessories,HDM6S630,,3790.00,unchanged
himel.json,13,Himel,HDM6 accessories,HDM6S800,,4020.00,unchanged
himel.json,13,Himel,HDM6 accessories,HDM6S063,,5060.00,price 2760.00 -> 5060.00
himel.json,13,Himel,HDM6 accessories,HDM6S100,,5630.00,price 2760.00 -> 5630.00
himel.json,13,Himel,HDM6 accessories,HDM6S250,,6900.00,price 2990.00 -> 6900.00
himel.json,13,Himel,HDM6 accessories,HDM6S400,,8510.00,price 3330.00 -> 8510.00
himel.json,13,Himel,HDM6 accessories,HDM6S630,,9030.00,price 3790.00 -> 9030.00
himel.json,13,Himel,HDM6 accessories,HDM6S800,,17590.00,price 4020.00 -> 17590.00
himel.json,13,Himel,HDM6 accessories,HDM6S063,,5060.00,unchanged
himel.json,13,Himel,HDM6 accessories,HDM6S100,,5060.00,price 5630.00 -> 5060.00
himel.json,13,Himel,HDM6 accessories,HDM6S250,,5630.00,price 6900.00 -> 5630.00
himel.json,13,Himel,HDM6 accessories,HDM6S400,,8160.00,price 8510.00 -> 8160.00
himel.json,13,Himel,HDM6 accessories,HDM6S630,,8160.00,price 9030.00 -> 8160.00
himel.json,13,Himel,HDM6 accessories,HDM6S800,,16960.00,price 17590.00 -> 16960.00
himel.json,13,Himel,HDM6 accessories,HDM6S400,,50140.00,price 8160.00 -> 50140.00
himel.json,13,Himel,HDM6 accessories,HDM6S630,,56350.00,price 8160.00 -> 56350.00
himel.json,13,Himel,HDM6 accessories,HDM6S800,,69000.00,price 16960.00 -> 69000.00
himel.json,14,Himel,HDW3,HDW316S083FHM,800A,276000.00,unchanged
himel.json,14,Himel,HDW3,HDW316S103FHM,1000A,350750.00,unchanged
himel.json,14,Himel,HDW3,HDW320S123FHM,1250A,376000.00,unchanged
himel.json,14,Himel,HDW3,HDW320S163FHM,1600A,463450.00,unchanged
himel.json,14,Himel,HDW3,HDW320S203FHM,2000A,501400.00,unchanged
himel.json,14,Himel,HDW3,HDW332S253FHM,2500A,657800.00,unchanged
himel.json,14,Himel,HDW3,HDW332S323FHM,3200A,752100.00,unchanged
himel.json,14,Himel,HDW3,HDW340S403DHM (D/O),4000A,,unchanged
himel.json,14,Himel,HDW3,HDW363S503DHM (D/O),5000A,,unchanged
himel.json,14,Himel,HDW3,HDW363S633DHM (D/O),6300A,,unchanged
himel.json,14,Himel,HDW3 accessories,MN2A,,22650.00,unchanged
himel.json,14,Himel,HDW3 accessories,MX/XF2A,,17600.00,unchanged
himel.json,14,Himel,HDW3 accessories,MNR2A,,18860.00,unchanged
himel.json,14,Himel,HDW3 accessories,MCH102A,,81530.00,unchanged
himel.json,14,Himel,HDW3 accessories,MCH202A,,81530.00,unchanged
himel.json,14,Himel,HDW3 accessories,MCH322A,,81530.00,unchanged
himel.json,16,Himel,HDC3/HDC6,HDC3 09 11M,9A,2240.00,unchanged
himel.json,16,Himel,HDC3/HDC6,HDC3 12 11M,12A,2400.00,unchanged
himel.json,16,Himel,HDC3/HDC6,HDC3 18 11M,18A,2990.00,unchanged
himel.json,16,Himel,HDC3/HDC6,HDC3 25 11M,25A,4250.00,unchanged
himel.json,16,Himel,HDC3/HDC6,HDC3 32 11M,32A,5630.00,unchanged
himel.json,16,Himel,HDC3/HDC6,HDC3 40 11M,40A,7470.00,unchanged
himel.json,16,Himel,HDC3/HDC6,HDC3 50 11M,50A,9430.00,unchanged
himel.json,16,Himel,HDC3/HDC6,HDC3 65 11M,65A,10000.00,unchanged
himel.json,16,Himel,HDC3/HDC6,HDC3 80 11M,80A,11840.00,unchanged
himel.json,16,Himel,HDC3/HDC6,HDC3 95 11M,95A,14380.00,unchanged
himel.json,16,Himel,HDC3/HDC6,HDC6 115 00M,115A,36340.00,unchanged
himel.json,16,Himel,HDC3/HDC6,HDC6 150 00M,150A,42550.00,unchanged
himel.json,16,Himel,HDC3/HDC6,HDC6 185 00M,185A,50140.00,unchanged
himel.json,16,Himel,HDC3/HDC6,HDC6 225 00M,225A,56350.00,unchanged
himel.json,16,Himel,HDC3/HDC6,HDC6 265 00M,265A,72700.00,unchanged
himel.json,16,Himel,HDC3/HDC6,HDC6 400 00M,400A,81480.00,unchanged
himel.json,16,Himel,HDC3/HDC6,HDC6 500 00M,500A,125350.00,unchanged
himel.json,16,Himel,HDC3/HDC6,HDC6 630 00M,630A,200560.00,unchanged
himel.json,17,Himel,HJX2,HJX22504M,25A,6320.00,unchanged
himel.json,17,Himel,HJX2,HJX24004M,40A,14950.00,unchanged
himel.json,17,Himel,HJX2,HJX26504M,65A,19430.00,unchanged
himel.json,17,Himel,HJX2,HJX28004M,80A,31340.00,unchanged
himel.json,17,Himel,HJX2,HJX29504M,95A,31340.00,unchanged
himel.json,17,Himel,HJX2,HJX2F1154M,115A,56350.00,unchanged
himel.json,17,Himel,HJX2,HJX2F1504M,150A,62670.00,unchanged
himel.json,17,Himel,HJX2,HJX2F1854M,185A,75210.00,unchanged
himel.json,17,Himel,HJX2,HJX2F2254M,225A,77740.00,unchanged
himel.json,17,Himel,HJX2,HJX2F3304M,330A,150420.00,unchanged
himel.json,17,Himel,HJX2,HJX2F4004M,400A,169050.00,unchanged
himel.json,17,Himel,HJX2,HJX2F5004M,500A,225630.00,unchanged
himel.json,17,Himel,HJX2,HJX2F6304M,630A,313370.00,unchanged
himel.json,17,Himel,HF4/HF6,HF4 02,,870.00,unchanged
himel.json,17,Himel,HF4/HF6,HF4 11,,870.00,unchanged
himel.json,17,Himel,HF4/HF6,HF4 22,,1260.00,unchanged
himel.json,17,Himel,HF4/HF6,HF6 02,,1260.00,unchanged
himel.json,17,Himel,HF4/HF6,HF6 11,,1260.00,unchanged
himel.json,17,Himel,HF4/HF6,HF6 20,,1260.00,unchanged
himel.json,18,Himel,HFR6/HX,HFR6 ~ 32 H,,1260.00,unchanged
himel.json,18,Himel,HFR6/HX,HFR6 ~ 95 H,,1720.00,unchanged
himel.json,18,Himel,HFR6/HX,HFR 6FFH,,4020.00,unchanged
himel.json,18,Himel,HFR6/HX,HFR 6GGH,,4480.00,unchanged
himel.json,18,Himel,HFR6/HX,HFR 6HHH,,6270.00,unchanged
himel.json,18,Himel,HFR6/HX,HFR 6KKH,,7000.00,unchanged
himel.json,18,Himel,HFR6/HX,HFR6 LL H,,10000.00,unchanged
himel.json,18,Himel,HFR6/HX,HX318,,1260.00,unchanged
himel.json,18,Himel,HFR6/HX,HX332,,1500.00,unchanged
himel.json,18,Himel,HFR6/HX,HX365,,1840.00,unchanged
himel.json,18,Himel,HFR6/HX,HX395,,2760.00,unchanged
himel.json,18,Himel,HFR6/HX,HX6150,,10000.00,unchanged
himel.json,18,Himel,HFR6/HX,HX6185-265,,12650.00,unchanged
himel.json,18,Himel,HFR6/HX,HX6330,,22540.00,unchanged
himel.json,18,Himel,HFR6/HX,HX6400,,25070.00,unchanged
himel.json,18,Himel,HFR6/HX,HX6500,,25070.00,unchanged
himel.json,18,Himel,HFR6/HX,HX6630,,30130.00,unchanged
himel.json,18,Himel,HFT6,HFT6-20,,3100.00,unchanged
himel.json,18,Himel,HFT6,HFT6-22,,3100.00,unchanged
himel.json,18,Himel,HFT6,HFT6-24,,3100.00,unchanged
himel.json,18,Himel,HFT6,HFT6-30,,3100.00,unchanged
himel.json,18,Himel,HFT6,HFT6-32,,3100.00,unchanged
himel.json,18,Himel,HFT6,HFT6-34,,3100.00,unchanged
himel.json,19,Himel,HDCH8P,HDCH8P20211,20A,1900.00,unchanged
himel.json,19,Himel,HDCH8P,HDCH8P40211,40A,3560.00,unchanged
himel.json,19,Himel,HDCH8P,HDCH8P20422,20A,3220.00,unchanged
himel.json,19,Himel,HDCH8P,HDCH8P25422,25A,3450.00,unchanged
himel.json,20,Himel,HDR3/HDR6,HDR3251,0.63~1 A,2760.00,unchanged
himel.json,20,Himel,HDR3/HDR6,HDR3251P6,1 ~1.6 A,2760.00,unchanged
himel.json,20,Himel,HDR3/HDR6,HDR3252P5,1.6 ~2.5 A,2760.00,unchanged
himel.json,20,Himel,HDR3/HDR6,HDR3254,2.5 ~4 A,2760.00,unchanged
himel.json,20,Himel,HDR3/HDR6,HDR3256,4 ~ 6 A,2760.00,unchanged
himel.json,20,Himel,HDR3/HDR6,HDR3258,5.5 ~ 8 A,2760.00,unchanged
himel.json,20,Himel,HDR3/HDR6,HDR32510,7 ~ 10 A,2760.00,unchanged
himel.json,20,Himel,HDR3/HDR6,HDR32513,9 ~ 13 A,2760.00,unchanged
himel.json,20,Himel,HDR3/HDR6,HDR32518,12 ~ 18 A,2760.00,unchanged
himel.json,20,Himel,HDR3/HDR6,HDR32525,17 ~ 25 A,2760.00,unchanged
himel.json,20,Himel,HDR3/HDR6,HDR33632,23 ~ 32 A,3500.00,unchanged
himel.json,20,Himel,HDR3/HDR6,HDR33640,30 ~ 40 A,4020.00,unchanged
himel.json,20,Himel,HDR3/HDR6,HDR39332,23~ 32 A,4020.00,unchanged
himel.json,20,Himel,HDR3/HDR6,HDR39340,30 ~ 40 A,6320.00,unchanged
himel.json,20,Himel,HDR3/HDR6,HDR39350,37 ~ 50 A,6320.00,unchanged
himel.json,20,Himel,HDR3/HDR6,HDR39365,48 ~ 65 A,6320.00,unchanged
himel.json,20,Himel,HDR3/HDR6,HDR39370,55~70 A,6320.00,unchanged
himel.json,20,Himel,HDR3/HDR6,HDR39380,63 ~ 80 A,6320.00,unchanged
himel.json,20,Himel,HDR3/HDR6,HDR39393,80 ~ 93 A,6320.00,unchanged
himel.json,20,Himel,HDR3/HDR6,HDR6185115,90 ~ 115 A,18800.00,unchanged
himel.json,20,Himel,HDR3/HDR6,HDR6185150,120 ~ 150 A,18800.00,unchanged
himel.json,20,Himel,HDR3/HDR6,HDR6185185,150 ~ 185 A,18800.00,unchanged
himel.json,20,Himel,HDR3/HDR6,HDR6630200,145 ~ 200 A,18800.00,unchanged
himel.json,20,Himel,HDR3/HDR6,HDR6630320,230 ~ 320 A,28750.00,unchanged
himel.json,20,Himel,HDR3/HDR6,HDR6630400F,290 ~ 400 A,31340.00,unchanged
himel.json,20,Himel,HDR3/HDR6,HDR618J,,630.00,unchanged
himel.json,20,Himel,HDR3/HDR6,HDR632J,,630.00,unchanged
himel.json,20,Himel,HDR3/HDR6,HDR695J,,1260.00,unchanged
himel.json,21,Himel,HDP6,HDP6 32 P63,0.4-0.63A,7760.00,unchanged
himel.json,21,Himel,HDP6,HDP6 32 1,0.63-1A,7760.00,unchanged
himel.json,21,Himel,HDP6,HDP6 32 1P6,1-1.6A,7760.00,unchanged
himel.json,21,Himel,HDP6,HDP6 32 2P5,1.6-2.5A,7760.00,unchanged
himel.json,21,Himel,HDP6,HDP6 32 4,2.5-4A,7760.00,unchanged
himel.json,21,Himel,HDP6,HDP6 32 6P3,4-6.3A,7760.00,unchanged
himel.json,21,Himel,HDP6,HDP6 32 10,6-10A,7760.00,unchanged
himel.json,21,Himel,HDP6,HDP6 32 14,9-14A,7760.00,unchanged
himel.json,21,Himel,HDP6,HDP6 32 18,13-18A,8740.00,unchanged
himel.json,21,Himel,HDP6,HDP6 32 23,17-23A,8740.00,unchanged
himel.json,21,Himel,HDP6,HDP6 32 25,20-25A,8740.00,unchanged
himel.json,21,Himel,HDP6,HDP6 32 32,24-32A,12650.00,unchanged
himel.json,21,Himel,HDP6 accessories,HAE11,,1260.00,unchanged
himel.json,21,Himel,HDP6 accessories,HAN11,,1900.00,unchanged
himel.json,21,Himel,HDP6 accessories,HAN20,,1900.00,unchanged
himel.json,21,Himel,HDP6 accessories,HDP632MC,,2000.00,unchanged
himel.json,22,Himel,HDS2/ HDS3,HDS213B1P6M5,1 - 1.6A,9430.00,unchanged
himel.json,22,Himel,HDS2/ HDS3,HDS213B2P5M5,1.6 - 2.5A,9430.00,unchanged
himel.json,22,Himel,HDS2/ HDS3,HDS213B04M5,2.5 - 4A,9430.00,unchanged
himel.json,22,Himel,HDS2/ HDS3,HDS213B06M5,4 - 6A,9430.00,unchanged
himel.json,22,Himel,HDS2/ HDS3,HDS213B08M5,5.5 - 8A,9430.00,unchanged
himel.json,22,Himel,HDS2/ HDS3,HDS213B10M5,7 - 10A,9430.00,unchanged
himel.json,22,Himel,HDS2/ HDS3,HDS213B13M5,9 - 13A,9430.00,unchanged
himel.json,22,Himel,HDS2/ HDS3,HDS225B18M5,12 - 18A,10700.00,unchanged
himel.json,22,Himel,HDS2/ HDS3,HDS225B25M7,17 - 25A,11900.00,unchanged
himel.json,22,Himel,HDZ8P/ HDZ9,HDZ8P052LBZ1,,980.00,unchanged
himel.json,22,Himel,HDZ8P/ HDZ9,HDZ9052LM,,980.00,unchanged
himel.json,22,Himel,HDZ8P/ HDZ9,HPYF08A,,690.00,unchanged
himel.json,22,Himel,HDZ8P/ HDZ9,HDZ8P054LB1,,920.00,unchanged
himel.json,22,Himel,HDZ8P/ HDZ9,HDZ8P054LM1,,920.00,unchanged
himel.json,22,Himel,HDZ8P/ HDZ9,HDZ8PPYF14A,,690.00,unchanged
himel.json,22,Himel,HDZ8P/ HDZ9,HDZ8P053M1,,920.00,unchanged
himel.json,22,Himel,HDZ8P/ HDZ9,HDZ8PPYF11AXXKH,,690.00,unchanged
himel.json,23,Himel,HXJ9,HXJ9380,,6320.00,unchanged
himel.json,23,Himel,HXJ9,HXJ9400,,6320.00,unchanged
himel.json,23,Himel,HDRT8,HDRT810B,,3800.00,unchanged
himel.json,23,Himel,HDRT8,HDRT8120B,,3800.00,unchanged
himel.json,23,Himel,HDRT8,HDRT8480B,,3800.00,unchanged
himel.json,23,Himel,HDRT8,HDRT8480A,,3800.00,unchanged
himel.json,23,Himel,HJSZ3,HJSZ3AC240,,2760.00,unchanged
himel.json,23,Himel,HJSZ3,HTP28XEDZ,,440.00,unchanged
himel.json,25,Himel,HBSM,HBSM00415000753D,,6900.00,unchanged
himel.json,25,Himel,HBSM,HBSM00415001203D,,10000.00,unchanged
himel.json,25,Himel,HBSM,HBSM00415002503D,,20000.00,unchanged
himel.json,25,Himel,HBSM,HBSM00415005003Q,,42550.00,unchanged
himel.json,26,Himel,HJKL,HJKL5CQ6S,,27600.00,unchanged
himel.json,26,Himel,HJKL,HJKL5CQ12S,,35650.00,unchanged
himel.json,28,Himel,HAV,HAVBA4T0007G,,62680.00,unchanged
himel.json,28,Himel,HAV,HAVBA4T0015G,,69000.00,unchanged
himel.json,28,Himel,HAV,HAVBA4T0022G,,81400.00,unchanged
himel.json,28,Himel,HAV,HAVBA4T0040G,,125350.00,unchanged
himel.json,28,Himel,HAV,HAVBA4T0055G,,169050.00,unchanged
himel.json,28,Himel,HAV,HAVXS4T0055G0075P,,187450.00,unchanged
himel.json,28,Himel,HAV,HAVXS4T0075G0110P,,250700.00,unchanged
himel.json,28,Himel,HAV,HAVXS4T0110G0150P,,313375.00,unchanged
himel.json,28,Himel,HAV,HAVXS4T0150G0185P,,363500.00,unchanged
himel.json,28,Himel,HAV,HAVXS4T0185G0220P,,426190.00,unchanged
himel.json,29,Himel,H96TA,H96TA30,30/5A,1900.00,unchanged
himel.json,29,Himel,H96TA,H96TA50,50/5A,1900.00,unchanged
himel.json,29,Himel,H96TA,H96TA75,75/5A,1900.00,unchanged
himel.json,29,Himel,H96TA,H96TA100,100/5A,1900.00,unchanged
himel.json,29,Himel,H96TA,H96TA150,150/5A,1900.00,unchanged
himel.json,29,Himel,H96TA,H96TA200,200/5A,2300.00,unchanged
himel.json,29,Himel,H96TA,H96TA250,250/5A,2300.00,unchanged
himel.json,29,Himel,H96TA,H96TA300,300/5A,2300.00,unchanged
himel.json,29,Himel,H96TA,H96TA400,400/5A,2300.00,unchanged
himel.json,29,Himel,H96TA,H96TA600,600/5A,2300.00,unchanged
himel.json,29,Himel,H96TA,H96TA800,800/5A,2300.00,unchanged
himel.json,29,Himel,H96TA,H96TA1000,1000/5A,2300.00,unchanged
himel.json,29,Himel,H96TA,H96TA1600,1600/5A,2300.00,unchanged
himel.json,29,Himel,H96TA,H96TA5000,5000/5A,2300.00,unchanged
himel.json,29,Himel,H96TV,H96TV500,,2300.00,unchanged
himel.json,29,Himel,H96TV,H96TV300,,2300.00,unchanged
himel.json,29,Himel,H96THZ,H96THZ01200,,3100.00,unchanged
himel.json,29,Himel,HPAL,HPAL48X1250,,7480.00,unchanged
himel.json,29,Himel,HPAL,HPAL48X15,,7480.00,unchanged
himel.json,29,Himel,HPAL,HPAL96X1250,,7480.00,unchanged
himel.json,29,Himel,HPAL,HPAL96X15,,7480.00,unchanged
himel.json,30,Himel,HPZL,HPZL48X1500,,7480.00,unchanged
himel.json,30,Himel,HPZL,HPZL96X1500,,7480.00,unchanged
himel.json,30,Himel,HPPL,HPPL48X1,,7480.00,unchanged
himel.json,30,Himel,HPPL,HPPL96X1,,7480.00,unchanged
himel.json,30,Himel,HLMK,HLMKP63030,30/5,2000.00,unchanged
himel.json,30,Himel,HLMK,HLMKP65030,50/5,2000.00,unchanged
himel.json,30,Himel,HLMK,HLMKP67530,75/5,2530.00,unchanged
himel.json,30,Himel,HLMK,HLMKP610030,100/5,2530.00,unchanged
himel.json,30,Himel,HLMK,HLMKP615030,150/5,2530.00,unchanged
himel.json,30,Himel,HLMK,HLMKP620040,200/5,2530.00,unchanged
himel.json,30,Himel,HLMK,HLMKP630040,300/5,2530.00,unchanged
himel.json,30,Himel,HLMK,HLMKP640050,400/5,3500.00,unchanged
himel.json,30,Himel,HLMK,HLMKP660080,600/5,4780.00,unchanged
himel.json,30,Himel,HLMK,HLMKP680080,800/5,5290.00,unchanged
himel.json,30,Himel,HLMK,HLMKP61000100,1000/5,5640.00,unchanged
himel.json,30,Himel,HLMK,HLMKP61200100,1200/5,5640.00,unchanged
himel.json,30,Himel,HLMK,HLMKP61500100,1500/5,6440.00,unchanged
himel.json,30,Himel,HLMK,HLMKP62000100,2000/5,7530.00,unchanged
himel.json,30,Himel,HLMK,HLMKP62500100,2500/5,8160.00,unchanged
himel.json,30,Himel,HLMK,HLMKP63000100,3000/5,8160.00,unchanged
himel.json,30,Himel,HLMK,HLMKP64000120,4000/5,14950.00,unchanged
himel.json,30,Himel,HLMK,HLMK65000120,5000/5,17540.00,unchanged
himel.json,31,Himel,HLAY7,HLAY5EA42,,520.00,unchanged
himel.json,31,Himel,HLAY7,HLAY5EA31,,520.00,unchanged
himel.json,31,Himel,HLAY7,HLAY5EW33M1L,,1260.00,unchanged
himel.json,31,Himel,HLAY7,HLAY5EW34M2L,,1260.00,unchanged
himel.json,31,Himel,HLAY7,HLAY5BE101,,180.00,unchanged
himel.json,31,Himel,HLAY7,HLAY5BE102,,180.00,unchanged
himel.json,31,Himel,HLAY7,HLAY5ES645,,800.00,unchanged
himel.json,31,Himel,HLAY7,HLAY5ED21,,630.00,unchanged
himel.json,31,Himel,HLAY7,HLAY5ED33,,630.00,unchanged
himel.json,32,Himel,HLD11,HLD1122D41M3,,520.00,unchanged
himel.json,32,Himel,HLD11,HLD1122D41M4,,520.00,unchanged
himel.json,32,Himel,HLD11,HLD1122D41M5,,520.00,unchanged
himel.json,32,Himel,HLD11,HLD1122D41M8,,520.00,unchanged
himel.json,32,Himel,HLD11,HLD1122D21B3,,520.00,unchanged
himel.json,32,Himel,HLD11,HLD1122D21B4,,520.00,unchanged
himel.json,32,Himel,HLD11,HLD1122D21B5,,520.00,unchanged
himel.json,32,Himel,HLD11,HLD1122D21B8,,520.00,unchanged
himel.json,32,Himel,HLD11,HLD1122D21B3,,520.00,unchanged
himel.json,32,Himel,HLD11,HLD1122D21B4,,520.00,unchanged
himel.json,32,Himel,HLD11,HLD1122D21B5,,520.00,unchanged
himel.json,32,Himel,HLD11,HLD1122D21B8,,520.00,unchanged
himel.json,33,Himel,HRT16,HRT160032,10/16/25/32A,750.00,unchanged
himel.json,33,Himel,HRT16,HRT160063,63A,1150.00,unchanged
himel.json,33,Himel,HRT16,HRT1600125,100/125A,1260.00,unchanged
himel.json,33,Himel,HRT16,HRT1600160,160A,1500.00,unchanged
himel.json,33,Himel,HRT16,HRT161250,250A,1900.00,unchanged
himel.json,33,Himel,HRT16,HRT162315,315A,2300.00,unchanged
himel.json,33,Himel,HRT16,HRT162400,400A,2760.00,unchanged
himel.json,33,Himel,HRT16,HRT163500,500A,3100.00,unchanged
himel.json,33,Himel,HRT16,HRT163630,630A,3450.00,unchanged
himel.json,33,Himel,HRT16 Base (Resin),HRT1600ZS,160A,1030.00,unchanged
himel.json,33,Himel,HRT16 Base (Resin),HRT161ZS,250A,2530.00,unchanged
himel.json,33,Himel,HRT16 Base (Resin),HRT162ZS,400A,4830.00,unchanged
himel.json,33,Himel,HRT16 Base (Resin),HRT163ZS,630A,5750.00,unchanged
himel.json,33,Himel,HRT18,HRT1810382,2A,80.00,unchanged
himel.json,33,Himel,HRT18,HRT1810384,4A,80.00,unchanged
himel.json,33,Himel,HRT18,HRT18103810,10A,80.00,unchanged
himel.json,34,Himel,HRT18 Fuse Holder,HRT1832ZXB,32A,460.00,unchanged
himel.json,34,Himel,HRT18 Fuse Holder,HRT1832Z,32A,400.00,unchanged
himel.json,34,Himel,HDPZ50,HDPZ50PM6NF,,1260.00,unchanged
himel.json,34,Himel,HDPZ50,HDPZ50PM12NF,,1950.00,unchanged
himel.json,34,Himel,HDPZ50,HDPZ50PR18IP30F,,2990.00,unchanged
himel.json,34,Himel,HDPZ50,HDPZ50PR24IP30F,,4830.00,unchanged
himel.json,34,Himel,HDPZ50,HDPZ50M8,,2650.00,unchanged
himel.json,34,Himel,HDPZ50,HDPZ50M12,,3220.00,unchanged
himel.json,34,Himel,HDPZ50,HDPZ50M16,,3800.00,unchanged
himel.json,34,Himel,HDPZ50,HDPZ50R16,,3900.00,unchanged
himel.json,34,Himel,HDPZ50,HDPZ50R24,,6320.00,unchanged
himel.json,35,Himel,Prime Series,HWDYLK1,10A,230.00,unchanged
himel.json,35,Himel,Prime Series,HWDYLK2,10A,340.00,unchanged
himel.json,35,Himel,Prime Series,HWDYL2K1,10A,460.00,unchanged
himel.json,35,Himel,Prime Series,HWDYL3K1,10A,690.00,unchanged
himel.json,35,Himel,Prime Series,HWDYL4K1,10A,920.00,unchanged
himel.json,35,Himel,Prime Series,HWDY245K1,20A,1200.00,unchanged
himel.json,35,Himel,Prime Series,HWDYLKB,,535.00,unchanged
himel.json,35,Himel,Prime Series,HWDYLB,,170.00,unchanged
himel.json,36,Himel,Prime Series,HWDYLTs,,1360.00,unchanged
himel.json,36,Himel,Prime Series,HWDYLTg,,1360.00,unchanged
himel.json,36,Himel,Prime Series,HWDYLK1SW,13A,870.00,unchanged
himel.json,36,Himel,Prime Series,HWDYL2K12SW,13A,2000.00,unchanged
himel.json,36,Himel,Prime Series,HWDYLSW2USB,,2000.00,unchanged
himel.json,36,Himel,Prime Series,HWDYLK1SF131P,,720.00,unchanged
himel.json,36,Himel,Prime Series,HWDYLK1SC15,,800.00,unchanged
himel.json,36,Himel,Prime Series,HWDYLTel,,630.00,unchanged
himel.json,36,Himel,Prime Series,HWDY2Tel,,980.00,unchanged
himel.json,36,Himel,Prime Series,HWDYLTV,,690.00,unchanged
himel.json,36,Himel,Prime Series,HWDYL2TV,,1140.00,unchanged
himel.json,36,Himel,Prime Series,HWDYLD,,1550.00,unchanged
himel.json,36,Himel,Prime Series,HWDYL2D,,2385.00,unchanged
himel.json,37,Himel,Prime V2 Series,HWDPS1G1W,,230.00,unchanged
himel.json,37,Himel,Prime V2 Series,HWDPS2G1W,,460.00,unchanged
himel.json,37,Himel,Prime V2 Series,HWDPS3G1W,,690.00,unchanged
himel.json,37,Himel,Prime V2 Series,HWDPS4G1W,,920.00,unchanged
himel.json,37,Himel,Prime V2 Series,HWDPS5G1W,,1440.00,unchanged
himel.json,37,Himel,Prime V2 Series,HWDPS6G1W,,1670.00,unchanged
himel.json,37,Himel,Prime V2 Series,HWDP20A,20A,1200.00,unchanged
himel.json,37,Himel,Prime V2 Series,HWDPSDB,,535.00,unchanged
himel.json,37,Himel,Prime V2 Series,HWDPBP3,,170.00,unchanged
himel.json,38,Himel,Prime V2 Series,HWDPFS3,,1350.00,unchanged
himel.json,38,Himel,Prime V2 Series,HWDPMFS,13A,870.00,unchanged
himel.json,38,Himel,Prime V2 Series,HWDP213ASSN,13A,2000.00,unchanged
himel.json,38,Himel,Prime V2 Series,HWDPMFSN2USB,,2000.00,unchanged
himel.json,38,Himel,Prime V2 Series,HWDP13ASSN,13A,720.00,unchanged
himel.json,38,Himel,Prime V2 Series,HWDP15SS,15A,800.00,unchanged
himel.json,38,Himel,Prime V2 Series,HWDP2MFSN2USB,,5170.00,unchanged
himel.json,38,Himel,Prime V2 Series,HWDP2G1W22P,,1320.00,unchanged
himel.json,38,Himel,Prime V2 Series,HWDP2G1W2P,,920.00,unchanged
himel.json,38,Himel,Prime V2 Series,HWDPTEL,,630.00,unchanged
himel.json,38,Himel,Prime V2 Series,HWDP2TEL,,980.00,unchanged
himel.json,38,Himel,Prime V2 Series,HWDPTV,,690.00,unchanged
himel.json,38,Himel,Prime V2 Series,HWDP2TV,,1140.00,unchanged
himel.json,38,Himel,Prime V2 Series,HWDPCOM,,1550.00,unchanged
himel.json,38,Himel,Prime V2 Series,HWDP2COM,,2380.00,unchanged
jc.json,4,Terasaki,XS30NB,XS30NB,3A,25000.00,unchanged
jc.json,4,Terasaki,XS30NB,XS30NB,15A,19500.00,unchanged
jc.json,4,Terasaki,XE50NB,XE50NB,40A,21200.00,unchanged
jc.json,4,Terasaki,XE100CB,XE100CB,15A,24500.00,unchanged
jc.json,4,Terasaki,XE100CB,XE100CB,75A,30200.00,unchanged
jc.json,4,Terasaki,E100SF,E100SF,10A,29000.00,unchanged
jc.json,4,Terasaki,E100SF,E100SF,80A,30500.00,unchanged
jc.json,4,Terasaki,XE100NS,XE100NS,10A,32000.00,unchanged
jc.json,4,Terasaki,XE100NS,XE100NS,15A,30000.00,unchanged
jc.json,4,Terasaki,S160SCF,S160SCF,16A,48000.00,unchanged
jc.json,4,Terasaki,EP125NF,EP125NF,32A,48000.00,unchanged
jc.json,4,Terasaki,S160SCF,S160SCF,125A,61000.00,unchanged
jc.json,4,Terasaki,S160SCF,S160SCF,160A,67000.00,unchanged
jc.json,4,Terasaki,E250SF,E250SF,160A,77000.00,unchanged
jc.json,4,Terasaki,S225NF,S225NF,125A,140000.00,unchanged
jc.json,4,Terasaki,S250SF,S250SF,125A,114000.00,unchanged
jc.json,4,Terasaki,S225GF,S225GF,150A,160000.00,unchanged
jc.json,4,Terasaki,E250SF,E250SF,250A,86000.00,unchanged
jc.json,4,Terasaki,S250NF,S250NF,250A,150000.00,unchanged
jc.json,4,Terasaki,S250SF,S250SF,250A,123000.00,unchanged
jc.json,4,Terasaki,S250GF,S250GF,250A,171000.00,unchanged
jc.json,4,Terasaki,E400NF,E400NF,250A,181000.00,unchanged
jc.json,4,Terasaki,S630CF,S630CF,500A,385000.00,unchanged
jc.json,4,Terasaki,S800CF,S800CF,800A,550000.00,unchanged
jc.json,5,Terasaki,S 1000SE,S 1000SE,1000A,810000.00,unchanged
jc.json,5,Terasaki,S 1000NE,S 1000NE,1000A,925000.00,unchanged
jc.json,5,Terasaki,S 1250SE,S 1250SE,1250A,825000.00,unchanged
jc.json,5,Terasaki,S 1250NE,S 1250NE,1250A,950000.00,unchanged
jc.json,5,Terasaki,S 1250GE,S 1250GE,1250A,1090000.00,unchanged
jc.json,5,Terasaki,S 1600SE,S 1600SE,1600A,1280000.00,unchanged
jc.json,5,Terasaki,S 1600NE,S 1600NE,1600A,1410000.00,unchanged
jc.json,5,Terasaki,XS2000NE,XS2000NE,2000A,2100000.00,unchanged
jc.json,5,Terasaki,XS2500NE,XS2500NE,2500A,2400000.00,unchanged
jc.json,5,Terasaki,XS 125NJ,XS 125NJ,100A,57000.00,unchanged
jc.json,5,Terasaki,S 160SCJ,S 160SCJ,40A,58000.00,unchanged
jc.json,5,Terasaki,S 160SJ,S 160SJ,63A,75000.00,unchanged
jc.json,5,Terasaki,S 125NJ,S 125NJ,63A,75000.00,unchanged
jc.json,6,Terasaki,S 160SCJ,S 160SCJ,125A,82000.00,unchanged
jc.json,6,Terasaki,S 160SJ,S 160SJ,125A,88000.00,unchanged
jc.json,6,Terasaki,S 125NJ,S 125NJ,125A,95000.00,unchanged
jc.json,6,Terasaki,S 160SCJ,S 160SCJ,160A,98000.00,unchanged
jc.json,6,Terasaki,S 250SJ,S 250SJ,160A,116000.00,unchanged
jc.json,6,Terasaki,S 250NJ,S 250NJ,160A,122000.00,unchanged
jc.json,6,Terasaki,S 250SJ,S 250SJ,250A,152000.00,unchanged
jc.json,6,Terasaki,S 250NJ,S 250NJ,250A,172000.00,unchanged
jc.json,6,Terasaki,E 400NJ,E 400NJ,400A,235000.00,unchanged
jc.json,6,Terasaki,S 400CJ,S 400CJ,400A,247000.00,unchanged
jc.json,6,Terasaki,XS630CJ,XS630CJ,400A,247000.00,unchanged
jc.json,6,Terasaki,E 630NE,E 630NE,630A,405000.00,unchanged
jc.json,6,Terasaki,XH 125NJ,XH 125NJ,32A,96000.00,unchanged
jc.json,6,Terasaki,S 125GJ,S 125GJ,63A,100000.00,unchanged
jc.json,6,Terasaki,S 125GJ,S 125GJ,125A,120000.00,unchanged
jc.json,6,Terasaki,S 250GJ,S 250GJ,160A,182000.00,unchanged
jc.json,6,Terasaki,S 250GJ,S 250GJ,250A,212000.00,unchanged
jc.json,6,Terasaki,S 400NJ,S 400NJ,400A,300000.00,unchanged
jc.json,6,Terasaki,S 630CE,S 630CE,630A,420000.00,unchanged
jc.json,7,Terasaki,S 800CJ,S 800CJ,800A,650000.00,unchanged
jc.json,7,Terasaki,S 800NJ,S 800NJ,800A,710000.00,unchanged
jc.json,7,Terasaki,S 1000SE,S 1000SE,1000A,810000.00,unchanged
jc.json,7,Terasaki,S 1250SE,S 1250SE,1250A,825000.00,unchanged
jc.json,7,Terasaki,S 1600SE,S 1600SE,1600A,1280000.00,unchanged
jc.json,7,Terasaki,TL 100NJ,TL 100NJ,32A,180000.00,unchanged
jc.json,7,Terasaki,H 125NJ,H 125NJ,63A,200000.00,unchanged
jc.json,7,Terasaki,H 125NJ,H 125NJ,125A,225000.00,unchanged
jc.json,7,Terasaki,TL250NJ,TL250NJ,160A,270000.00,unchanged
jc.json,7,Terasaki,H 250NJ,H 250NJ,160A,276000.00,unchanged
jc.json,7,Terasaki,S 250PE,S 250PE,250A,223000.00,unchanged
jc.json,7,Terasaki,H 250NJ,H 250NJ,250A,290000.00,unchanged
jc.json,7,Terasaki,S 400GJ,S 400GJ,400A,342000.00,unchanged
jc.json,7,Terasaki,S 400PJ,S 400PJ,400A,385000.00,unchanged
jc.json,7,Terasaki,S 400GE,S 400GE,400A,400000.00,unchanged
jc.json,7,Terasaki,S 400PE,S 400PE,400A,472000.00,unchanged
jc.json,7,Terasaki,H 400NE,H 400NE,400A,760000.00,unchanged
jc.json,7,Terasaki,S 630GE,S 630GE,630A,480000.00,unchanged
jc.json,7,Terasaki,H 800NE,H 800NE,630A,650000.00,unchanged
jc.json,7,Terasaki,S800RJ,S800RJ,800A,760000.00,unchanged
jc.json,7,Terasaki,H 800NE,H 800NE,800A,810000.00,unchanged
jc.json,7,Terasaki,TL 800NE,TL 800NE,800A,800000.00,unchanged
jc.json,7,Terasaki,1000A(LSI),1000A(LSI),1000A,925000.00,unchanged
jc.json,8,Terasaki,1250A(LSI),1250A(LSI),1250A,950000.00,unchanged
jc.json,8,Terasaki,S1600NE,S1600NE,1600A,1410000.00,unchanged
jc.json,8,Terasaki,Sw.(LSI)XS2000NE,Sw.(LSI)XS2000NE,2000A,2100000.00,unchanged
jc.json,8,Terasaki,Sw.(LSI)XS2500NE,Sw.(LSI)XS2500NE,2500A,2400000.00,unchanged
jc.json,8,Terasaki,XS 100NB,XS 100NB,30A,74000.00,unchanged
jc.json,8,Terasaki,S 160SCF,S 160SCF,16A,82000.00,unchanged
jc.json,8,Terasaki,S 160SCF,S 160SCF,125A,100000.00,unchanged
jc.json,8,Terasaki,S 160SCF,S 160SCF,160A,125000.00,unchanged
jc.json,8,Terasaki,E 250SF,E 250SF,160A,135000.00,unchanged
jc.json,8,Terasaki,S 250SF,S 250SF,200A,148000.00,unchanged
jc.json,8,Terasaki,E 250SF,E 250SF,250A,150000.00,unchanged
jc.json,8,Terasaki,S 250SF,S 250SF,250A,160000.00,unchanged
jc.json,8,Terasaki,S 630CF,S 630CF,630A,490000.00,unchanged
jc.json,8,Terasaki,S 160SCJ,S 160SCJ,63A,98000.00,unchanged
jc.json,8,Terasaki,S 125NJ,S 125NJ,63A,115000.00,price 75000.00 -> 115000.00
jc.json,8,Terasaki,S 125GJ,S 125GJ,63A,155000.00,price 100000.00 -> 155000.00
jc.json,8,Terasaki,S 160SCJ,S 160SCJ,125A,138000.00,price 82000.00 -> 138000.00
jc.json,8,Terasaki,S 125NJ,S 125NJ,125A,148000.00,price 95000.00 -> 148000.00
jc.json,8,Terasaki,S 125GJ,S 125GJ,125A,170000.00,price 120000.00 -> 170000.00
jc.json,8,Terasaki,S 160SCJ,S 160SCJ,160A,170000.00,price 98000.00 -> 170000.00
jc.json,8,Terasaki,S 250NJ,S 250NJ,160A,250000.00,price 122000.00 -> 250000.00
jc.json,8,Terasaki,S 250SJ,S 250SJ,160A,230000.00,price 116000.00 -> 230000.00
jc.json,8,Terasaki,S 250NJ,S 250NJ,250A,270000.00,price 172000.00 -> 270000.00
jc.json,8,Terasaki,S 250SJ,S 250SJ,250A,250000.00,price 152000.00 -> 250000.00
jc.json,8,Terasaki,S 250GJ,S 250GJ,250A,290000.00,price 212000.00 -> 290000.00
jc.json,9,Terasaki,S 400CJ,S 400CJ,400A,400000.00,price 247000.00 -> 400000.00
jc.json,9,Terasaki,S 400NJ,S 400NJ,400A,450000.00,price 300000.00 -> 450000.00
jc.json,9,Terasaki,S 400GJ,S 400GJ,400A,500000.00,price 342000.00 -> 500000.00
jc.json,9,Terasaki,E 630NE,E 630NE,630A,540000.00,price 405000.00 -> 540000.00
jc.json,9,Terasaki,S 630CE,S 630CE,630A,570000.00,price 420000.00 -> 570000.00
jc.json,9,Terasaki,S 630GE,S 630GE,630A,600000.00,price 480000.00 -> 600000.00
jc.json,9,Terasaki,S 800NJ,S 800NJ,800A,900000.00,price 710000.00 -> 900000.00
jc.json,9,Terasaki,S 1000SE,S 1000SE,1000A,1100000.00,price 810000.00 -> 1100000.00
jc.json,9,Terasaki,S 1000NE,S 1000NE,1000A,1200000.00,price 925000.00 -> 1200000.00
jc.json,9,Terasaki,S 1250SE,S 1250SE,1250A,1160000.00,price 825000.00 -> 1160000.00
jc.json,9,Terasaki,S 1250NE,S 1250NE,1250A,1250000.00,price 950000.00 -> 1250000.00
jc.json,9,Terasaki,S1600SE,S1600SE,1600A,1880000.00,unchanged
jc.json,9,Terasaki,S1600NE,S1600NE,1600A,1940000.00,price 1410000.00 -> 1940000.00
jc.json,10,Terasaki,HP,HP/0.75KW,2A,20000.00,unchanged
jc.json,10,Terasaki,XM 50CS(B),XM 50CS(B),3.60A,20000.00,unchanged
jc.json,10,Terasaki,XM 50CS(B),XM 50CS(B),5A,20000.00,unchanged
jc.json,10,Terasaki,XM 50CS(B),XM 50CS(B),8A,20000.00,unchanged
jc.json,10,Terasaki,XM 50CS(B),XM 50CS(B),12A,20000.00,unchanged
jc.json,10,Terasaki,ZS100-NF,ZS100-NF,30A,245000.00,unchanged
jc.json,10,Terasaki,ZS225-NF,ZS225-NF,200A,425000.00,unchanged
jc.json,10,Terasaki,TZS,TZS-40,257A,165000.00,unchanged
jc.json,10,Terasaki,TZS,TZS-68,556A,215000.00,unchanged
jc.json,10,Terasaki,TZS,TZS-100,992A,280000.00,unchanged
jc.json,10,Terasaki,TZS-AD,TZS-AD,,65000.00,price None -> 65000.00
jc.json,11,Terasaki,TB,TB-5S,6A,5450.00,unchanged
jc.json,11,Terasaki,TB,TB-5S,15A,4800.00,unchanged
jc.json,11,Terasaki,TB 10S,TB 10S,100A,12300.00,unchanged
jc.json,11,Terasaki,E 160SF,E 160SF,16A,,unchanged
jc.json,11,Terasaki,TB,TB-5S,6A,12200.00,price 5450.00 -> 12200.00
jc.json,11,Terasaki,TB,TB-5S,15A,10800.00,price 4800.00 -> 10800.00
jc.json,11,Terasaki,CS50,CS50,12.5A,110000.00,unchanged
jc.json,11,Terasaki,CS50,CS50,25A,110000.00,unchanged
jc.json,11,Terasaki,CS50,CS50,50A,110000.00,unchanged
jc.json,12,Terasaki,AR208S,AR208S,800A,1700000.00,unchanged
jc.json,12,Terasaki,AR212S,AR212S,1000A,1750000.00,unchanged
jc.json,12,Terasaki,AR212S,AR212S,1250A,1750000.00,unchanged
jc.json,12,Terasaki,AR216S,AR216S,1600A,1950000.00,unchanged
jc.json,12,Terasaki,AR220S,AR220S,2000A,2250000.00,unchanged
jc.json,12,Terasaki,AR325S,AR325S,2500A,2750000.00,unchanged
jc.json,12,Terasaki,AR332S,AR332S,3200A,3500000.00,unchanged
jc.json,12,Terasaki,AR440SB,AR440SB,4000A,5250000.00,unchanged
jc.json,12,Terasaki,AR650S,AR650S,5000A,,unchanged
jc.json,12,Terasaki,AR663S,AR663S,6300A,,unchanged
jc.json,12,Terasaki,AR208S,AR208S,800A,2200000.00,price 1700000.00 -> 2200000.00
jc.json,12,Terasaki,AR212S,AR212S,1000A,2300000.00,price 1750000.00 -> 2300000.00
jc.json,12,Terasaki,AR212S,AR212S,1250A,2300000.00,price 1750000.00 -> 2300000.00
jc.json,12,Terasaki,AR216S,AR216S,1600A,2650000.00,price 1950000.00 -> 2650000.00
jc.json,12,Terasaki,AR220S,AR220S,2000A,3175000.00,price 2250000.00 -> 3175000.00
jc.json,12,Terasaki,AR325S,AR325S,2500A,4000000.00,price 2750000.00 -> 4000000.00
jc.json,12,Terasaki,AR332S,AR332S,3200A,5150000.00,price 3500000.00 -> 5150000.00
jc.json,12,Terasaki,AR440SB,AR440SB,4000A,7300000.00,price 5250000.00 -> 7300000.00
jc.json,13,Terasaki,AR208S,AR208S,800A,2300000.00,price 2200000.00 -> 2300000.00
jc.json,13,Terasaki,AR212S,AR212S,1000A,2500000.00,price 2300000.00 -> 2500000.00
jc.json,13,Terasaki,AR212S,AR212S,1250A,2500000.00,price 2300000.00 -> 2500000.00
jc.json,13,Terasaki,AR216S,AR216S,1600A,2700000.00,price 2650000.00 -> 2700000.00
jc.json,13,Terasaki,AR220S,AR220S,2000A,3200000.00,price 3175000.00 -> 3200000.00
jc.json,13,Terasaki,AR325S,AR325S,2500A,3800000.00,price 4000000.00 -> 3800000.00
jc.json,13,Terasaki,AR332S,AR332S,3200A,4900000.00,price 5150000.00 -> 4900000.00
jc.json,13,Terasaki,AR440SB,AR440SB,4000A,5250000.00,price 7300000.00 -> 5250000.00
jc.json,13,Terasaki,AR650S,AR650S,5000A,,unchanged
jc.json,13,Terasaki,AR663S,AR663S,6300A,,unchanged
jc.json,13,Terasaki,AR208S,AR208S,800A,,kept 2300000.00 (new list has no price)
jc.json,13,Terasaki,AR212S,AR212S,1000A,,kept 2500000.00 (new list has no price)
jc.json,13,Terasaki,AR212S,AR212S,1250A,,kept 2500000.00 (new list has no price)
jc.json,13,Terasaki,AR216S,AR216S,1600A,,kept 2700000.00 (new list has no price)
jc.json,13,Terasaki,AR220S,AR220S,2000A,,kept 3200000.00 (new list has no price)
jc.json,13,Terasaki,AR325S,AR325S,2500A,,kept 3800000.00 (new list has no price)
jc.json,13,Terasaki,AR332S,AR332S,3200A,,kept 4900000.00 (new list has no price)
jc.json,13,Terasaki,AR440SB,AR440SB,4000A,,kept 5250000.00 (new list has no price)
jc.json,13,Terasaki,AR440H,AR440H,4000A,,unchanged
jc.json,14,Terasaki,AR316H,AR316H,800A,2220000.00,unchanged
jc.json,14,Terasaki,AR316H,AR316H,1000A,2300000.00,unchanged
jc.json,14,Terasaki,AR316H,AR316H,1250A,2300000.00,unchanged
jc.json,14,Terasaki,AR316H,AR316H,1600A,2550000.00,unchanged
jc.json,14,Terasaki,AR320H,AR320H,2000A,3100000.00,unchanged
jc.json,14,Terasaki,AR420H,AR420H,2000A,,unchanged
jc.json,14,Terasaki,AR325H,AR325H,2500A,3750000.00,unchanged
jc.json,14,Terasaki,AR332H,AR332H,3200A,4800000.00,unchanged
jc.json,14,Terasaki,AR440H,AR440H,4000A,,unchanged
jc.json,14,Terasaki,AR316H,AR316H,800A,2750000.00,price 2220000.00 -> 2750000.00
jc.json,14,Terasaki,AR316H,AR316H,1000A,2850000.00,price 2300000.00 -> 2850000.00
jc.json,14,Terasaki,AR316H,AR316H,1250A,2850000.00,price 2300000.00 -> 2850000.00
jc.json,14,Terasaki,AR316H,AR316H,1600A,3200000.00,price 2550000.00 -> 3200000.00
jc.json,14,Terasaki,AR320H,AR320H,2000A,3800000.00,price 3100000.00 -> 3800000.00
jc.json,14,Terasaki,AR325H,AR325H,2500A,4500000.00,price 3750000.00 -> 4500000.00
jc.json,14,Terasaki,AR332H,AR332H,3200A,6200000.00,price 4800000.00 -> 6200000.00
jc.json,15,Terasaki,AR316H,AR316H,800A,,kept 2750000.00 (new list has no price)
jc.json,15,Terasaki,AR316H,AR316H,1000A,,kept 2850000.00 (new list has no price)
jc.json,15,Terasaki,AR316H,AR316H,1250A,,kept 2850000.00 (new list has no price)
jc.json,15,Terasaki,AR316H,AR316H,1600A,,kept 3200000.00 (new list has no price)
jc.json,15,Terasaki,AR320H,AR320H,2000A,,kept 3800000.00 (new list has no price)
jc.json,15,Terasaki,AR420H,AR420H,2000A,,unchanged
jc.json,15,Terasaki,AR325H,AR325H,2500A,,kept 4500000.00 (new list has no price)
jc.json,15,Terasaki,AR332H,AR332H,3200A,,kept 6200000.00 (new list has no price)
jc.json,16,Terasaki,AT,AT/AR,,,unchanged
jc.json,17,Terasaki,EPC,EPC/PF,6A,3000.00,unchanged
jc.json,17,Terasaki,EPC,EPC/PF,16A,2800.00,unchanged
jc.json,17,Terasaki,EPC,EPC/PF,50A,4700.00,unchanged
jc.json,17,Terasaki,EPC,EPC/PF,2A,6000.00,unchanged
jc.json,17,Terasaki,EPC,EPC/PF,6A,5300.00,price 3000.00 -> 5300.00
jc.json,17,Terasaki,EPC,EPC/PF,16A,5150.00,price 2800.00 -> 5150.00
jc.json,17,Terasaki,EPC,EPC/PF,50A,6100.00,price 4700.00 -> 6100.00
jc.json,17,Terasaki,EPC,EPC/PF,6A,7500.00,price 5300.00 -> 7500.00
jc.json,17,Terasaki,EPC,EPC/PF,16A,7500.00,price 5150.00 -> 7500.00
jc.json,17,Terasaki,EPC,EPC/PF,50A,9500.00,price 6100.00 -> 9500.00
jc.json,17,Terasaki,EPC,EPC/PF,2A,11500.00,price 6000.00 -> 11500.00
jc.json,17,Terasaki,EPC,EPC/PF,6A,13000.00,price 7500.00 -> 13000.00
jc.json,17,Terasaki,EPC,EPC/PF,16A,13000.00,price 7500.00 -> 13000.00
jc.json,17,Terasaki,EPC,EPC/PF,50A,16500.00,price 9500.00 -> 16500.00
jc.json,17,Terasaki,EPC,EPC/PF,6A,11500.00,price 13000.00 -> 11500.00
jc.json,17,Terasaki,EPC,EPC/PF,16A,11500.00,price 13000.00 -> 11500.00
jc.json,17,Terasaki,EPC,EPC/PF,50A,14000.00,price 16500.00 -> 14000.00
jc.json,17,Terasaki,EPC,EPC/PF,2A,18000.00,price 11500.00 -> 18000.00
jc.json,17,Terasaki,EPC,EPC/PF,6A,18500.00,price 11500.00 -> 18500.00
jc.json,17,Terasaki,EPC,EPC/PF,16A,18500.00,price 11500.00 -> 18500.00
jc.json,17,Terasaki,EPC,EPC/PF,50A,21500.00,price 14000.00 -> 21500.00
jc.json,17,Terasaki,EPC,EPC/PF,6A,19500.00,price 18500.00 -> 19500.00
jc.json,17,Terasaki,EPC,EPC/PF,16A,19500.00,price 18500.00 -> 19500.00
jc.json,17,Terasaki,EPC,EPC/PF,50A,21000.00,price 21500.00 -> 21000.00
jc.json,17,Terasaki,MCBs 1P,MCBs 1P,,6500.00,unchanged
jc.json,18,Terasaki,EPR2,EPR2,25A,22000.00,unchanged
jc.json,18,Terasaki,EPR2,EPR2,63A,27500.00,unchanged
jc.json,18,Terasaki,EPR4,EPR4,25A,28000.00,unchanged
jc.json,18,Terasaki,EPR4,EPR4,63A,32000.00,unchanged
jc.json,18,Terasaki,EPR4,EPR4,100A,,unchanged
jc.json,18,Terasaki,EPL2,EPL2,16A,33000.00,unchanged
jc.json,18,Terasaki,EPL2,EPL2,40A,36000.00,unchanged
jc.json,18,Terasaki,EPL2,EPL2,16A,,kept 33000.00 (new list has no price)
jc.json,18,Terasaki,EPL4,EPL4,16A,70000.00,unchanged
jc.json,18,Terasaki,EPL4,EPL4,40A,82000.00,unchanged
jc.json,18,Terasaki,EPL4,EPL4,63A,82000.00,unchanged
jc.json,19,Terasaki,TD3,TD3,6A,5500.00,unchanged
jc.json,19,Terasaki,TD3,TD3,16A,5200.00,unchanged
jc.json,19,Terasaki,TD3,TD3,50A,7700.00,unchanged
jc.json,19,Terasaki,TD3,TD3,6A,,kept 5500.00 (new list has no price)
jc.json,19,Terasaki,TD3,TD3,50A,,kept 7700.00 (new list has no price)
jc.json,19,Terasaki,TD3,TD3,2A,,unchanged
jc.json,19,Terasaki,TD3,TD3,6A,15000.00,price 5500.00 -> 15000.00
jc.json,19,Terasaki,TD3,TD3,50A,18500.00,price 7700.00 -> 18500.00
jc.json,19,Terasaki,TD3,TD3,6A,,kept 15000.00 (new list has no price)
jc.json,19,Terasaki,TD3,TD3,50A,,kept 18500.00 (new list has no price)
jc.json,19,Terasaki,TD3,TD3,6A,19500.00,price 15000.00 -> 19500.00
jc.json,19,Terasaki,TD3,TD3,50A,31500.00,price 18500.00 -> 31500.00
jc.json,19,Terasaki,TD3,TD3,6A,,kept 19500.00 (new list has no price)
jc.json,19,Terasaki,TD3,TD3,50A,,kept 31500.00 (new list has no price)
jc.json,19,Terasaki,TD3,TD3,6A,40000.00,price 19500.00 -> 40000.00
jc.json,19,Terasaki,TD3,TD3,50A,47000.00,price 31500.00 -> 47000.00
jc.json,19,Terasaki,1a+1b,1a+1b,,26100.00,unchanged
jc.json,19,Terasaki,1a+1b,1a+1b,,26100.00,unchanged
jc.json,20,Terasaki,TD3-RCCB,TD3-RCCB,25A,35000.00,unchanged
jc.json,20,Terasaki,TD3-RCCB,TD3-RCCB,40A,38000.00,unchanged
jc.json,20,Terasaki,TD3-RCCB,TD3-RCCB,63A,45000.00,unchanged
jc.json,20,Terasaki,TD3-RCCB,TD3-RCCB,25A,47000.00,price 35000.00 -> 47000.00
jc.json,20,Terasaki,TD3-RCCB,TD3-RCCB,40A,47000.00,price 38000.00 -> 47000.00
jc.json,20,Terasaki,TD3-RCCB,TD3-RCCB,63A,58000.00,price 45000.00 -> 58000.00
jc.json,20,Terasaki,TD3-RCCB,TD3-RCCB,25A,47000.00,unchanged
jc.json,20,Terasaki,TD3-RCCB,TD3-RCCB,40A,47000.00,unchanged
jc.json,20,Terasaki,TD3-RCCB,TD3-RCCB,63A,58000.00,unchanged
jc.json,21,Terasaki,TC,TC-9b,9A,12200.00,unchanged
jc.json,21,Terasaki,TC,TC-12b,12A,14100.00,unchanged
jc.json,21,Terasaki,TC,TC-18b,18A,18200.00,unchanged
jc.json,21,Terasaki,TC,TC-22b,22A,24800.00,unchanged
jc.json,21,Terasaki,TC,TC-32a,32A,34000.00,unchanged
jc.json,21,Terasaki,TC,TC-40a,40A,48000.00,unchanged
jc.json,21,Terasaki,TC,TC-50a,50A,62700.00,unchanged
jc.json,21,Terasaki,TC,TC-65a,65A,74800.00,unchanged
jc.json,21,Terasaki,TC,TC-75a,75A,88500.00,unchanged
jc.json,21,Terasaki,TC,TC-85a,85A,120000.00,unchanged
jc.json,21,Terasaki,TC,TC-100a,105A,136000.00,unchanged
jc.json,21,Terasaki,TC,TC-130a,130A,163700.00,unchanged
jc.json,21,Terasaki,TC,TC-150a,150A,202000.00,unchanged
jc.json,21,Terasaki,TC,TC-185a,185A,274000.00,unchanged
jc.json,21,Terasaki,TC,TC-225a,225A,338000.00,unchanged
jc.json,21,Terasaki,TC,TC-330a,330A,515000.00,unchanged
jc.json,21,Terasaki,TC,TC-400a,400A,590000.00,unchanged
jc.json,21,Terasaki,TC,TC-500a,500A,1060000.00,unchanged
jc.json,21,Terasaki,TC,TC-630a,630A,1175000.00,unchanged
jc.json,21,Terasaki,TC,TC-800a,800A,2300000.00,unchanged
jc.json,21,Terasaki,TC4,TC4-12a,12A,33500.00,unchanged
jc.json,21,Terasaki,TC4,TC4-18a,18A,40500.00,unchanged
jc.json,21,Terasaki,TC4,TC4-22a,22A,45500.00,unchanged
jc.json,21,Terasaki,TC4,TC4-32a,32A,58500.00,unchanged
jc.json,21,Terasaki,TC4,TC4-40a,40A,77000.00,unchanged
jc.json,22,Terasaki,TC4,TC4-50a,50A,99000.00,unchanged
jc.json,22,Terasaki,TC4,TC4-65a,65A,118000.00,unchanged
jc.json,22,Terasaki,TC4,TC4-75a,75A,138000.00,unchanged
jc.json,22,Terasaki,TC4,TC4-85a,85A,150000.00,unchanged
jc.json,22,Terasaki,TC4,TC4-130a,130A,305000.00,unchanged
jc.json,22,Terasaki,TC4,TC4-185a,185A,346500.00,unchanged
jc.json,22,Terasaki,TC4,TC4-225a,225A,468000.00,unchanged
jc.json,22,Terasaki,TC4,TC4-330a,330A,780500.00,unchanged
jc.json,22,Terasaki,TC4,TC4-400a,400A,900000.00,unchanged
jc.json,22,Terasaki,TC4,TC4-630a,630A,1475000.00,unchanged
jc.json,22,Terasaki,TC4,TC4-800a,800A,2900000.00,unchanged
jc.json,22,Terasaki,TD,TD-18b,18A,37000.00,unchanged
jc.json,22,Terasaki,TD,TD-22b,22A,46000.00,unchanged
jc.json,22,Terasaki,TD,TD-40a,40A,67000.00,unchanged
jc.json,22,Terasaki,TD,TD-65a,65A,103000.00,unchanged
jc.json,22,Terasaki,TSU,TSU-11,,6600.00,unchanged
jc.json,22,Terasaki,TSU,TSU-22,,10000.00,unchanged
jc.json,22,Terasaki,TSU,TSU-01,,12000.00,unchanged
jc.json,22,Terasaki,TSU,TSU-100,,13200.00,unchanged
jc.json,23,Terasaki,TKA,TKA-9,,9900.00,unchanged
jc.json,23,Terasaki,TSR,TSR-02,,9900.00,unchanged
jc.json,23,Terasaki,TKA,TKA-180,,28500.00,unchanged
jc.json,23,Terasaki,TKA,TKA-600,,450000.00,unchanged
jc.json,23,Terasaki,TSL,TSL-65,,58000.00,unchanged
jc.json,23,Terasaki,TSL,TSL-150,,136000.00,unchanged
jc.json,23,Terasaki,TSS,TSS-11,,7500.00,unchanged
jc.json,23,Terasaki,TSS,TSS-13,,7500.00,unchanged
jc.json,23,Terasaki,TSS,TSS-14,,7500.00,unchanged
jc.json,23,Terasaki,TKCO922,TKCO922,,8600.00,unchanged
jc.json,23,Terasaki,TKCO3240,TKCO3240,,9200.00,unchanged
jc.json,23,Terasaki,TKCO5065,TKCO5065,,16500.00,unchanged
jc.json,23,Terasaki,TKCO75100,TKCO75100,,25000.00,unchanged
jc.json,23,Terasaki,TKCO130150,TKCO130150,,82000.00,unchanged
jc.json,23,Terasaki,TKCO185225,TKCO185225,,92000.00,unchanged
jc.json,23,Terasaki,TKCO265400,TKCO265400,,168000.00,unchanged
jc.json,23,Terasaki,TKCO500800,TKCO500800,,230000.00,unchanged
jc.json,24,Terasaki,TKCO440,TKCO440,,14300.00,unchanged
jc.json,24,Terasaki,TKCO485,TKCO485,,38000.00,unchanged
jc.json,24,Terasaki,TKCO4150,TKCO4150,,92000.00,unchanged
jc.json,24,Terasaki,TKCO4225,TKCO4225,,105000.00,unchanged
jc.json,24,Terasaki,TKCO4400,TKCO4400,,,unchanged
jc.json,24,Terasaki,TKCO4800,TKCO4800,,,unchanged
jc.json,24,Terasaki,TKDO940,TKDO940,,13000.00,unchanged
jc.json,24,Terasaki,TKDO5085,TKDO5085,,23000.00,unchanged
jc.json,24,Terasaki,TCKIT,TCKIT-50a,,19000.00,unchanged
jc.json,24,Terasaki,TCKIT,TCKIT-65a,,22000.00,unchanged
jc.json,24,Terasaki,TCKIT,TCKIT-75a,,33000.00,unchanged
jc.json,24,Terasaki,TCKIT,TCKIT-85a,,36000.00,unchanged
jc.json,24,Terasaki,TCKIT,TCKIT-100a,,42000.00,unchanged
jc.json,24,Terasaki,TCKIT,TCKIT-130a,,62000.00,unchanged
jc.json,24,Terasaki,TCKIT,TCKIT-150a,,66000.00,unchanged
jc.json,24,Terasaki,TCKIT,TCKIT-185a,,95000.00,unchanged
jc.json,24,Terasaki,TCKIT,TCKIT-225a,,122000.00,unchanged
jc.json,24,Terasaki,TCKIT,TCKIT-330a,,155000.00,unchanged
jc.json,24,Terasaki,TCKIT,TCKIT-400a,,195000.00,unchanged
jc.json,24,Terasaki,TCKIT,TCKIT-500a,,330000.00,unchanged
jc.json,24,Terasaki,TCKIT,TCKIT-630a,,420000.00,unchanged
jc.json,24,Terasaki,TCKIT,TCKIT-800a,,725000.00,unchanged
jc.json,25,Terasaki,TK,TK-32a,,26000.00,unchanged
jc.json,25,Terasaki,TK,TK-63a,,44000.00,unchanged
jc.json,25,Terasaki,TK,TK-95a,,68000.00,unchanged
jc.json,25,Terasaki,TK,TK-150a,,105000.00,unchanged
jc.json,26,Terasaki,TK,TK-225a,,152000.00,unchanged
jc.json,26,Terasaki,TK,TK-225a,,152000.00,unchanged
jc.json,26,Terasaki,TK,TK-400a,,245000.00,unchanged
jc.json,26,Terasaki,TK,TK-800a,,535000.00,unchanged
jc.json,26,Terasaki,TK,TK-800a,,550000.00,price 535000.00 -> 550000.00
jc.json,26,Terasaki,TSZ32,TSZ32,,5000.00,unchanged
jc.json,26,Terasaki,TSZ63,TSZ63,,6300.00,unchanged
jc.json,26,Terasaki,TSZ95,TSZ95,,8000.00,unchanged
jc.json,26,Terasaki,TSZ150,TSZ150,,24000.00,unchanged
jc.json,27,Terasaki,TC,TC-12b,,36600.00,unchanged
jc.json,27,Terasaki,TC,TC-18b,,40700.00,unchanged
jc.json,27,Terasaki,TC,TC-40a,,70500.00,unchanged
jc.json,27,Terasaki,TC,TC-85a,,151000.00,unchanged
jc.json,27,Terasaki,TKM,TKM,,22500.00,unchanged
jc.json,27,Terasaki,TKM 50,TKM 50,,31000.00,unchanged
jc.json,27,Terasaki,TKM 75,TKM 75,,,unchanged
jc.json,28,Terasaki,TMS32S,TMS32S-1.0A,1.0A,37000.00,unchanged
jc.json,28,Terasaki,TMS32S,TMS32S-1.6A,1.6A,37000.00,unchanged
jc.json,28,Terasaki,TMS32S,TMS32S-2.5A,2.5A,37000.00,unchanged
jc.json,28,Terasaki,TMS32S,TMS32S-4A,4A,42000.00,unchanged
jc.json,28,Terasaki,TMS32S,TMS32S-8A,8A,42000.00,unchanged
jc.json,28,Terasaki,TMS32S,TMS32S-10A,10A,42000.00,unchanged
jc.json,28,Terasaki,TMS32S,TMS32S-13A,13A,36000.00,unchanged
jc.json,28,Terasaki,TMS32S,TMS32S-17A,17A,36000.00,unchanged
jc.json,28,Terasaki,TMS32S,TMS32S-26A,26A,36000.00,unchanged
jc.json,28,Terasaki,TMS32S,TMS32S-32A,32A,36000.00,unchanged
jc.json,28,Terasaki,TMS63S,TMS63S-40A,40A,83000.00,unchanged
jc.json,28,Terasaki,TMS63S,TMS63S-50A,50A,84000.00,unchanged
jc.json,28,Terasaki,TMS63S,TMS63S-63A,63A,84000.00,unchanged
jc.json,28,Terasaki,TMS100S,TMS100S-75A,75A,170000.00,unchanged
jc.json,28,Terasaki,TMS100S,TMS100S-100A,100A,190000.00,unchanged
jc.json,29,Terasaki,1NO+1NC,1NO+1NC,,15500.00,unchanged
jc.json,29,Terasaki,TEH,TEH-32,,19000.00,unchanged
jc.json,29,Terasaki,TEH,TEH-63,,19000.00,unchanged
jc.json,30,Kawamura,KWK,KWK-47,,2600.00,unchanged
jc.json,30,Kawamura,KWK,KWK-47,50A,2950.00,unchanged
jc.json,30,Kawamura,KWK,KWK-47,1A,2950.00,unchanged
jc.json,30,Kawamura,KWK,KWK-47,,5200.00,price 2600.00 -> 5200.00
jc.json,30,Kawamura,KWK,KWK-47,50A,6330.00,price 2950.00 -> 6330.00
jc.json,30,Kawamura,KWK,KWK-47,10A,8180.00,unchanged
jc.json,30,Kawamura,KWK,KWK-47,50A,12280.00,price 6330.00 -> 12280.00
jc.json,30,Kawamura,KWK,KWK-47,32A,13000.00,unchanged
jc.json,30,Kawamura,KWK,KWK-47,63A,16400.00,unchanged
jc.json,31,PANASONIC/TOGAMI,FC,FC-15N,13.5A,13000.00,unchanged
jc.json,31,PANASONIC/TOGAMI,FC,FC-50N,48A,30000.00,unchanged
jc.json,31,PANASONIC/TOGAMI,FC,FC-65N,62.5A,48000.00,unchanged
jc.json,31,PANASONIC/TOGAMI,FC,FC-65NS,75A,60000.00,unchanged
jc.json,31,PANASONIC/TOGAMI,FC,FC-550,550A,,unchanged
jc.json,31,PANASONIC/TOGAMI,FC,FC-10N,13.5A,12000.00,unchanged
jc.json,31,PANASONIC/TOGAMI,FC,FC-10,,4500.00,unchanged
jc.json,31,PANASONIC/TOGAMI,FC,FC-10N,,4500.00,unchanged
jc.json,31,PANASONIC/TOGAMI,FC,FC-50N,,11000.00,unchanged
jc.json,31,PANASONIC/TOGAMI,FC,FC-130,,25000.00,unchanged
jc.json,31,PANASONIC/TOGAMI,FC,FC-400,,,unchanged
jc.json,32,PANASONIC/TOGAMI,FC,FC-10,,6000.00,price 4500.00 -> 6000.00
jc.json,32,PANASONIC/TOGAMI,FC,FC-20,,10000.00,unchanged
jc.json,32,PANASONIC/TOGAMI,FC,FC-25,,14000.00,unchanged
jc.json,32,PANASONIC/TOGAMI,FC,FC-35,,17000.00,unchanged
jc.json,32,PANASONIC/TOGAMI,FC,FC-80N,,54000.00,unchanged
jc.json,32,PANASONIC/TOGAMI,FC,FC-130,,67000.00,price 25000.00 -> 67000.00
jc.json,32,PANASONIC/TOGAMI,FC,FC-10,,4600.00,price 6000.00 -> 4600.00
jc.json,32,PANASONIC/TOGAMI,FT,FT-20,0.5A,18000.00,unchanged
jc.json,32,PANASONIC/TOGAMI,FT,FT-15E,0.75A,18000.00,unchanged
jc.json,32,PANASONIC/TOGAMI,FT,FT-20A,0.75A,18000.00,unchanged
jc.json,32,PANASONIC/TOGAMI,FT,FT-35E,2A,22000.00,unchanged
jc.json,32,PANASONIC/TOGAMI,FT,FT-35N,2A,22000.00,unchanged
jc.json,32,PANASONIC/TOGAMI,FT,FT-65,2A,35000.00,unchanged
jc.json,33,PANASONIC/TOGAMI,FT,FT-65A,4A,35000.00,unchanged
jc.json,33,PANASONIC/TOGAMI,FT,FT-300,,128000.00,unchanged
jc.json,33,PANASONIC/TOGAMI,FT,FT-400,,130000.00,unchanged
jc.json,33,PANASONIC/TOGAMI,FT,FT-500,,130000.00,unchanged
jc.json,35,NATIONAL/NAIS,BFV80554Z,BFV80554Z,,295000.00,unchanged
jc.json,35,NATIONAL/NAIS,BFV801104Z,BFV801104Z,,485000.00,unchanged
jc.json,35,NATIONAL/NAIS,BFV81504Z,BFV81504Z,,645000.00,unchanged
jc.json,35,NATIONAL/NAIS,BFV83004Z,BFV83004Z,,1050000.00,unchanged
jc.json,36,PANASONIC,EE8123,EE8123-821,,24000.00,unchanged
jc.json,37,PANASONIC,SH-D,SH-D,,80000.00,unchanged
jc.json,38,PANASONIC,TB358NE5,TB358NE5,,46000.00,unchanged
jc.json,38,PANASONIC,TB,TB-38809NE7 220-240VAC,,54000.00,unchanged
jc.json,38,PANASONIC,TB,TB-388NE7 220-240VAC,,64000.00,unchanged
jc.json,39,PANASONIC,TB,TB-438K 220-240VAC,,65000.00,unchanged
jc.json,39,PANASONIC,TB6210 220-240VAC,TB6210 220-240VAC,,95000.00,unchanged
jc.json,39,PANASONIC,TB6220 220-240VAC,TB6220 220-240VAC,,120000.00,unchanged
jc.json,40,PANASONIC,PM4H-S-H,PM4H-S-H,,37000.00,unchanged
jc.json,40,PANASONIC,PM4HA-H-AC240V,PM4HA-H-AC240V,,38000.00,unchanged
jc.json,40,PANASONIC,PM4HS-SD,PM4HS-SD,,64000.00,unchanged
jc.json,41,PANASONIC,PM4H-M,PM4H-M,,66000.00,unchanged
jc.json,41,PANASONIC,PS08,PS08,,1950.00,unchanged
jc.json,41,PANASONIC,PS11,PS11,,2550.00,unchanged
jc.json,41,PANASONIC,PG08,PG08,,1500.00,unchanged
jc.json,41,PANASONIC,90,90.27,,3600.00,unchanged
jc.json,41,PANASONIC,PM4HS,PM4HS,,800.00,unchanged
jc.json,41,PANASONIC,METER 6,METER 6,,40000.00,unchanged
jc.json,41,PANASONIC,METER 5,METER 5,,40000.00,unchanged
jc.json,42,PANASONIC,FPO-C14RS,FPO-C14RS,,195000.00,unchanged
jc.json,42,PANASONIC,FPO-E16RS,FPO-E16RS,,195000.00,unchanged
jc.json,42,PANASONIC,FPO-C32T,FPO-C32T,,425000.00,unchanged
jc.json,42,PANASONIC,FPO-PSA2,FPO-PSA2,,90000.00,unchanged
jc.json,42,PANASONIC,C24-AFP12217C,C24-AFP12217C,,450000.00,unchanged
jc.json,42,PANASONIC,C40-AFP12417C,C40-AFP12417C,,700000.00,unchanged
jc.json,42,PANASONIC,C72-AFP12717C,C72-AFP12717C,,1050000.00,unchanged
jc.json,42,PANASONIC,AFP8550,AFP8550,,390000.00,unchanged
jc.json,42,PANASONIC,AFP8550FPI,AFP8550FPI,,315000.00,unchanged
jc.json,42,PANASONIC,AFP1114V2,AFP1114V2,,480000.00,unchanged
jc.json,42,PANASONIC,AFP1523,AFP1523,,150000.00,unchanged
jc.json,42,PANASONIC,FPG-C24R2,FPG-C24R2,,500000.00,unchanged
jc.json,42,PANASONIC,FPG-C32T2,FPG-C32T2,,750000.00,unchanged
jc.json,42,PANASONIC,FPG-COM1,FPG-COM1,,75000.00,unchanged
jc.json,42,PANASONIC,FPG-COM2,FPG-COM2,,120000.00,unchanged
jc.json,42,PANASONIC,AFK14000,AFK14000,,115000.00,unchanged
jc.json,42,PANASONIC,FP-e,FP-e,,300000.00,unchanged
jc.json,43,Togami,PAK,PAK-11J,0A,12500.00,unchanged
jc.json,43,Togami,PAK,PAK-12J,11.5A,13700.00,unchanged
jc.json,43,Togami,PAK,PAK-21J,22A,20000.00,unchanged
jc.json,43,Togami,PAK,PAK-26J,35A,30000.00,unchanged
jc.json,43,Togami,PAK,PAK-35J,2.5A,39000.00,unchanged
jc.json,43,Togami,PAK,PAK-50J,62A,48700.00,unchanged
jc.json,43,Togami,PAK,PAK-50H,3A,52000.00,unchanged
jc.json,43,Togami,PAK,PAK-65H,75A,61000.00,unchanged
jc.json,43,Togami,PAK,PAK-80H,90A,72000.00,unchanged
jc.json,43,Togami,PAK,PAK-95H,110A,120000.00,unchanged
jc.json,43,Togami,PAK,PAK-100H,5A,130000.00,unchanged
jc.json,43,Togami,PAK,PAK-125H,125A,135000.00,unchanged
jc.json,43,Togami,PAK,PAK-150H,150A,172000.00,unchanged
jc.json,43,Togami,PAK,PAK-220H,180A,260000.00,unchanged
jc.json,43,Togami,PAK,PAK-300J,274A,1180000.00,unchanged
jc.json,43,Togami,PAK,PAK-400H(J),400A,1320000.00,unchanged
jc.json,43,Togami,PAK,PAK-600H(J),600A,2100000.00,unchanged
jc.json,43,Togami,PAK,PAK-800H(J),800A,2470000.00,unchanged
jc.json,43,Togami,PAK,PAK-8JS22,10A,12500.00,unchanged
jc.json,43,Togami,PAK,PAK-8JS44,10A,22500.00,unchanged
jc.json,43,Togami,HAU,HAU-2-11,10A,7200.00,unchanged
jc.json,43,Togami,HAU,HAU-4-22,10A,10000.00,unchanged
jc.json,44,Togami,ML-E,ML-E,,10000.00,unchanged
jc.json,44,Togami,ML-C,ML-C,,18000.00,unchanged
jc.json,44,Togami,ML-D,ML-D,,36000.00,unchanged
jc.json,44,Togami,PAK,PAK-12J,,21000.00,unchanged
jc.json,44,Togami,C-11,C-11,,2200.00,unchanged
jc.json,44,Togami,C-13,C-13,,2200.00,unchanged
jc.json,44,Togami,C-14,C-14,,3350.00,unchanged
jc.json,44,Togami,C-31,C-31,,1650.00,unchanged
jc.json,44,Togami,C-32,C-32,,1650.00,unchanged
jc.json,44,Togami,PAK,PAK-11J,0A,4500.00,price 12500.00 -> 4500.00
jc.json,44,Togami,PAK,PAK-21J,,4600.00,unchanged
jc.json,44,Togami,PAK,PAK-26J,,5500.00,unchanged
jc.json,44,Togami,PAK,PAK-35J,2.5A,6000.00,price 39000.00 -> 6000.00
jc.json,44,Togami,PAK,PAK-50H,3A,10000.00,price 52000.00 -> 10000.00
jc.json,44,Togami,PAK,PAK-65H,,11000.00,unchanged
jc.json,44,Togami,PAK,PAK-100H,5A,24000.00,price 130000.00 -> 24000.00
jc.json,44,Togami,PAK,PAK-150H,,25000.00,unchanged
jc.json,44,Togami,PAK,PAK-220H,,30000.00,unchanged
jc.json,44,Togami,PAK,PAK-11J,,5000.00,unchanged
jc.json,44,Togami,PAK,PAK-12J,,5700.00,price 21000.00 -> 5700.00
jc.json,44,Togami,PAK,PAK-21J,,9000.00,price 4600.00 -> 9000.00
jc.json,44,Togami,PAK,PAK-26J,,13000.00,price 5500.00 -> 13000.00
jc.json,44,Togami,PAK,PAK-35J,,15000.00,unchanged
jc.json,44,Togami,PAK,PAK-50J,,21500.00,unchanged
jc.json,44,Togami,PAK,PAK-50H,,23000.00,unchanged
jc.json,44,Togami,PAK,PAK-65H,,29000.00,price 11000.00 -> 29000.00
jc.json,44,Togami,PAK,PAK-80H,,35000.00,unchanged
jc.json,44,Togami,PAK,PAK-95H,,42000.00,unchanged
jc.json,44,Togami,PAK,PAK-100H,,55000.00,unchanged
jc.json,44,Togami,PAK,PAK-125H,,61000.00,unchanged
jc.json,44,Togami,PAK,PAK-150H,,75000.00,price 25000.00 -> 75000.00
jc.json,44,Togami,PAK,PAK-220H,,120000.00,price 30000.00 -> 120000.00
jc.json,45,Togami,GTJ,GTJ-18N,,18500.00,unchanged
jc.json,45,Togami,GTJ,GTJ-35T,,22500.00,unchanged
jc.json,45,Togami,GTJ,GTJ-50,2.5A,36000.00,unchanged
jc.json,45,Togami,GTJ,GTJ-125,,52000.00,unchanged
jc.json,45,Togami,GTJ,GTJ-400N,,135000.00,unchanged
jc.json,47,Nokian,ML1D,ML1D,,156000.00,unchanged
jc.json,47,Nokian,FL1D,FL1D,,192000.00,unchanged
jc.json,47,Nokian,FL2D,FL2D,,335000.00,unchanged
jc.json,47,Nokian,N3D,N3D,,128000.00,unchanged
jc.json,47,Nokian,N6D,N6D,,165000.00,unchanged
jc.json,47,Nokian,FL2D,FL2D,,335000.00,unchanged
jc.json,47,Nokian,AL2D,AL2D,,640000.00,unchanged
jc.json,47,Nokian,SL2D,SL2D,,335000.00,unchanged
jc.json,47,Nokian,ML1D,ML1D,,172000.00,price 156000.00 -> 172000.00
jc.json,47,Nokian,FL1D,FL1D,,210000.00,price 192000.00 -> 210000.00
jc.json,47,Nokian,FL2D,FL2D,,410000.00,price 335000.00 -> 410000.00
jc.json,47,Nokian,N3D,N3D,,140000.00,price 128000.00 -> 140000.00
jc.json,47,Nokian,ML1D,ML1D,,170000.00,price 172000.00 -> 170000.00
jc.json,47,Nokian,ML2D,ML2D,,210000.00,unchanged
jc.json,47,Nokian,FL1D,FL1D,,220000.00,price 210000.00 -> 220000.00
jc.json,47,Nokian,FL2D,FL2D,,275000.00,price 410000.00 -> 275000.00
jc.json,47,Nokian,FL2D,FL2D,,360000.00,price 275000.00 -> 360000.00
jc.json,47,Nokian,SL2D,SL2D,,430000.00,price 335000.00 -> 430000.00
jc.json,48,Nokian,ED440S,ED440S,,35000.00,unchanged
jc.json,48,Nokian,ED550S,ED550S,,49000.00,unchanged
jc.json,48,Nokian,CAPACITORS 400,CAPACITORS 400/415V,,390000.00,unchanged
jc.json,48,Nokian,CAPACITORS 400,CAPACITORS 400/415V,,460000.00,price 390000.00 -> 460000.00
jc.json,48,Nokian,CAPACITORS 400,CAPACITORS 400/415V,,540000.00,price 460000.00 -> 540000.00
jc.json,48,Nokian,CAPACITORS 400,CAPACITORS 400/415V,,490000.00,price 540000.00 -> 490000.00
jc.json,48,Nokian,CAPACITORS 400,CAPACITORS 400/415V,,560000.00,price 490000.00 -> 560000.00
jc.json,48,Nokian,CAPACITORS 400,CAPACITORS 400/415V,,640000.00,price 560000.00 -> 640000.00
jc.json,49,Nokian,N6,N6,,250000.00,unchanged
jc.json,49,Nokian,N12,N12,,320000.00,unchanged
jc.json,51,Lovato,BG0910A,BG0910A,9A,12700.00,unchanged
jc.json,51,Lovato,BG1210A,BG1210A,12A,15000.00,unchanged
jc.json,51,Lovato,BF0910A,BF0910A,9A,13500.00,unchanged
jc.json,51,Lovato,BF1210A,BF1210A,12A,16300.00,unchanged
jc.json,51,Lovato,BF1810A,BF1810A,18A,22500.00,unchanged
jc.json,51,Lovato,BF2510A,BF2510A,25A,30800.00,unchanged
jc.json,51,Lovato,BF3200A,BF3200A,32A,43600.00,unchanged
jc.json,51,Lovato,BF3800A,BF3800A,38A,54800.00,unchanged
jc.json,51,Lovato,BF5000A,BF5000A,50A,81000.00,unchanged
jc.json,51,Lovato,11BF6500,11BF6500,65A,110000.00,unchanged
jc.json,51,Lovato,BF6500A,BF6500A,65A,110000.00,unchanged
jc.json,51,Lovato,11BF8000,11BF8000,80A,135000.00,unchanged
jc.json,51,Lovato,BF8000A,BF8000A,80A,135000.00,unchanged
jc.json,51,Lovato,11BF9500,11BF9500,95A,170000.00,unchanged
jc.json,51,Lovato,BF9500A,BF9500A,95A,170000.00,unchanged
jc.json,51,Lovato,11BF11000,11BF11000,110A,185000.00,unchanged
jc.json,51,Lovato,BF15000A,BF15000A,150A,262000.00,unchanged
jc.json,51,Lovato,11B14500,11B14500,150A,510000.00,unchanged
jc.json,51,Lovato,BF16000E,BF16000E,160A,510000.00,unchanged
jc.json,51,Lovato,11B18000,11B18000,185A,535000.00,unchanged
jc.json,51,Lovato,11B25000,11B25000,265A,730000.00,unchanged
jc.json,51,Lovato,11B31000,11B31000,320A,885000.00,unchanged
jc.json,51,Lovato,11B40000,11B40000,420A,1054000.00,unchanged
jc.json,51,Lovato,11B50000,11B50000,520A,1580000.00,unchanged
jc.json,51,Lovato,11B63000,11B63000,630A,1915000.00,unchanged
jc.json,51,Lovato,BF26A-BF38A,BF26A-BF38A,38A,35500.00,unchanged
jc.json,52,Lovato,BFK1210A,BFK1210A,,51000.00,unchanged
jc.json,52,Lovato,BFK3200A,BFK3200A,,67500.00,unchanged
jc.json,52,Lovato,BFK8000A,BFK8000A,,161500.00,unchanged
jc.json,52,Lovato,11BG0022A,11BG0022A,10A,11800.00,unchanged
jc.json,52,Lovato,BF0022A,BF0022A,10A,12800.00,unchanged
jc.json,52,Lovato,BF12T4A,BF12T4A,28A,35000.00,unchanged
jc.json,52,Lovato,BF26T4A,BF26T4A,45A,55000.00,unchanged
jc.json,52,Lovato,BF38T4A,BF38T4A,55A,125000.00,unchanged
jc.json,52,Lovato,11BF4040,11BF4040,60A,68000.00,unchanged
jc.json,52,Lovato,11BF6540,11BF6540,110A,170000.00,unchanged
jc.json,52,Lovato,BF65T4A,BF65T4A,100A,170000.00,unchanged
jc.json,52,Lovato,11BF8040,11BF8040,125A,275000.00,unchanged
jc.json,52,Lovato,BF95T4A,BF95T4A,140A,298000.00,unchanged
jc.json,52,Lovato,BF150T4A,BF150T4A,165A,360000.00,unchanged
jc.json,52,Lovato,11B145-400,11B145-400,250A,610000.00,unchanged
jc.json,52,Lovato,11B310-400,11B310-400,450A,1325000.00,unchanged
jc.json,52,Lovato,11B400-400,11B400-400,550A,1450000.00,unchanged
jc.json,52,Lovato,11B500-400,11B500-400,700A,1880000.00,unchanged
jc.json,52,Lovato,11B630-400,11B630-400,800A,3200000.00,unchanged
jc.json,52,Lovato,11B630-1000-400,11B630-1000-400,1000A,3850000.00,unchanged
jc.json,53,Lovato,BGX 1011,BGX 1011,,5150.00,unchanged
jc.json,53,Lovato,BGX 1022,BGX 1022,,9000.00,unchanged
jc.json,53,Lovato,BFX 1011,BFX 1011,,5100.00,unchanged
jc.json,53,Lovato,BFX 1022,BFX 1022,,9250.00,unchanged
jc.json,53,Lovato,BFX 1040,BFX 1040,,20900.00,unchanged
jc.json,53,Lovato,11G,11G,,20900.00,unchanged
jc.json,53,Lovato,11G48111,11G48111,,9000.00,unchanged
jc.json,53,Lovato,11G48120,11G48120,,9000.00,unchanged
jc.json,53,Lovato,BFX5000,BFX5000,,12900.00,unchanged
jc.json,53,Lovato,BFX5400,BFX5400,,13800.00,unchanged
jc.json,53,Lovato,11G269-2,11G269-2,,13800.00,unchanged
jc.json,53,Lovato,11G355,11G355,,17000.00,unchanged
jc.json,53,Lovato,11G356-6,11G356-6,,56000.00,unchanged
jc.json,53,Lovato,11G222,11G222,,51000.00,unchanged
jc.json,53,Lovato,11G272,11G272,,50000.00,unchanged
jc.json,53,Lovato,11G454,11G454,,22000.00,unchanged
jc.json,53,Lovato,11G455,11G455,,23000.00,unchanged
jc.json,53,Lovato,BFX91A,BFX91A,25A,14200.00,unchanged
jc.json,53,Lovato,BFX92A,BFX92A,38A,16500.00,unchanged
jc.json,53,Lovato,BFX93A,BFX93A,,40000.00,unchanged
jc.json,53,Lovato,BFX94A,BFX94A,,47000.00,unchanged
jc.json,53,Lovato,11BA705,11BA705,110A,36000.00,unchanged
jc.json,53,Lovato,11BA11574,11BA11574,145A,95000.00,unchanged
jc.json,53,Lovato,11BA1699,11BA1699,,170000.00,unchanged
jc.json,53,Lovato,11BA1800,11BA1800,,299000.00,unchanged
jc.json,53,Lovato,BFX99,BFX99-038T,,,unchanged
jc.json,53,Lovato,BFX99,BFX99-085T,,,unchanged
jc.json,53,Lovato,BFX99,BFX99-095T,,,unchanged
jc.json,53,Lovato,BFX99,BFX99-115T,,,unchanged
jc.json,53,Lovato,BFX99,BFX99-150T,,,unchanged
jc.json,53,Lovato,11G274,11G274,,,unchanged
jc.json,54,Lovato,11SM1B12,11SM1B12,0.63A,38000.00,unchanged
jc.json,54,Lovato,11SM1B16,11SM1B16,1A,38000.00,unchanged
jc.json,54,Lovato,SM1R0160,SM1R0160,1.6A,38000.00,unchanged
jc.json,54,Lovato,11SM1B24,11SM1B24,2.5A,38000.00,unchanged
jc.json,54,Lovato,SM1R0400,SM1R0400,4A,38000.00,unchanged
jc.json,54,Lovato,11SM1B32,11SM1B32,6.5A,38000.00,unchanged
jc.json,54,Lovato,11SM1B36,11SM1B36,10A,45000.00,unchanged
jc.json,54,Lovato,SM1R1400,SM1R1400,14A,45000.00,unchanged
jc.json,54,Lovato,SM1R1800,SM1R1800,18A,45000.00,unchanged
jc.json,54,Lovato,SM1R2300,SM1R2300,23A,52000.00,unchanged
jc.json,54,Lovato,SM1R2500,SM1R2500,25A,52000.00,unchanged
jc.json,54,Lovato,11SM1B56,11SM1B56,32A,62000.00,unchanged
jc.json,54,Lovato,11SM2A68,11SM2A68,40A,105000.00,unchanged
jc.json,54,Lovato,11SM3A84,11SM3A84,63A,180000.00,unchanged
jc.json,54,Lovato,11SM3A96,11SM3A96,100A,260000.00,unchanged
jc.json,54,Lovato,11SMX1211,11SMX1211,,8000.00,unchanged
jc.json,54,Lovato,11SMX1311,11SMX1311,,14000.00,unchanged
jc.json,54,Lovato,11SMX14EA,11SMX14EA,,26000.00,unchanged
jc.json,54,Lovato,11SMX16CL,11SMX16CL,,26000.00,unchanged
jc.json,54,Lovato,11SMX1814,11SMX1814,,,unchanged
jc.json,54,Lovato,LMR32,LMR32,2.5A,37000.00,unchanged
jc.json,54,Lovato,LMR32,LMR32,4A,37000.00,unchanged
jc.json,54,Lovato,LMR32,LMR32,6A,37000.00,unchanged
jc.json,54,Lovato,LMR32,LMR32,10A,43000.00,unchanged
jc.json,54,Lovato,LMRX12,LMRX12,,8000.00,unchanged
jc.json,54,Lovato,LMRX13,LMRX13,,12000.00,unchanged
jc.json,54,Lovato,LMRX14,LMRX14,,20000.00,unchanged
jc.json,55,Lovato,RF380100,RF380100,1.0A,24000.00,unchanged
jc.json,55,Lovato,RF380160,RF380160,1.6A,24000.00,unchanged
jc.json,55,Lovato,RF380250,RF380250,2.5A,24000.00,unchanged
jc.json,55,Lovato,RF380400,RF380400,4.0A,24000.00,unchanged
jc.json,55,Lovato,RF380650,RF380650,6.5A,24000.00,unchanged
jc.json,55,Lovato,RF381000,RF381000,10A,24000.00,unchanged
jc.json,55,Lovato,RF381400,RF381400,14A,24000.00,unchanged
jc.json,55,Lovato,RF381800,RF381800,18A,27000.00,unchanged
jc.json,55,Lovato,RF382300,RF382300,23A,27000.00,unchanged
jc.json,55,Lovato,RF383200,RF383200,32A,38000.00,unchanged
jc.json,55,Lovato,RF383800,RF383800,38A,38000.00,unchanged
jc.json,55,Lovato,11RF95333,11RF95333,33A,52000.00,unchanged
jc.json,55,Lovato,11RF95342,11RF95342,42A,52000.00,unchanged
jc.json,55,Lovato,11RF95365,11RF95365,65A,65000.00,unchanged
jc.json,55,Lovato,11RF95395,11RF95395,95A,78000.00,unchanged
jc.json,55,Lovato,11RF953110,11RF953110,110A,85000.00,unchanged
jc.json,55,Lovato,RF200125,RF200125,125A,214000.00,unchanged
jc.json,55,Lovato,RF200150,RF200150,150A,222000.00,unchanged
jc.json,55,Lovato,RF200200,RF200200,200A,230000.00,unchanged
jc.json,55,Lovato,RFX3804,RFX3804,,6300.00,unchanged
jc.json,55,Lovato,11G270,11G270,,22500.00,unchanged
jc.json,55,Lovato,M0 P009 12 400 2V3,M0 P009 12 400 2V3,2.3A,54000.00,unchanged
jc.json,55,Lovato,M0 P009 12 400 33,M0 P009 12 400 33,3.3A,54000.00,unchanged
jc.json,55,Lovato,M0 P009 12 400 5,M0 P009 12 400 5,5A,54000.00,unchanged
jc.json,55,Lovato,M0 P009 12 400 75,M0 P009 12 400 75,7.5A,54000.00,unchanged
jc.json,55,Lovato,M0 P009 12 400 10,M0 P009 12 400 10,10A,54000.00,unchanged
jc.json,55,Lovato,M0 P012 12 400 15,M0 P012 12 400 15,15A,57000.00,unchanged
jc.json,55,Lovato,M1 P018 12 400 B1,M1 P018 12 400 B1,18A,70000.00,unchanged
jc.json,55,Lovato,M2 P025 12 400 B2,M2 P025 12 400 B2,23A,134000.00,unchanged
jc.json,55,Lovato,M2 P032 12 400 B4,M2 P032 12 400 B4,32A,191000.00,unchanged
jc.json,55,Lovato,M3 P038 12 400 B5,M3 P038 12 400 B5,42A,250000.00,unchanged
jc.json,55,Lovato,M3 P050 12 400 B6,M3 P050 12 400 B6,50A,310000.00,unchanged
jc.json,55,Lovato,M3 P065 12 400 B7,M3 P065 12 400 B7,65A,363000.00,unchanged
jc.json,55,Lovato,M3 P080 12 400 B8,M3 P080 12 400 B8,82A,450000.00,unchanged
jc.json,56,Lovato,KMC2-S11,KMC2-S11,,16500.00,unchanged
jc.json,56,Lovato,TS10521A,TS10521A,,33500.00,unchanged
jc.json,56,Lovato,KME2-S11,KME2-S11,,22500.00,unchanged
jc.json,56,Lovato,KMF2-S11,KMF2-S11,,23000.00,unchanged
jc.json,56,Lovato,PMV55 A240 1-Phase,PMV55 A240 1-Phase,,95000.00,unchanged
jc.json,56,Lovato,PMV50 A575 3-Phase,PMV50 A575 3-Phase,,110000.00,unchanged
jc.json,57,Lovato,EXP1006,EXP1006,,495000.00,unchanged
jc.json,57,Lovato,EXP1007,EXP1007,,540000.00,unchanged
jc.json,57,Lovato,EXP1006,EXP1006,,560000.00,price 495000.00 -> 560000.00
jc.json,58,Lovato,DCRL5,DCRL5/DCRL8,,130000.00,unchanged
jc.json,58,Lovato,DCRL5,DCRL5/DCRL8,,280000.00,price 130000.00 -> 280000.00
jc.json,58,Lovato,EXP1006,EXP1006,,40000.00,price 560000.00 -> 40000.00
jc.json,58,Lovato,EXP1007(3,EXP1007(3,,60000.00,unchanged
jc.json,59,Lovato,0.5s,0.5s,,,unchanged
jc.json,59,Lovato,DMXP03,DMXP03,,,unchanged
jc.json,61,Lovato,RS,RS-485,,,unchanged
jc.json,62,Lovato,EXP10 00,EXP10 00,,,unchanged
jc.json,62,Lovato,EXP10 01,EXP10 01,,,unchanged
jc.json,62,Lovato,EXP10 02,EXP10 02,,,unchanged
jc.json,62,Lovato,EXP10 03,EXP10 03,5A,,unchanged
jc.json,62,Lovato,EXP10 04,EXP10 04,,,unchanged
jc.json,62,Lovato,EXP10 05,EXP10 05,,,unchanged
jc.json,62,Lovato,EXP10 08,EXP10 08,,,unchanged
jc.json,62,Lovato,EXP10 12,EXP10 12,,75000.00,unchanged
jc.json,62,Lovato,EXP10 13,EXP10 13,,,unchanged
jc.json,62,Lovato,EXP10 10,EXP10 10,,75000.00,unchanged
jc.json,62,Lovato,EXP10 30,EXP10 30,,,unchanged
jc.json,62,Lovato,EXP10 31,EXP10 31,,,unchanged
jc.json,62,Lovato,EXM 10 00,EXM 10 00,,,unchanged
jc.json,62,Lovato,EXM 10 01,EXM 10 01,,,unchanged
jc.json,62,Lovato,EXM 10 12,EXM 10 12,,,unchanged
jc.json,62,Lovato,EXM 10 20,EXM 10 20,,,unchanged
jc.json,62,Lovato,EXS 0000,EXS 0000,,,unchanged
jc.json,62,Lovato,EXS 4000,EXS 4000,,,unchanged
jc.json,62,Lovato,EXS 4001,EXS 4001,,,unchanged
jc.json,62,Lovato,CX 01,CX 01,,,unchanged
jc.json,62,Lovato,CX02 Wi-Fi,CX02 Wi-Fi,,,unchanged
jc.json,66,Lovato,EXP10 00,EXP10 00,,,unchanged
jc.json,66,Lovato,EXP10 01,EXP10 01,,,unchanged
jc.json,66,Lovato,EXP10 02,EXP10 02,,,unchanged
jc.json,66,Lovato,EXP10 03,EXP10 03,5A,,unchanged
jc.json,66,Lovato,EXP10 04,EXP10 04,,,unchanged
jc.json,66,Lovato,EXP10 05,EXP10 05,,,unchanged
jc.json,66,Lovato,EXP10 11,EXP10 11,,,unchanged
jc.json,66,Lovato,EXP10 12,EXP10 12,,75000.00,unchanged
jc.json,66,Lovato,EXP10 13,EXP10 13,,,unchanged
jc.json,66,Lovato,EXP10 14,EXP10 14,,,unchanged
jc.json,66,Lovato,EXP10 15 GPRS,EXP10 15 GPRS,,,unchanged
jc.json,67,Lovato,RS485,RS485,,,unchanged
jc.json,68,Lovato,EXP10 01,EXP10 01,,,unchanged
jc.json,68,Lovato,EXP10 02,EXP10 02,,,unchanged
jc.json,68,Lovato,EXP10 10,EXP10 10,,75000.00,unchanged
jc.json,68,Lovato,EXP10 11,EXP10 11,,75000.00,price None -> 75000.00
jc.json,68,Lovato,EXP10 12,EXP10 12,,75000.00,unchanged
jc.json,68,Lovato,EXP10 13,EXP10 13,,,unchanged
jc.json,68,Lovato,EXP10 14,EXP10 14,,,unchanged
jc.json,68,Lovato,CX03 GSM,CX03 GSM,,,unchanged
jc.json,69,Lovato,GA016,GA016,16A,15000.00,unchanged
jc.json,69,Lovato,GA032,GA032,32A,20000.00,unchanged
jc.json,69,Lovato,GA040,GA040,40A,21500.00,unchanged
jc.json,69,Lovato,GA063,GA063,63A,30000.00,unchanged
jc.json,69,Lovato,GA100,GA100,100A,44000.00,unchanged
jc.json,69,Lovato,GA125,GA125,125A,58000.00,unchanged
jc.json,69,Lovato,GAX42,GAX42,040A,8300.00,unchanged
jc.json,69,Lovato,GAX42,GAX42,063A,12500.00,unchanged
jc.json,69,Lovato,GAX42,GAX42,100A,,unchanged
jc.json,69,Lovato,GAX42,GAX42,125A,,unchanged
jc.json,69,Lovato,GA016,GA016,16A,23300.00,price 15000.00 -> 23300.00
jc.json,69,Lovato,GA032,GA032,32A,28300.00,price 20000.00 -> 28300.00
jc.json,69,Lovato,GA040,GA040,40A,29300.00,price 21500.00 -> 29300.00
jc.json,69,Lovato,GA063,GA063,63A,42500.00,price 30000.00 -> 42500.00
jc.json,69,Lovato,GA100,GA100,100A,,kept 44000.00 (new list has no price)
jc.json,69,Lovato,GA125,GA125,125A,,kept 58000.00 (new list has no price)
jc.json,69,Lovato,GAX50,GAX50,40A,23500.00,unchanged
jc.json,69,Lovato,GAX50,GAX50,125A,29500.00,unchanged
jc.json,70,Lovato,DM3T,DM3T,,18000.00,unchanged
jc.json,70,Lovato,DM3T,DM3T,,25000.00,price 18000.00 -> 25000.00
jc.json,70,Lovato,DM3T,DM3T,,31000.00,price 25000.00 -> 31000.00
jc.json,70,Lovato,DM4T,DM4T,,38000.00,unchanged
jc.json,70,Lovato,DM4T,DM4T,,45000.00,price 38000.00 -> 45000.00
jc.json,70,Lovato,DM4T,DM4T,,55000.00,price 45000.00 -> 55000.00
jc.json,70,Lovato,DM4T,DM4T,,65000.00,price 55000.00 -> 65000.00
jc.json,70,Lovato,DM4T,DM4T,,90000.00,price 65000.00 -> 90000.00
jc.json,70,Lovato,DM4T,DM4T,,115000.00,price 90000.00 -> 115000.00
jc.json,71,Lovato,8LP2T,8LP2T,,3400.00,unchanged
jc.json,71,Lovato,8LP2T,8LP2T,,3400.00,unchanged
jc.json,71,Lovato,8LP2T,8LP2T,,3400.00,unchanged
jc.json,71,Lovato,8LP2T,8LP2T,,3400.00,unchanged
jc.json,71,Lovato,LM3,LM3,,3500.00,unchanged
jc.json,71,Lovato,LM4,LM4,,3500.00,unchanged
jc.json,71,Lovato,LM5,LM5,,3500.00,unchanged
jc.json,71,Lovato,LM6,LM6,,3500.00,unchanged
jc.json,71,Lovato,LM7,LM7,,3500.00,unchanged
jc.json,71,Lovato,8LM2TB10,8LM2TB10,,3000.00,unchanged
jc.json,71,Lovato,8LM2TC01,8LM2TC01,,1800.00,unchanged
jc.json,71,Lovato,8LM2TAU120,8LM2TAU120,,1400.00,unchanged
jc.json,71,Lovato,8LM2TB103,8LM2TB103,,3000.00,unchanged
jc.json,71,Lovato,8LM2TC10,8LM2TC10,,1800.00,unchanged
jc.json,71,Lovato,8LM2TAU120,8LM2TAU120,,1400.00,unchanged
jc.json,71,Lovato,8LP2TBL104,8LP2TBL104,,4800.00,unchanged
jc.json,71,Lovato,8LM2TLM4,8LM2TLM4,,9800.00,unchanged
jc.json,71,Lovato,8LM2TC01,8LM2TC01,,1800.00,unchanged
jc.json,71,Lovato,8LM2TAU120,8LM2TAU120,,1400.00,unchanged
jc.json,71,Lovato,8LP2TBL103,8LP2TBL103,,4800.00,unchanged
jc.json,71,Lovato,8LM2TLM3,8LM2TLM3,,9800.00,unchanged
jc.json,71,Lovato,8LM2TC10,8LM2TC10,,1800.00,unchanged
jc.json,71,Lovato,8LM2TAU120,8LM2TAU120,,1400.00,unchanged
jc.json,71,Lovato,8LP2TS2303,8LP2TS2303,,9500.00,unchanged
jc.json,71,Lovato,8LM2TC10,8LM2TC10,,1800.00,unchanged
jc.json,71,Lovato,8LM2TAU120,8LM2TAU120,,1400.00,unchanged
jc.json,72,Lovato,LPCB,LPCB-104,,2900.00,unchanged
jc.json,72,Lovato,LPXC01,LPXC01,,1800.00,unchanged
jc.json,72,Lovato,LPXAU120,LPXAU120,,1000.00,unchanged
jc.json,72,Lovato,LPCB,LPCB-103,,2900.00,unchanged
jc.json,72,Lovato,LPXC10,LPXC10,,1800.00,unchanged
jc.json,72,Lovato,LPCB,LPCB-102,,2900.00,unchanged
jc.json,73,Lovato,LPCBL104,LPCBL104,,4800.00,price 17500.00 -> 4800.00
jc.json,73,Lovato,LPXLPM4,LPXLPM4,,9900.00,unchanged
jc.json,73,Lovato,LPCBL103,LPCBL103,,4800.00,unchanged
jc.json,73,Lovato,LPXLPM3,LPXLPM3,,9900.00,unchanged
jc.json,73,Lovato,LPCB,LPCB-6344,,9900.00,unchanged
jc.json,73,Lovato,LPCB,LPCB-6844,,22000.00,unchanged
jc.json,74,Lovato,LPCS,LPCS-120,,6200.00,unchanged
jc.json,74,Lovato,LPXC10,LPXC10,,1800.00,unchanged
jc.json,74,Lovato,0-I,0-I,,10000.00,unchanged
jc.json,74,Lovato,LPCS,LPCS-121,,7200.00,unchanged
jc.json,74,Lovato,LPXC10,LPXC10,,1800.00,unchanged
jc.json,74,Lovato,LPXAU120,LPXAU120,,1000.00,unchanged
jc.json,74,Lovato,I-0-II,I-0-II,,11800.00,unchanged
jc.json,74,Lovato,LPCS,LPCS-130,,7200.00,unchanged
jc.json,74,Lovato,LPXC10,LPXC10,,1800.00,unchanged
jc.json,74,Lovato,I-0-II,I-0-II,,15500.00,price 11800.00 -> 15500.00
jc.json,74,Lovato,LPCS,LPCS-131,,10900.00,unchanged
jc.json,74,Lovato,0-I,0-I,,17500.00,price 10000.00 -> 17500.00
jc.json,74,Lovato,LPCS,LPCS-321,,14700.00,unchanged
jc.json,74,Lovato,LPCZSM 185-265,LPCZSM 185-265,,27000.00,unchanged
jc.json,76,DF Electric,Group 00,Group 00,25A,2900.00,unchanged
jc.json,76,DF Electric,Group 00,Group 00,125A,4000.00,unchanged
jc.json,76,DF Electric,Group 1,Group 1,160A,8500.00,unchanged
jc.json,76,DF Electric,Group 2,Group 2,315A,13000.00,unchanged
jc.json,76,DF Electric,Group 3,Group 3,500A,25000.00,unchanged
jc.json,76,DF Electric,Group 00,Group 00,160A,4700.00,unchanged
jc.json,76,DF Electric,Group 1,Group 1,250A,14500.00,unchanged
jc.json,76,DF Electric,Group 2,Group 2,400A,18000.00,unchanged
jc.json,76,DF Electric,Group 3,Group 3,630A,23000.00,unchanged
jc.json,76,DF Electric,Group 00 1-Pole,Group 00 1-Pole,160A,4000.00,unchanged
jc.json,76,DF Electric,Group 1,Group 1,250A,11000.00,price 14500.00 -> 11000.00
jc.json,76,DF Electric,Group 2,Group 2,400A,19500.00,price 18000.00 -> 19500.00
jc.json,76,DF Electric,Group 3,Group 3,630A,25000.00,price 23000.00 -> 25000.00
jc.json,76,DF Electric,Group 00 3-Pole,Group 00 3-Pole,160A,16000.00,unchanged
jc.json,76,DF Electric,Group 00,Group 00,160A,57000.00,price 4700.00 -> 57000.00
jc.json,76,DF Electric,Group 1,Group 1,250A,196000.00,price 11000.00 -> 196000.00
jc.json,76,DF Electric,Size T-0,Size T-0,2A,525.00,unchanged
jc.json,76,DF Electric,Size PMX-10,Size PMX-10,32A,2100.00,unchanged
jc.json,76,DF Electric,Size PMX-10,Size PMX-10,32A,3700.00,price 2100.00 -> 3700.00
jc.json,77,Hager,MC,MC-1,6A,4600.00,unchanged
jc.json,77,Hager,MC,MC-1,16A,3800.00,unchanged
jc.json,77,Hager,MC,MC-1,50A,6900.00,unchanged
jc.json,77,Hager,MC,MC-1,2A,12800.00,unchanged
jc.json,77,Hager,MT,MT-1,6A,,unchanged
jc.json,77,Hager,MT,MT-1,50A,,unchanged
jc.json,77,Hager,NC,NC-1,6A,,unchanged
jc.json,77,Hager,NC,NC-1,50A,,unchanged
jc.json,77,Hager,NC,NC-1,2A,,unchanged
jc.json,77,Hager,MC,MC-2,6A,14500.00,unchanged
jc.json,77,Hager,MC,MC-2,16A,14500.00,unchanged
jc.json,77,Hager,MC,MC-2,50A,18000.00,unchanged
jc.json,77,Hager,NC,NC-2,6A,,unchanged
jc.json,77,Hager,NC,NC-2,50A,,unchanged
jc.json,77,Hager,NC,NC-2,2A,,unchanged
jc.json,77,Hager,MC,MC-3,6A,18000.00,unchanged
jc.json,77,Hager,MC,MC-3,16A,18500.00,unchanged
jc.json,77,Hager,MC,MC-3,50A,30000.00,unchanged
jc.json,77,Hager,NC,NC-3,6A,,unchanged
jc.json,77,Hager,NC,NC-3,50A,,unchanged
jc.json,77,Hager,HLF,HLF-3,80A,,unchanged
jc.json,77,Hager,MC,MC-4,6A,39000.00,unchanged
jc.json,77,Hager,MC,MC-4,16A,39000.00,unchanged
jc.json,77,Hager,MC,MC-4,50A,45000.00,unchanged
jc.json,77,Hager,MZ201,MZ201,,24800.00,price 27500.00 -> 24800.00
jc.json,77,Hager,MZ202,MZ202,,24800.00,unchanged
jc.json,77,Hager,MZ003,MZ003,,38000.00,unchanged
jc.json,77,Hager,MZ006,MZ006,,42000.00,unchanged
jc.json,77,Hager,MZ175,MZ175,,10500.00,unchanged
jc.json,78,Hager,CD226J,CD226J,25A,31500.00,unchanged
jc.json,78,Hager,CD241J,CD241J,40A,33500.00,unchanged
jc.json,78,Hager,CD264J,CD264J,63A,43000.00,unchanged
jc.json,78,Hager,CD426J,CD426J,25A,45000.00,unchanged
jc.json,78,Hager,CD441J,CD441J,40A,45000.00,unchanged
jc.json,78,Hager,CD464J,CD464J,63A,55000.00,unchanged
jc.json,78,Hager,CF441J,CF441J,40A,45000.00,unchanged
jc.json,78,Hager,CF464J,CF464J,63A,55000.00,unchanged
jc.json,78,Hager,CF485Z,CF485Z,100A,92000.00,unchanged
jc.json,78,Hager,SP215R,SP215R,,115000.00,unchanged
jc.json,78,Hager,SP240R,SP240R,,125000.00,unchanged
jc.json,79,Hager,VF12TB,VF12TB,,16500.00,unchanged
jc.json,79,Hager,VF24TB,VF24TB,,21500.00,unchanged
jc.json,79,Hager,VF36TB,VF36TB,,26500.00,unchanged
jc.json,81,Tecnologic,V650,V650/6,,260000.00,unchanged
jc.json,81,Tecnologic,V650,V650/12,,280000.00,unchanged
jc.json,81,Tecnologic,V450,V450/6,,205000.00,unchanged
jc.json,82,Tecnologic,V170,V170/4,,115000.00,unchanged
jc.json,83,Socomec,2600 3014,2600 3014,125A,60000.00,unchanged
jc.json,83,Socomec,2600 3017,2600 3017,160A,68000.00,unchanged
jc.json,83,Socomec,2600 3026,2600 3026,250A,87000.00,unchanged
jc.json,83,Socomec,2600 3041,2600 3041,400A,153000.00,unchanged
jc.json,83,Socomec,2600 3051,2600 3051,500A,176000.00,unchanged
jc.json,83,Socomec,2600 3064,2600 3064,630A,241000.00,unchanged
jc.json,83,Socomec,2600 3081,2600 3081,800A,343000.00,unchanged
jc.json,83,Socomec,2600 3099,2600 3099,1000A,486000.00,unchanged
jc.json,83,Socomec,2600 3121,2600 3121,1250A,530000.00,unchanged
jc.json,83,Socomec,2600 3161,2600 3161,1600A,766000.00,unchanged
jc.json,83,Socomec,2600 3200,2600 3200,2000A,1380000.00,unchanged
jc.json,83,Socomec,2600 3250,2600 3250,2500A,1475000.00,unchanged
jc.json,83,Socomec,2600 3320,2600 3320,3200A,2128000.00,unchanged
jc.json,83,Socomec,2600 3400,2600 3400,4000A,,unchanged
jc.json,83,Socomec,1421 2111,1421 2111,630A,41000.00,unchanged
jc.json,83,Socomec,1400 1032,1400 1032,630A,21000.00,unchanged
jc.json,83,Socomec,1443 3111,1443 3111,1800A,112000.00,unchanged
jc.json,83,Socomec,1401 1532,1401 1532,1800A,40000.00,unchanged
jc.json,83,Socomec,2799 7136,2799 7136,3200A,175000.00,unchanged
jc.json,83,Socomec,2799 3018,2799 3018,4000A,45000.00,unchanged
jc.json,83,Socomec,2699 0031,2699 0031,3200A,15000.00,unchanged
jc.json,84,Socomec,41AC,41AC,160A,216000.00,unchanged
jc.json,84,Socomec,41AC,41AC,250A,233000.00,unchanged
jc.json,84,Socomec,41AC,41AC,400A,370000.00,unchanged
jc.json,84,Socomec,41AC,41AC,630A,445000.00,unchanged
jc.json,84,Socomec,41AC,41AC,800A,950000.00,unchanged
jc.json,84,Socomec,41AC,41AC,1250A,1385000.00,unchanged
jc.json,84,Socomec,41AC,41AC,1600A,2162000.00,unchanged
jc.json,84,Socomec,41AC,41AC,2000A,3600000.00,unchanged
jc.json,84,Socomec,41AC,41AC,2500A,4650000.00,unchanged
jc.json,84,Socomec,41AC,41AC,3200A,6550000.00,unchanged
jc.json,84,Socomec,1421 2113,1421 2113,630A,45500.00,unchanged
jc.json,84,Socomec,1400 1032,1400 1032,630A,21000.00,unchanged
jc.json,84,Socomec,1443 3113,1443 3113,1800A,140000.00,unchanged
jc.json,84,Socomec,1401 1532,1401 1532,1800A,40000.00,unchanged
jc.json,84,Socomec,2799 7146,2799 7146,3200A,415000.00,unchanged
jc.json,84,Socomec,2799 3018,2799 3018,4000A,45000.00,unchanged
jc.json,84,Socomec,4109 0021,4109 0021,1800A,16000.00,unchanged
jc.json,84,Socomec,4409 0022,4409 0022,3200A,22000.00,unchanged
jc.json,84,Socomec,9523 4025,9523 4025,250A,1425000.00,unchanged
jc.json,84,Socomec,9523 4040,9523 4040,400A,1560000.00,unchanged
jc.json,84,Socomec,9523 4063,9523 4063,630A,2050000.00,unchanged
jc.json,84,Socomec,9523 4080,9523 4080,800A,3200000.00,unchanged
jc.json,84,Socomec,9523 4120,9523 4120,1250A,3500000.00,unchanged
jc.json,84,Socomec,9523 4160,9523 4160,1600A,4700000.00,unchanged
jc.json,84,Socomec,4100 9080,4100 9080,800A,,unchanged
jc.json,84,Socomec,4494 5125,4494 5125,800A,,unchanged
jc.json,84,Socomec,2799 3015,2799 3015,,,unchanged
jc.json,85,Socomec,DIRIS A20,DIRIS A20,,125000.00,unchanged
jc.json,85,Socomec,DIRIS A40,DIRIS A40,,390000.00,unchanged
jc.json,85,Socomec,E50,E50,,170000.00,unchanged
jc.json,86,Socomec,AM10,AM10,,70000.00,unchanged
jc.json,86,Socomec,A20,A20,,50000.00,unchanged
jc.json,86,Socomec,A40,A40,,60000.00,unchanged
jc.json,86,Socomec,A40,A40,,50000.00,price 60000.00 -> 50000.00
jc.json,86,Socomec,RS485,RS485,,200000.00,unchanged
jc.json,87,Kraus & Naimer,CA10 A202 PK9000E,CA10 A202 PK9000E,20A,16000.00,unchanged
jc.json,87,Kraus & Naimer,CA10 A212 PK9021E,CA10 A212 PK9021E,20A,29000.00,unchanged
jc.json,87,Kraus & Naimer,CA10 A213 PK9033E,CA10 A213 PK9033E,20A,35000.00,unchanged
jc.json,87,Kraus & Naimer,CA10 A004 PK9053E,CA10 A004 PK9053E,20A,17500.00,unchanged
jc.json,87,Kraus & Naimer,CA10,CA10,20A,22500.00,unchanged
jc.json,87,Kraus & Naimer,CA10 A058 PK9009E,CA10 A058 PK9009E,20A,22500.00,unchanged
jc.json,87,Kraus & Naimer,CA10 A710 PK9017E,CA10 A710 PK9017E,20A,12500.00,unchanged
jc.json,87,Kraus & Naimer,CA10 A200 PK9038E,CA10 A200 PK9038E,20A,10600.00,unchanged
jc.json,87,Kraus & Naimer,CA10 A233 PK9040E,CA10 A233 PK9040E,20A,27000.00,unchanged
jc.json,87,Kraus & Naimer,CA10 A401 PK9039E,CA10 A401 PK9039E,20A,25200.00,unchanged
jc.json,87,Kraus & Naimer,C42 PK9032,C42 PK9032,80A,120000.00,unchanged
jc.json,88,Gave,A-356B,A-356B,32A,55000.00,unchanged
jc.json,88,Gave,A-356B,A-356B,,58000.00,unchanged
jc.json,88,Gave,A-356B,A-356B,63A,110000.00,unchanged
jc.json,88,Gave,A-356B,A-356B,100A,122000.00,unchanged
jc.json,88,Gave,A-356B,A-356B,125A,147000.00,unchanged
jc.json,88,Gave,A-235B,A-235B,32A,36500.00,unchanged
jc.json,88,Gave,A-235B,A-235B,,38500.00,unchanged
jc.json,88,Gave,A-235B,A-235B,63A,73000.00,unchanged
jc.json,88,Gave,A-235B,A-235B,100A,83000.00,unchanged
jc.json,88,Gave,AK0000003,AK0000003,40A,2200.00,unchanged
jc.json,88,Gave,AK0000006,AK0000006,100A,2800.00,unchanged
jc.json,88,Gave,AK0100007,AK0100007,,4600.00,unchanged
jc.json,89,Maruyasu,A25PF10G,A25PF10G,1A,3900.00,unchanged
jc.json,89,Maruyasu,A25PF01R,A25PF01R,,3900.00,unchanged
jc.json,89,Maruyasu,A25PF11RGY,A25PF11RGY,1A,5800.00,unchanged
jc.json,89,Maruyasu,A30PF10G,A30PF10G,1A,4100.00,unchanged
jc.json,89,Maruyasu,A30PF01R,A30PF01R,,4100.00,unchanged
jc.json,89,Maruyasu,A30PF11RGY,A30PF11RGY,1A,5700.00,unchanged
jc.json,89,Maruyasu,A25PMD01R,A25PMD01R,,10650.00,unchanged
jc.json,89,Maruyasu,A25PMD11R,A25PMD11R,1A,12600.00,unchanged
jc.json,89,Maruyasu,A25SK2,A25SK2-11CB,1A,19500.00,unchanged
jc.json,89,Maruyasu,XMDK,XMDK-3011R,1A,19500.00,unchanged
jc.json,89,Maruyasu,2-Position,2-Position,1A,8100.00,unchanged
jc.json,89,Maruyasu,3-Position,3-Position,1A,9550.00,unchanged
jc.json,89,Maruyasu,A25ILT220,A25ILT220,,8500.00,unchanged
jc.json,89,Maruyasu,A25ILTSB220,A25ILTSB220,,9700.00,unchanged
jc.json,89,Maruyasu,A25FT,A25FT-220-11,1A,12400.00,unchanged
jc.json,89,Maruyasu,1B,1B,1A,1600.00,unchanged
jc.json,90,Finder,60,60.12,,6800.00,unchanged
jc.json,90,Finder,60,60.13,,7100.00,unchanged
jc.json,90,Finder,55,55.32,,5200.00,unchanged
jc.json,90,Finder,55,55.34,,5700.00,unchanged
jc.json,90,Finder,90,90.26,,3300.00,unchanged
jc.json,90,Finder,90,90.27,,3600.00,unchanged
jc.json,90,Finder,94,94.82,,3750.00,unchanged
jc.json,90,Finder,94,94.74,,3850.00,unchanged
jc.json,90,Finder,56,56.32,,6500.00,unchanged
jc.json,90,Finder,56,56.32,,6500.00,unchanged
jc.json,90,Finder,96,96.72,,4600.00,unchanged
jc.json,90,Finder,56,56.34,,11500.00,unchanged
jc.json,90,Finder,56,56.34,,11500.00,unchanged
jc.json,90,Finder,96,96.74,,6000.00,unchanged
jc.json,90,Finder,46,46.52,,4300.00,unchanged
jc.json,90,Finder,97,97.02,,3800.00,unchanged
jc.json,90,Finder,99,99.02,,2600.00,unchanged
jc.json,91,Finder,40,40.51,,2200.00,unchanged
jc.json,91,Finder,40,40.51,,2800.00,price 2200.00 -> 2800.00
jc.json,91,Finder,40,40.51,,4600.00,price 2800.00 -> 4600.00
jc.json,91,Finder,40,40.52,,3000.00,unchanged
jc.json,91,Finder,40,40.52,,3500.00,price 3000.00 -> 3500.00
jc.json,91,Finder,40,40.52,,5000.00,price 3500.00 -> 5000.00
jc.json,91,Finder,95,95.05,,3500.00,unchanged
jc.json,91,Finder,99,99.02,,2600.00,unchanged
jc.json,91,Finder,34,34.51,,3200.00,unchanged
jc.json,91,Finder,93,93.01,,6900.00,unchanged
jc.json,91,Finder,20,20.22,16A,18000.00,unchanged
jc.json,91,Finder,20,20.23,16A,18000.00,unchanged
jc.json,91,Finder,71,71.91,10A,53000.00,unchanged
jc.json,91,Finder,12,12.21,,75000.00,unchanged
jc.json,91,Finder,12,12.22,,82000.00,unchanged
jc.json,91,Finder,12,12.61,16A,66000.00,unchanged
jc.json,92,Finder,10,10.61,,35000.00,unchanged
jc.json,92,Finder,18,18.01,,30000.00,unchanged
jc.json,92,Finder,18,18.21,,40000.00,unchanged
jc.json,92,Finder,18,18.31,,46000.00,unchanged
jc.json,92,Finder,18,18.51,,74000.00,unchanged
jc.json,92,Finder,70,70.31,,55000.00,unchanged
jc.json,92,Finder,71,71.31,10A,88000.00,unchanged
jc.json,92,Finder,011.01,011.01,,300.00,unchanged
jc.json,93,Finder,72,72.01,,35000.00,unchanged
jc.json,93,Finder,72,72.53,,42000.00,unchanged
jc.json,93,Finder,72,72.500,,5500.00,unchanged
jc.json,93,Finder,72,72.501,,3300.00,unchanged
jc.json,93,Finder,72,72.503,,1250.00,unchanged
jc.json,93,Finder,072.01.15,072.01.15,,17000.00,unchanged
jc.json,93,Finder,072.02.06,072.02.06,,13500.00,unchanged
jc.json,93,Finder,72.A1,72.A1,,22500.00,unchanged
jc.json,94,Emirel,V1,V1-11,,64000.00,unchanged
jc.json,94,Emirel,V3,V3-19,,67000.00,unchanged
jc.json,94,Emirel,V3,V3-18,,69000.00,unchanged
jc.json,94,Emirel,V1,V1-04,,38000.00,unchanged
jc.json,95,Emirel,V3,V3-12-B,,38000.00,unchanged
jc.json,95,Emirel,E363,E363,,41000.00,unchanged
jc.json,95,Emirel,W-04,W-04,,,unchanged
jc.json,96,Saci,EC96,EC96,5A,8700.00,unchanged
jc.json,96,Saci,EC96,EC96,,8700.00,unchanged
jc.json,96,Saci,DP35EM,DP35EM,,29000.00,unchanged
jc.json,96,Saci,DP35EM,DP35EM,,29000.00,unchanged
jc.json,96,Saci,DH3EM,DH3EM,,46000.00,unchanged
jc.json,96,Saci,DM3EM,DM3EM,,46000.00,unchanged
jc.json,97,Saci,TU20PS,TU20PS,,10000.00,unchanged
jc.json,97,Saci,TU20PS,TU20PS,,10000.00,unchanged
jc.json,97,Saci,TU30PS,TU30PS,,10000.00,unchanged
jc.json,97,Saci,TU30PS,TU30PS,,11500.00,price 10000.00 -> 11500.00
jc.json,97,Saci,TU30PS,TU30PS,,11500.00,unchanged
jc.json,97,Saci,TU40PS,TU40PS,,12500.00,unchanged
jc.json,97,Saci,TU40PS,TU40PS,,12500.00,unchanged
jc.json,97,Saci,TU 60PS,TU 60PS,,14000.00,unchanged
jc.json,97,Saci,TU50PS,TU50PS,,16500.00,unchanged
jc.json,97,Saci,TU80PS,TU80PS,,21000.00,unchanged
jc.json,97,Saci,TU80PS,TU80PS,,22500.00,price 21000.00 -> 22500.00
jc.json,97,Saci,TU100PS,TU100PS,,27000.00,unchanged
jc.json,97,Saci,TU100PS,TU100PS,,30000.00,price 27000.00 -> 30000.00
jc.json,97,Saci,TU125PS,TU125PS,,34000.00,unchanged
jc.json,97,Saci,TU125PS,TU125PS,,39000.00,price 34000.00 -> 39000.00
jc.json,97,Saci,TU125PS,TU125PS,,41000.00,price 39000.00 -> 41000.00
jc.json,97,Saci,TU125PS,TU125PS,,48000.00,price 41000.00 -> 48000.00
jc.json,97,Saci,TU125PS,TU125PS,,57000.00,price 48000.00 -> 57000.00
jc.json,97,Saci,TU125PS,TU125PS,,72000.00,price 57000.00 -> 72000.00
jc.json,97,Saci,TU125RS,TU125RS,,146000.00,unchanged
jc.json,97,Saci,TU125RS,TU125RS,,180000.00,price 146000.00 -> 180000.00
jc.json,98,Saci,TA24P,TA24P,,35000.00,unchanged
jc.json,98,Saci,TA24P,TA24P,,35000.00,unchanged
jc.json,98,Saci,TA24P,TA24P,,35000.00,unchanged
jc.json,98,Saci,TA24P,TA24P,,35000.00,unchanged
jc.json,98,Saci,TA36P,TA36P,,44000.00,unchanged
jc.json,98,Saci,TA36P,TA36P,,44000.00,unchanged
jc.json,98,Saci,TA36P,TA36P,,44000.00,unchanged
jc.json,99,Saci,TA30P,TA30P,,45000.00,unchanged
jc.json,99,Saci,TA30P,TA30P,,45000.00,unchanged
jc.json,99,Saci,TA30P,TA30P,,45000.00,unchanged
jc.json,99,Saci,TA30P,TA30P,,45000.00,unchanged
jc.json,99,Saci,TA30P,TA30P,,45000.00,unchanged
jc.json,99,Saci,TA60P,TA60P,,52000.00,unchanged
jc.json,99,Saci,TA60P,TA60P,,52000.00,unchanged
jc.json,99,Saci,TA80P,TA80P,,57000.00,unchanged
jc.json,99,Saci,TA80P,TA80P,,62000.00,price 57000.00 -> 62000.00
jc.json,99,Saci,TA125P,TA125P,,85000.00,unchanged
jc.json,99,Saci,TA125P,TA125P,,98000.00,price 85000.00 -> 98000.00
jc.json,99,Saci,TA125P,TA125P,,110000.00,price 98000.00 -> 110000.00
jc.json,99,Saci,TA125P,TA125P,,118000.00,price 110000.00 -> 118000.00
jc.json,99,Saci,TA125P,TA125P,,128000.00,price 118000.00 -> 128000.00
jc.json,99,Saci,TA160P,TA160P,,150000.00,unchanged
jc.json,99,Saci,TA160P,TA160P,,190000.00,price 150000.00 -> 190000.00
jc.json,100,Dehn,DVA CSP,DVA CSP,,304000.00,unchanged
jc.json,100,Dehn,DVA CSP,DVA CSP,,304000.00,unchanged
jc.json,100,Dehn,DG MPR TT 70,DG MPR TT 70,,110000.00,unchanged
jc.json,100,Dehn,DG MPR TT 70,DG MPR TT 70,,101000.00,price 110000.00 -> 101000.00
jc.json,101,Dehn,DG,DG,,124000.00,unchanged
jc.json,101,Dehn,DG,DG,,114500.00,price 124000.00 -> 114500.00
jc.json,101,Dehn,DG TT 20 340,DG TT 20 340,,53000.00,unchanged
jc.json,101,Dehn,DG,DG,,48000.00,price 114500.00 -> 48000.00
jc.json,101,Dehn,DG,DG,,90500.00,price 48000.00 -> 90500.00
jc.json,103,Selco,T4000.0030,T4000.0030,,,unchanged
jc.json,103,Selco,T4500.0030,T4500.0030,,,unchanged
jc.json,103,Selco,T4400.0100,T4400.0100,,,unchanged
jc.json,103,Selco,T4800.0030,T4800.0030,,,unchanged
jc.json,103,Selco,T4300,T4300-04,,,unchanged
jc.json,103,Selco,T4900.0030,T4900.0030,,,unchanged
jc.json,103,Selco,E7800.0710,E7800.0710,,,unchanged
jc.json,103,Selco,T5000.0030,T5000.0030,,,unchanged
jc.json,103,Selco,M8100.0030,M8100.0030,,,unchanged
jc.json,103,Selco,M8100.0070,M8100.0070,,,unchanged
jc.json,103,Selco,T2000.0120,T2000.0120,,,unchanged
jc.json,103,Selco,G2000.0010,G2000.0010,,,unchanged
jc.json,103,Selco,T2400.0050,T2400.0050,,,unchanged
jc.json,103,Selco,B9300.0060,B9300.0060,,,unchanged
jc.json,104,Selco,T2200.0080,T2200.0080,,,unchanged
jc.json,104,Selco,T2500.0030,T2500.0030,,,unchanged
jc.json,104,Selco,T3000.0040,T3000.0040,,,unchanged
jc.json,104,Selco,T3100,T3100-03,,,unchanged
jc.json,104,Selco,S6100.0010,S6100.0010,,,unchanged
jc.json,104,Selco,INPUT,INPUT/OUTPUT,,,unchanged
jc.json,104,Selco,S6500.0010,S6500.0010,,,unchanged
jc.json,105,Elcontrol,STAR3 ALM,STAR3 ALM,,280000.00,price None -> 280000.00
jc.json,105,Elcontrol,STAR3 HARMO,STAR3 HARMO,,280000.00,unchanged
jc.json,106,Elcontrol,STAR3,STAR3,,445000.00,unchanged
jc.json,106,Elcontrol,POLAR STAR,POLAR STAR,,295000.00,unchanged
jc.json,106,Elcontrol,POLAR STAR,POLAR STAR,,350000.00,price 295000.00 -> 350000.00
jc.json,107,Elcontrol,SYSTEM3,SYSTEM3,,3500000.00,unchanged
jc.json,107,Elcontrol,MICROVIP3,MICROVIP3,,2825000.00,unchanged
jc.json,109,Elcontrol,SYS3,SYS3,,860000.00,unchanged
jc.json,109,Elcontrol,SYS3,SYS3,,432000.00,price 860000.00 -> 432000.00
jc.json,109,Elcontrol,SYS3,SYS3,,590000.00,price 432000.00 -> 590000.00
jc.json,109,Elcontrol,MP-PI,MP-PI,,260000.00,unchanged
jc.json,109,Elcontrol,VIPSYS3,VIPSYS3,,175000.00,unchanged
jc.json,109,Elcontrol,PC,PC-485-Box,,355000.00,unchanged
jc.json,110,Elcontrol,STAR3,STAR3,,1710000.00,price 445000.00 -> 1710000.00
jc.json,110,Elcontrol,STAR3,STAR3,,280000.00,price 1710000.00 -> 280000.00
jc.json,111,Elcontrol,STAR3,STAR3,,1925000.00,price 280000.00 -> 1925000.00
jc.json,111,Elcontrol,STAR 3,STAR 3,,445000.00,unchanged
jc.json,112,Revalco,ERI96,ERI96,5A,9000.00,unchanged
jc.json,112,Revalco,ERI96,ERI96,,9000.00,unchanged
jc.json,112,Revalco,2ERID48.A,2ERID48.A,,29000.00,unchanged
jc.json,112,Revalco,2ERID48.V,2ERID48.V,,29000.00,unchanged
jc.json,112,Revalco,RID96S.VA,RID96S.VA,,72000.00,unchanged
jc.json,112,Revalco,15MIN,15MIN,5A,41000.00,unchanged
jc.json,112,Revalco,ESBC96,ESBC96,200A,8000.00,unchanged
jc.json,112,Revalco,1CORIA,1CORIA,1A,80000.00,unchanged
jc.json,113,Revalco,4RK46,4RK46,,45000.00,unchanged
jc.json,113,Revalco,RCO 1216D,RCO 1216D,,13500.00,unchanged
jc.json,113,Revalco,RCO 1222D,RCO 1222D,,16500.00,unchanged
jc.json,113,Revalco,TAR 3DE,TAR 3DE,,10000.00,unchanged
jc.json,113,Revalco,TAR 3DE,TAR 3DE,,10000.00,unchanged
jc.json,113,Revalco,TAR 3DE,TAR 3DE,,11000.00,price 10000.00 -> 11000.00
jc.json,113,Revalco,TAR 3DE,TAR 3DE,,11000.00,unchanged
jc.json,113,Revalco,TAR 3DE,TAR 3DE,,12500.00,price 11000.00 -> 12500.00
jc.json,113,Revalco,TAR 4DE,TAR 4DE,,12500.00,unchanged
jc.json,113,Revalco,TAR 5E,TAR 5E,,16500.00,unchanged
jc.json,113,Revalco,TAR 6E,TAR 6E,,22000.00,unchanged
jc.json,113,Revalco,TAR 6E,TAR 6E,,25000.00,price 22000.00 -> 25000.00
jc.json,113,Revalco,TAR 12VE,TAR 12VE,,37000.00,unchanged
jc.json,113,Revalco,TAR 12E,TAR 12E,,44000.00,unchanged
jc.json,113,Revalco,TAR 12VE,TAR 12VE,,44000.00,price 37000.00 -> 44000.00
jc.json,113,Revalco,TAR 12VE,TAR 12VE,,46000.00,price 44000.00 -> 46000.00
jc.json,113,Revalco,TAR 12VE,TAR 12VE,,59000.00,price 46000.00 -> 59000.00
jc.json,113,Revalco,TAR 12E,TAR 12E,,64000.00,price 44000.00 -> 64000.00
jc.json,113,Revalco,TAR 12E,TAR 12E,,74000.00,price 64000.00 -> 74000.00
jc.json,113,Revalco,TAR 12E,TAR 12E,,147000.00,price 74000.00 -> 147000.00
jc.json,113,Revalco,TAR 12E,TAR 12E,,180000.00,price 147000.00 -> 180000.00
jc.json,114,Revalco,TARA50E,TARA50E,,65000.00,unchanged
jc.json,114,Revalco,TARA50E,TARA50E,,65000.00,unchanged
jc.json,114,Revalco,TARA80E,TARA80E,,76000.00,unchanged
jc.json,114,Revalco,TARA80E,TARA80E,,85000.00,price 76000.00 -> 85000.00
jc.json,114,Revalco,TARA120E,TARA120E,,108000.00,unchanged
jc.json,114,Revalco,TARA120E,TARA120E,,112000.00,price 108000.00 -> 112000.00
jc.json,114,Revalco,TARA160E,TARA160E,,192000.00,unchanged
jc.json,114,Revalco,TARA160E,TARA160E,,200000.00,price 192000.00 -> 200000.00
jc.json,114,Revalco,TARA160E,TARA160E,,210000.00,price 200000.00 -> 210000.00
jc.json,114,Revalco,TARA160E,TARA160E,,245000.00,price 210000.00 -> 245000.00
jc.json,114,Revalco,TARA160E,TARA160E,,270000.00,price 245000.00 -> 270000.00
jc.json,114,Revalco,TARA 160E,TARA 160E,,300000.00,unchanged
jc.json,114,Revalco,TARA 160E,TARA 160E,,320000.00,price 300000.00 -> 320000.00
jc.json,114,Revalco,TARA200,TARA200,,350000.00,unchanged
jc.json,115,RTR,KAVR 415V,KAVR 415V,,36000.00,unchanged
jc.json,116,RTR,PR,PR-8D06 6-Steps,,158000.00,unchanged
jc.json,116,RTR,PR,PR-8D12 12-Steps,,178000.00,unchanged
jc.json,116,RTR,PR12-D12 12-Steps,PR12-D12 12-Steps,,260000.00,unchanged
jc.json,117,Fenwal,AG44L,AG44L,,221000.00,unchanged
jc.json,117,Fenwal,AG44L,AG44L,,260000.00,price 221000.00 -> 260000.00
jc.json,117,Fenwal,AG33L,AG33L,,220000.00,unchanged
jc.json,117,Fenwal,AG24L,AG24L,,220000.00,unchanged
jc.json,117,Fenwal,AM22L,AM22L,,160000.00,unchanged
jc.json,118,Fenwal,HG42L,HG42L,,182000.00,unchanged
jc.json,118,Fenwal,HS,HS,,182000.00,unchanged
jc.json,118,Fenwal,HS,HS,,182000.00,unchanged
jc.json,119,Ueda,PSP,PSP-200A,200A,71500.00,unchanged
jc.json,119,Ueda,P5S,P5S-1-R3B,,102000.00,unchanged
jc.json,119,Ueda,P5S,P5S-3-R3B,,102000.00,unchanged
jc.json,119,Ueda,P5S,P5S-7-R3B,,102000.00,unchanged
jc.json,119,Ueda,P5S,P5S-10-R3B,,102000.00,unchanged
jc.json,119,Ueda,P5S,P5S-20-R3B,,118000.00,unchanged
jc.json,119,Ueda,P5S,P5S-40-R3B,,130000.00,unchanged
jc.json,120,Ueda,PU72,PU72-260-RC2KBN,,200000.00,unchanged
jc.json,120,Ueda,P5S,P5S-20-R3SB,,270000.00,unchanged
jc.json,121,Panasonic/Sunx,NX5-M10RB,NX5-M10RB,,69000.00,unchanged
jc.json,121,Panasonic/Sunx,NX5-PRVM5B,NX5-PRVM5B,,68000.00,unchanged
jc.json,121,Panasonic/Sunx,NX5-D700A,NX5-D700A,,62000.00,unchanged
jc.json,121,Panasonic/Sunx,VF-M10,VF-M10,,85000.00,unchanged
jc.json,121,Panasonic/Sunx,6x,6x,,4800.00,unchanged
jc.json,121,Panasonic/Sunx,VF-M10T,VF-M10T,,99500.00,unchanged
jc.json,122,Panasonic/Sunx,VF-RM5,VF-RM5,,69000.00,unchanged
jc.json,122,Panasonic/Sunx,VFD,VFD-500,,82000.00,unchanged
jc.json,122,Panasonic/Sunx,VF-D500T,VF-D500T,,107000.00,unchanged
jc.json,122,Panasonic/Sunx,CX-,CX-411,,60000.00,unchanged
jc.json,122,Panasonic/Sunx,CX,CX-411P,,69000.00,unchanged
jc.json,122,Panasonic/Sunx,CX-,CX-491,,61500.00,unchanged
jc.json,122,Panasonic/Sunx,CX,CX-491P,,64500.00,unchanged
jc.json,123,Panasonic/Sunx,CX-,CX-421,,63000.00,unchanged
jc.json,123,Panasonic/Sunx,CX,CX-421P,,63000.00,unchanged
jc.json,123,Panasonic/Sunx,CX-,CX-441,,116000.00,unchanged
jc.json,123,Panasonic/Sunx,CX-,CX-442,,116000.00,unchanged
jc.json,123,Panasonic/Sunx,EQ,EQ-501,,121000.00,unchanged
jc.json,123,Panasonic/Sunx,CY,CY-111B,,57000.00,unchanged
jc.json,123,Panasonic/Sunx,CY,CY-21,,50000.00,unchanged
jc.json,124,Panasonic/Sunx,CY,CY-21-PN,,50000.00,unchanged
jc.json,124,Panasonic/Sunx,CY,CY-12A,12A,42000.00,unchanged
jc.json,124,Panasonic/Sunx,CY,CY-192A-Y,192A,42000.00,unchanged
jc.json,124,Panasonic/Sunx,CY,CY-192B-Y,,42000.00,unchanged
jc.json,124,Panasonic/Sunx,CY,CY-192AP-Y,,42000.00,unchanged
jc.json,124,Panasonic/Sunx,CY,CY-121-A,,42000.00,unchanged
jc.json,124,Panasonic/Sunx,CY 121A-P,CY 121A-P,121A,30000.00,unchanged
jc.json,125,Panasonic/Sunx,FX,FX-301,,88000.00,unchanged
jc.json,125,Panasonic/Sunx,FX,FX-301G,,150000.00,unchanged
jc.json,125,Panasonic/Sunx,FX,FX-301P,,123500.00,unchanged
jc.json,126,Panasonic/Sunx,FT,FT-42,,25000.00,unchanged
jc.json,126,Panasonic/Sunx,FD,FD-61,,25000.00,unchanged
jc.json,126,Panasonic/Sunx,SH,SH-82R,,48000.00,unchanged
jc.json,126,Panasonic/Sunx,SU,SU-7,,76000.00,unchanged
jc.json,126,Panasonic/Sunx,SH,SH-82G,,50500.00,unchanged
jc.json,126,Panasonic/Sunx,NPS-CT7,NPS-CT7,,102500.00,unchanged
jc.json,127,Panasonic/Sunx,DP4,DP4-52,,103000.00,unchanged
jc.json,128,Optex,PT,PT-4LD,,160000.00,unchanged
jc.json,128,Optex,PT,PT-2LD,,240000.00,unchanged
jc.json,128,Optex,BUILT-IN2,BUILT-IN2,,,unchanged
jc.json,129,Optex,V3T,V3T-4000,,91500.00,unchanged
jc.json,129,Optex,V3T,V3T-7000,,91500.00,unchanged
jc.json,129,Optex,V3R,V3R-1200,,66500.00,unchanged
jc.json,129,Optex,V3D,V3D-200,,65000.00,unchanged
jc.json,129,Optex,BGS-V50,BGS-V50,,80000.00,unchanged
jc.json,129,Optex,BGS,BGS-2V50,,80000.00,unchanged
jc.json,129,Optex,VT,VT-4000T,,83500.00,unchanged
jc.json,129,Optex,VD,VD-130,,110000.00,unchanged
jc.json,129,Optex,VD,VD-300,,165000.00,unchanged
jc.json,130,Optex,S2T,S2T-1200N,,52000.00,unchanged
jc.json,130,Optex,Z2R,Z2R-400N,,58000.00,unchanged
jc.json,130,Optex,S2D,S2D-80N,,58000.00,unchanged
jc.json,130,Optex,KT,KT-700N,,69000.00,unchanged
jc.json,130,Optex,KD,KD-40N,,47000.00,unchanged
jc.json,130,Optex,KRQ,KRQ-50N,,64000.00,unchanged
jc.json,130,Optex,KR-Q50NW,KR-Q50NW,,64000.00,unchanged
jc.json,130,Optex,SRQ,SRQ-50NW,,103000.00,unchanged
jc.json,131,Optex,CTD,CTD-1500N,,54000.00,unchanged
jc.json,131,Optex,C2DM,C2DM-40N,,26000.00,unchanged
jc.json,131,Optex,D2RF-TN,D2RF-TN,,112000.00,price None -> 112000.00
jc.json,131,Optex,DGF-TN,DGF-TN,,112000.00,unchanged
jc.json,131,Optex,DRF-TN,DRF-TN/DGF-TN,,13000.00,unchanged
jc.json,131,Optex,NF-TB01,NF-TB01,,100000.00,unchanged
jc.json,131,Optex,NF-DM01,NF-DM01,,37000.00,unchanged
jc.json,131,Optex,NF-DT01,NF-DT01,,37000.00,unchanged
jc.json,132,Optex,NF-DB01,NF-DB01,,35000.00,unchanged
jc.json,132,Optex,NF-TA01,NF-TA01,,75000.00,unchanged
jc.json,132,Optex,RM,RM-16R,,40000.00,unchanged
jc.json,132,Optex,RSA-N,RSA-N,,60000.00,unchanged
jc.json,132,Optex,RM16-G,RM16-G,,44000.00,unchanged
jc.json,132,Optex,RSA-N,RSA-N,,60000.00,unchanged
jc.json,132,Optex,J2D-H-70N,J2D-H-70N,,78000.00,unchanged
jc.json,132,Optex,J3M-GH-01N,J3M-GH-01N,,89000.00,unchanged
jc.json,133,Optex,DM,DM-18TN,,137500.00,unchanged
jc.json,133,Optex,DM,DM-18TCN M8,,137500.00,unchanged
jc.json,133,Optex,DOL-LL 1903-02M,DOL-LL 1903-02M,,1200.00,unchanged
jc.json,133,Optex,DOL-LL 1901-02M,DOL-LL 1901-02M,,1200.00,unchanged
jc.json,133,Optex,STE-WLL,STE-WLL,,1200.00,unchanged
jc.json,134,SMC,VCW21,VCW21-02,,24500.00,unchanged
jc.json,134,SMC,VTW2115,VTW2115-02,,42500.00,unchanged
jc.json,134,SMC,VPW2135,VPW2135-02,,51500.00,unchanged
jc.json,134,SMC,VPW2135,VPW2135-03,,51500.00,unchanged
jc.json,134,SMC,VPW2155,VPW2155-06,,90500.00,unchanged
jc.json,134,SMC,VX210,VX210,,35000.00,unchanged
jc.json,134,SMC,VX220,VX220,,44500.00,unchanged
jc.json,134,SMC,VXZ240F,VXZ240F,,136500.00,unchanged
jc.json,134,SMC,VXZ250H,VXZ250H,,170100.00,unchanged
jc.json,134,SMC,VXZ260K,VXZ260K,,199500.00,unchanged
jc.json,134,SMC,VXP2380,VXP2380-14,,477000.00,unchanged
jc.json,134,SMC,VXP2390,VXP2390-20,,584500.00,unchanged
jc.json,134,SMC,VX212,VX212,,48000.00,unchanged
jc.json,134,SMC,VX222,VX222,,68000.00,unchanged
jc.json,134,SMC,VX232,VX232,,77000.00,unchanged
jc.json,134,SMC,VXZ242F,VXZ242F,,136500.00,unchanged
jc.json,134,SMC,VXZ252H,VXZ252H,,170500.00,unchanged
jc.json,134,SMC,VXZ262K,VXZ262K,,202500.00,unchanged
jc.json,134,SMC,VXP2380,VXP2380-14,,477000.00,unchanged
jc.json,134,SMC,VXP2390,VXP2390-20,,584500.00,unchanged
jc.json,134,SMC,VTS2105,VTS2105-02,,51500.00,unchanged
jc.json,134,SMC,VXS2230S,VXS2230S-02,,78500.00,unchanged
jc.json,134,SMC,VXS235A,VXS235A,,118500.00,unchanged
jc.json,134,SMC,VXS245F,VXS245F,,158500.00,unchanged
jc.json,134,SMC,VXS255H,VXS255H,,198500.00,unchanged
jc.json,134,SMC,VXS265K,VXS265K,,254000.00,unchanged
jc.json,134,SMC,VXP2380S,VXP2380S-14,,508500.00,unchanged
jc.json,134,SMC,VXP2390S,VXP2390S-20,,410500.00,unchanged
jc.json,134,SMC,VDW350,VDW350-02,,31000.00,unchanged
jc.json,135,SMC,VTW,VTW/VPW/VTS/VPS/VX,,,unchanged
jc.json,135,SMC,VXP2380,VXP2380,,24500.00,unchanged
jc.json,135,SMC,VT307,VT307-02,,82000.00,unchanged
jc.json,135,SMC,VS3135,VS3135-04,,181500.00,unchanged
jc.json,135,SMC,VS3145,VS3145-06,,369500.00,unchanged
jc.json,135,SMC,VP3165,VP3165-10,,,unchanged
jc.json,135,SMC,VT4115,VT4115-02,,162000.00,unchanged
jc.json,135,SMC,SY5120,SY5120-01,,94000.00,unchanged
jc.json,135,SMC,SY7120,SY7120-02,,105500.00,unchanged
jc.json,135,SMC,VF3130K,VF3130K-02,,144500.00,unchanged
jc.json,135,SMC,VS4110,VS4110-02,,156000.00,unchanged
jc.json,135,SMC,VS4130,VS4130-04,,258000.00,unchanged
jc.json,135,SMC,VQ5100,VQ5100-04,,193000.00,unchanged
jc.json,135,SMC,VS4140,VS4140-06,,386500.00,unchanged
jc.json,135,SMC,SY5220,SY5220-01,,117500.00,unchanged
jc.json,135,SMC,SY7220,SY7220-02,,158000.00,unchanged
jc.json,135,SMC,VF3330,VF3330-02,,276000.00,unchanged
jc.json,135,SMC,VS4310,VS4310-02,,264500.00,unchanged
jc.json,135,SMC,VS4320,VS4320-02,,409500.00,unchanged
jc.json,135,SMC,VS4330,VS4330-04,,395500.00,unchanged
jc.json,135,SMC,A01,A01,,51500.00,unchanged
jc.json,135,SMC,A16,A16,,69500.00,unchanged
jc.json,135,SMC,VH210,VH210-02,,100500.00,unchanged
jc.json,135,SMC,VH310,VH310-03,,113000.00,unchanged
jc.json,135,SMC,VH410,VH410-04,,154500.00,unchanged
jc.json,135,SMC,VM130-01-30R,VM130-01-30R/G,,53000.00,unchanged
jc.json,135,SMC,VM230,VM230-02-01S,,59500.00,unchanged
jc.json,135,SMC,VM230,VM230-02-05,,73000.00,unchanged
jc.json,135,SMC,VM230,VM230-02-40,,121500.00,unchanged
jc.json,135,SMC,VFM350,VFM350-02-01S,,117500.00,unchanged
jc.json,135,SMC,VFM350,VFM350-02-05,,145000.00,unchanged
jc.json,136,SMC,AD402,AD402-04,,97000.00,unchanged
jc.json,136,SMC,AD600,AD600-06,,226500.00,unchanged
jc.json,136,SMC,AD600,AD600-10,,226500.00,unchanged
jc.json,136,SMC,VXD232,VXD232,,,unchanged
jc.json,136,SMC,VR2110,VR2110-01,,216000.00,unchanged
jc.json,136,SMC,IL100,IL100-02,,214500.00,unchanged
jc.json,136,SMC,IL211,IL211-02,,281500.00,unchanged
jc.json,136,SMC,AN101,AN101-01,,6500.00,unchanged
jc.json,136,SMC,AN20,AN20-02,,8000.00,unchanged
jc.json,136,SMC,AN300,AN300-03,,8000.00,unchanged
jc.json,136,SMC,AN40,AN40-04,,8700.00,unchanged
jc.json,136,SMC,AN500,AN500-06,,26000.00,unchanged
jc.json,136,SMC,AN600,AN600-10,,33400.00,unchanged
jc.json,136,SMC,AN900,AN900-20,,99000.00,unchanged
jc.json,136,SMC,AK4000,AK4000-02,,35000.00,unchanged
jc.json,136,SMC,AK4000,AK4000-04,,35000.00,unchanged
jc.json,136,SMC,AQ2000,AQ2000-02,,37500.00,unchanged
jc.json,136,SMC,AQ400,AQ400,,72500.00,unchanged
jc.json,136,SMC,VR3100,VR3100-01,,66000.00,unchanged
jc.json,136,SMC,VMG11BU,VMG11BU-02,,36000.00,unchanged
jc.json,136,SMC,KN-R02-250,KN-R02-250,,4500.00,unchanged
jc.json,136,SMC,KNH-R02-200,KNH-R02-200,,,unchanged
jc.json,136,SMC,KNS-R02-075-4 0.75m,KNS-R02-075-4 0.75m,,,unchanged
jc.json,136,SMC,KNL3,KNL3,,,unchanged
jc.json,136,SMC,KK4P,KK4P-06H,,5200.00,unchanged
jc.json,136,SMC,KK4P,KK4P-08H,,5400.00,unchanged
jc.json,136,SMC,KQ2H06,KQ2H06-02S,,2900.00,unchanged
jc.json,136,SMC,KQ2H08,KQ2H08-02S,,3200.00,unchanged
jc.json,137,SMC,IFW510-N04-00,IFW510-N04-00,,167500.00,unchanged
jc.json,137,SMC,IF303,IF303-10-00,,126500.00,unchanged
jc.json,137,SMC,ISG131,ISG131-031,,,unchanged
jc.json,137,SMC,ISE,ISE,,,unchanged
jc.json,137,SMC,ZSE,ZSE,,,unchanged
jc.json,137,SMC,PF3A,PF3A,,,unchanged
jc.json,137,SMC,PF3W,PF3W,,,unchanged
jc.json,137,SMC,N2,N2,,,unchanged
jc.json,137,SMC,IZS,IZS,,,unchanged
jc.json,137,SMC,IZN NOZZLE,IZN NOZZLE,,,unchanged
jc.json,137,SMC,IZF FAN,IZF FAN,,,unchanged
jc.json,137,SMC,IZH,IZH,,,unchanged
jc.json,138,SMC,AR25,AR25-02B,,32000.00,unchanged
jc.json,138,SMC,AR25,AR25-03B,,32000.00,unchanged
jc.json,138,SMC,AR30,AR30-03B,,39500.00,unchanged
jc.json,138,SMC,AR40,AR40-04B,,53000.00,unchanged
jc.json,138,SMC,AR40,AR40-06B,,66500.00,unchanged
jc.json,138,SMC,AR50,AR50-10B,,90000.00,unchanged
jc.json,138,SMC,AR825,AR825-14,,380500.00,unchanged
jc.json,138,SMC,AR925,AR925-20,,667500.00,unchanged
jc.json,138,SMC,AF20,AF20-02-C,,37000.00,unchanged
jc.json,138,SMC,AF20,AF20-02-7C-100,,37000.00,unchanged
jc.json,138,SMC,AF30,AF30-02,,45500.00,unchanged
jc.json,138,SMC,AF30,AF30-03,,39000.00,unchanged
jc.json,138,SMC,AF40,AF40-04,,49500.00,unchanged
jc.json,138,SMC,AF40,AF40-04-2,,57000.00,unchanged
jc.json,138,SMC,AF40,AF40-06,,58000.00,unchanged
jc.json,138,SMC,AF50,AF50-10,,80000.00,unchanged
jc.json,138,SMC,AF20,AF20-02C-C,,63500.00,unchanged
jc.json,138,SMC,AF30,AF30-02D,,83000.00,unchanged
jc.json,138,SMC,AF30,AF30-03D,,83000.00,unchanged
jc.json,138,SMC,AF40,AF40-04D,,95500.00,unchanged
jc.json,138,SMC,AF40,AF40-06D,,104000.00,unchanged
jc.json,138,SMC,AF50,AF50-10D,,126500.00,unchanged
jc.json,138,SMC,AF811,AF811-14,,393500.00,unchanged
jc.json,138,SMC,AF911,AF911-20,,631000.00,unchanged
jc.json,138,SMC,AF40,AF40,,7400.00,unchanged
jc.json,138,SMC,AF50,AF50,,11900.00,unchanged
jc.json,138,SMC,AF20,AF20,,3500.00,unchanged
jc.json,138,SMC,AF30,AF30,,3900.00,unchanged
jc.json,138,SMC,AF811,AF811,,53500.00,unchanged
jc.json,138,SMC,AF911,AF911,,97500.00,unchanged
jc.json,138,SMC,AF20,AF20,,5200.00,price 3500.00 -> 5200.00
jc.json,138,SMC,AW20,AW20-02-C,,52000.00,unchanged
jc.json,138,SMC,AW30,AW30-02,,66000.00,unchanged
jc.json,138,SMC,AW30,AW30-03,,66000.00,unchanged
jc.json,138,SMC,AW40,AW40-04,,107500.00,unchanged
jc.json,138,SMC,AW40,AW40-06,,114500.00,unchanged
jc.json,138,SMC,AW20,AW20-02C-C,,75500.00,unchanged
jc.json,138,SMC,AW30,AW30-02D,,106000.00,unchanged
jc.json,138,SMC,AW30,AW30-03D,,106000.00,unchanged
jc.json,138,SMC,AW40,AW40-04D,,149000.00,unchanged
jc.json,138,SMC,AW60,AW60-10D,,,unchanged
jc.json,139,SMC,AFF8C,AFF8C-04D,,210500.00,unchanged
jc.json,139,SMC,AFF11C,AFF11C-06D,,294000.00,unchanged
jc.json,139,SMC,AFF22C,AFF22C-10D,,375500.00,unchanged
jc.json,139,SMC,AFF37B,AFF37B-14D,,520000.00,unchanged
jc.json,139,SMC,AL20,AL20-02,,30500.00,unchanged
jc.json,139,SMC,AL30,AL30-02,,39000.00,unchanged
jc.json,139,SMC,AL30,AL30-03,,39000.00,unchanged
jc.json,139,SMC,AL40,AL40-04,,44000.00,unchanged
jc.json,139,SMC,AL40,AL40-06,,51500.00,unchanged
jc.json,139,SMC,AL50,AL50-10,,73000.00,unchanged
jc.json,139,SMC,AL800,AL800-14,,,unchanged
jc.json,139,SMC,AC20,AC20-02C,,124000.00,unchanged
jc.json,139,SMC,AC25,AC25-02,,111500.00,unchanged
jc.json,139,SMC,AC25,AC25-03,,111500.00,unchanged
jc.json,139,SMC,AC40,AC40-04,,138000.00,unchanged
jc.json,139,SMC,AC40,AC40-06,,165500.00,unchanged
jc.json,139,SMC,AC50,AC50-10,,241000.00,unchanged
jc.json,139,SMC,AC20,AC20-02C-C,,124000.00,unchanged
jc.json,139,SMC,AC25,AC25-02D,,147500.00,unchanged
jc.json,139,SMC,AC25,AC25-03D,,147500.00,unchanged
jc.json,139,SMC,AC40,AC40-04D,,173000.00,unchanged
jc.json,139,SMC,AC40,AC40-06D,,200500.00,unchanged
jc.json,139,SMC,AC50,AC50-10D,,278500.00,unchanged
jc.json,139,SMC,IR2020,IR2020-02B,,121500.00,unchanged
jc.json,139,SMC,IR3020,IR3020-04B,,187500.00,unchanged
jc.json,139,SMC,G36,G36-10-01,,15500.00,unchanged
jc.json,139,SMC,KLC50,KLC50-10-02,,12500.00,unchanged
jc.json,139,SMC,GD40,GD40-02-01,,68000.00,unchanged
jc.json,139,SMC,PPA100,PPA100-06-B,,145000.00,unchanged
jc.json,140,SMC,AFM30,AFM30-02,,47000.00,unchanged
jc.json,140,SMC,AFM30,AFM30-03,,41500.00,unchanged
jc.json,140,SMC,AFM40,AFM40-04,,50000.00,unchanged
jc.json,140,SMC,AFM30,AFM30-03D,,77500.00,unchanged
jc.json,140,SMC,AFM40,AFM40-04D,,87500.00,unchanged
jc.json,140,SMC,AM350,AM350-04D,,173000.00,unchanged
jc.json,140,SMC,AM550,AM550-10D,,334000.00,unchanged
jc.json,140,SMC,AM650,AM650-14D,,458000.00,unchanged
jc.json,140,SMC,AM850,AM850-20D,,,unchanged
jc.json,140,SMC,AFM40,AFM40,,18800.00,unchanged
jc.json,140,SMC,AFM30,AFM30,,17200.00,unchanged
jc.json,140,SMC,AM350,AM350,,33000.00,unchanged
jc.json,140,SMC,AM550,AM550,,78000.00,unchanged
jc.json,140,SMC,AM650,AM650,,119500.00,unchanged
jc.json,140,SMC,AM850,AM850,,259500.00,unchanged
jc.json,140,SMC,AMD350,AMD350-04D,,142500.00,unchanged
jc.json,140,SMC,AMD550,AMD550-10D,,476500.00,unchanged
jc.json,140,SMC,AMD650,AMD650-14D,,554000.00,unchanged
jc.json,140,SMC,AMD850,AMD850-20D,,,unchanged
jc.json,140,SMC,AMD350,AMD350,,71500.00,unchanged
jc.json,140,SMC,AMD550,AMD550,,212500.00,unchanged
jc.json,140,SMC,AMD650,AMD650,,224000.00,unchanged
jc.json,140,SMC,AMD580,AMD580,,,unchanged
jc.json,140,SMC,AMH350,AMH350-04D,,,unchanged
jc.json,140,SMC,AMH550,AMH550-10D,,,unchanged
jc.json,140,SMC,AMH650,AMH650-14D,,,unchanged
jc.json,140,SMC,AMH850,AMH850-20D,,,unchanged
jc.json,140,SMC,AME350,AME350-04,,101500.00,unchanged
jc.json,140,SMC,AME550,AME550-10,,411000.00,unchanged
jc.json,140,SMC,AME650,AME650-14,,521000.00,unchanged
jc.json,140,SMC,AME850,AME850-20,,,unchanged
jc.json,141,SMC,AMG450,AMG450-04D,,235000.00,unchanged
jc.json,141,SMC,AMG550,AMG550-10D,,299500.00,unchanged
jc.json,141,SMC,AMG650,AMG650-14D,,418500.00,unchanged
jc.json,141,SMC,AMG850,AMG850-20D,,,unchanged
jc.json,141,SMC,IDFA11E,IDFA11E-23,,,unchanged
jc.json,141,SMC,VBA10A,VBA10A-02GN,,478000.00,unchanged
jc.json,141,SMC,VBA20A,VBA20A-03GN,,862500.00,unchanged
jc.json,141,SMC,VBA40A,VBA40A-04GN,,1319500.00,unchanged
jc.json,142,SMC,CD85N25,CD85N25-25-B,,45500.00,unchanged
jc.json,142,SMC,CD85N25,CD85N25-50-B,,47000.00,unchanged
jc.json,142,SMC,C96SDB40,C96SDB40-50C,,89000.00,unchanged
jc.json,142,SMC,CDQ2B25,CDQ2B25-25DCZ,,41500.00,unchanged
jc.json,142,SMC,CDQ2B25,CDQ2B25-50DCZ,,50000.00,unchanged
jc.json,142,SMC,CDA2B40,CDA2B40-50Z,,94000.00,unchanged
jc.json,142,SMC,CDA2B50,CDA2B50-50Z,,103500.00,unchanged
jc.json,142,SMC,CS1GN160,CS1GN160-500,,698500.00,unchanged
jc.json,142,SMC,CDM2L25,CDM2L25-25Z,,43000.00,unchanged
jc.json,142,SMC,CDM2L25,CDM2L25-50Z,,44500.00,unchanged
jc.json,142,SMC,CDM2L40,CDM2L40-50Z,,64000.00,unchanged
jc.json,142,SMC,CJ2D16,CJ2D16-50,,25000.00,unchanged
jc.json,143,SMC,AS2000,AS2000-01,,20500.00,unchanged
jc.json,143,SMC,AS2000,AS2000-02,,20500.00,unchanged
jc.json,143,SMC,AS3000,AS3000-03,,23000.00,unchanged
jc.json,143,SMC,AS4000,AS4000-04,,29000.00,unchanged
jc.json,143,SMC,AS500,AS500-06,,68500.00,unchanged
jc.json,143,SMC,AS600,AS600-10,,103500.00,unchanged
jc.json,143,SMC,AS2201F,AS2201F-01-04,,18700.00,unchanged
jc.json,143,SMC,AS2201F,AS2201F-02-04,,21100.00,unchanged
jc.json,143,SMC,AS2201F,AS2201F-01-06,,21200.00,unchanged
jc.json,143,SMC,AS2201F,AS2201F-02-06,,23900.00,unchanged
jc.json,143,SMC,AS3201F,AS3201F-03-06,,30900.00,unchanged
jc.json,143,SMC,AS2201F,AS2201F-01-08,,21200.00,unchanged
jc.json,143,SMC,AS2201F,AS2201F-02-08,,23900.00,unchanged
jc.json,143,SMC,AS3201F,AS3201F-03-08,,30900.00,unchanged
jc.json,143,SMC,AS2201F,AS2201F-02-10,,23900.00,unchanged
jc.json,143,SMC,AS3201F,AS3201F-03-10,,30900.00,unchanged
jc.json,143,SMC,AS4201F,AS4201F-04-10,,43100.00,unchanged
jc.json,143,SMC,AS3201F,AS3201F-03-12,,33400.00,unchanged
jc.json,143,SMC,AS4201F,AS4201F-04-12,,43500.00,unchanged
jc.json,143,SMC,ASQ430F,ASQ430F-02-06S,,49000.00,unchanged
jc.json,143,SMC,ASQ430F,ASQ430F-02-08S,,49000.00,unchanged
jc.json,143,SMC,ASQ530F,ASQ530F-03-06S,,57500.00,unchanged
jc.json,143,SMC,ASQ530F,ASQ530F-03-08S,,57500.00,unchanged
jc.json,143,SMC,ASR430F,ASR430F-02-06S,,44500.00,unchanged
jc.json,143,SMC,ASR430F,ASR430F-02-08S,,44500.00,unchanged
jc.json,143,SMC,ASR530F,ASR530F-03-06S,,52000.00,unchanged
jc.json,143,SMC,ASR530F,ASR530F-03-08S,,52000.00,unchanged
jc.json,144,SMC,KQ2H04,KQ2H04-01AS,,2100.00,unchanged
jc.json,144,SMC,KQ2H04,KQ2H04-02AS,,2900.00,unchanged
jc.json,144,SMC,KQ2H06,KQ2H06-01AS,,2200.00,unchanged
jc.json,144,SMC,KQ2H06,KQ2H06-02S,,2900.00,unchanged
jc.json,144,SMC,KQH06,KQH06-02-X13,,3600.00,unchanged
jc.json,144,SMC,KQ2H06,KQ2H06-03AS,,3600.00,unchanged
jc.json,144,SMC,KQ2H08,KQ2H08-01AS,,3100.00,unchanged
jc.json,144,SMC,KQ2H08,KQ2H08-02S,,3200.00,unchanged
jc.json,144,SMC,KQH08,KQH08-02-X13,,3900.00,unchanged
jc.json,144,SMC,KQ2H08,KQ2H08-03AS,,3700.00,unchanged
jc.json,144,SMC,KQ2H10,KQ2H10-03AS,,3000.00,unchanged
jc.json,144,SMC,KQ2H10,KQ2H10-04AS,,3400.00,unchanged
jc.json,144,SMC,KQ2L06,KQ2L06-01AS,,2600.00,unchanged
jc.json,144,SMC,KQ2L06,KQ2L06-02S,,3300.00,unchanged
jc.json,144,SMC,KQ2L06,KQ2L06-03AS,,3600.00,unchanged
jc.json,144,SMC,KQ2L08,KQ2L08-02S,,3600.00,unchanged
jc.json,144,SMC,KQ2L08,KQ2L08-03AS,,3900.00,unchanged
jc.json,144,SMC,KQ2L10,KQ2L10-03AS,,4700.00,unchanged
jc.json,144,SMC,KQ2L10,KQ2L10-04AS,,5200.00,unchanged
jc.json,144,SMC,KQ2T06,KQ2T06-02A,02A,4700.00,unchanged
jc.json,144,SMC,KQ2T08,KQ2T08-02A,02A,5100.00,unchanged
jc.json,144,SMC,KQ2T06,KQ2T06-00A,00A,3600.00,unchanged
jc.json,144,SMC,KQ2T08,KQ2T08-00A,00A,4300.00,unchanged
jc.json,144,SMC,KQ2H06,KQ2H06-00A,00A,2600.00,unchanged
jc.json,144,SMC,KQ2H08,KQ2H08-00A,00A,3100.00,unchanged
jc.json,144,SMC,KQ2R06,KQ2R06-08A,08A,3200.00,unchanged
jc.json,144,SMC,KQ2R08,KQ2R08-10A,10A,3800.00,unchanged
jc.json,144,SMC,TU0425,TU0425,,8900.00,price 42500.00 -> 8900.00
jc.json,144,SMC,TU0425,TU0425,,42500.00,price 8900.00 -> 42500.00
jc.json,144,SMC,TU0604,TU0604,,24500.00,price 115500.00 -> 24500.00
jc.json,144,SMC,TU0604,TU0604,,115500.00,price 24500.00 -> 115500.00
jc.json,144,SMC,TU0805,TU0805,,44500.00,price 211500.00 -> 44500.00
jc.json,144,SMC,TU0805,TU0805,,211500.00,price 44500.00 -> 211500.00
jc.json,144,SMC,TU1065,TU1065,,74500.00,price 352000.00 -> 74500.00
jc.json,144,SMC,TU1065,TU1065,,352000.00,price 74500.00 -> 352000.00
jc.json,144,SMC,TU1208,TU1208,,116500.00,price 551000.00 -> 116500.00
jc.json,144,SMC,TU1208,TU1208,,551000.00,price 116500.00 -> 551000.00
jc.json,144,SMC,T0425,T0425,,22500.00,price 106000.00 -> 22500.00
jc.json,144,SMC,T0425,T0425,,106000.00,price 22500.00 -> 106000.00
jc.json,144,SMC,T0604,T0604,,36000.00,price 171500.00 -> 36000.00
jc.json,144,SMC,T0604,T0604,,171500.00,price 36000.00 -> 171500.00
jc.json,144,SMC,T0806,T0806,,50000.00,price 235000.00 -> 50000.00
jc.json,144,SMC,T0806,T0806,,235000.00,price 50000.00 -> 235000.00
jc.json,144,SMC,T1075,T1075,,76500.00,price 362000.00 -> 76500.00
jc.json,144,SMC,T1075,T1075,,362000.00,price 76500.00 -> 362000.00
jc.json,144,SMC,T1209,T1209,,103500.00,price 491000.00 -> 103500.00
jc.json,144,SMC,T1209,T1209,,491000.00,price 103500.00 -> 491000.00
jc.json,144,SMC,TK,TK-1,,55000.00,unchanged
jc.json,144,SMC,TK,TK-3,,42500.00,unchanged
jc.json,145,Hyundai,HiMC18W11S,HiMC18W11S,25A,9800.00,unchanged
jc.json,145,Hyundai,HiMC65W22S,HiMC65W22S,100A,42000.00,unchanged
jc.json,145,Hyundai,HiMC80W22S,HiMC80W22S,110A,50000.00,unchanged
jc.json,145,Hyundai,HiMC260W22S,HiMC260W22S,300A,192000.00,unchanged
jc.json,145,Hyundai,HiMC300W22S,HiMC300W22S,350A,208000.00,unchanged
jc.json,145,Hyundai,HiMC400W22S,HiMC400W22S,450A,320000.00,unchanged
jc.json,145,Hyundai,HiMC500W22S,HiMC500W22S,550A,475000.00,unchanged
jc.json,145,Hyundai,HiMC630W22S,HiMC630W22S,750A,515000.00,unchanged
jc.json,145,Hyundai,2a+2b,2a+2b,10A,7300.00,unchanged
jc.json,145,Hyundai,HiMC65F,HiMC65F,100A,75000.00,unchanged
jc.json,145,Hyundai,HiMC90F,HiMC90F,135A,98000.00,unchanged
jc.json,146,Hyundai,HiAB22S,HiAB22S,,3600.00,unchanged
jc.json,146,Hyundai,HOKZE1,HOKZE1,,26000.00,unchanged
jc.json,146,Hyundai,HOKZE2,HOKZE2,,26000.00,unchanged
jc.json,146,Hyundai,HiMC 260,HiMC 260,,52000.00,unchanged
jc.json,146,Hyundai,HiMC 400,HiMC 400,,100000.00,unchanged
jc.json,146,Hyundai,HiMC 630,HiMC 630,,155000.00,unchanged
jc.json,146,Hyundai,HiMCOL 22X,HiMCOL 22X,,4500.00,unchanged
jc.json,146,Hyundai,HiMCTIP 300,HiMCTIP 300,,123000.00,unchanged
jc.json,146,Hyundai,HiMCTIP 400,HiMCTIP 400,,140000.00,unchanged
jc.json,146,Hyundai,HiMCTIP 500,HiMCTIP 500,,218000.00,unchanged
jc.json,146,Hyundai,HiMCTIP 630,HiMCTIP 630,,260000.00,unchanged
jc.json,146,Hyundai,Hi,HiTL40,,4800.00,unchanged
jc.json,146,Hyundai,Hi,HiTL50,,5100.00,unchanged
jc.json,146,Hyundai,HiTL130,HiTL130,,8300.00,unchanged
jc.json,146,Hyundai,HiTL220,HiTL220,,8300.00,unchanged
jc.json,146,Hyundai,HiTL300,HiTL300,,9900.00,unchanged
jc.json,146,Hyundai,HiTL800,HiTL800,,22000.00,unchanged
jc.json,146,Hyundai,HiMX,HiMX/HiMC,,7200.00,unchanged
jc.json,147,Hyundai,HiTH22K,HiTH22K,,10500.00,unchanged
jc.json,147,Hyundai,HiTH40K,HiTH40K,,15000.00,unchanged
jc.json,147,Hyundai,HiTH50K,HiTH50K,,22000.00,unchanged
jc.json,147,Hyundai,HiTH90K,HiTH90K,,36000.00,unchanged
jc.json,147,Hyundai,HiTH220K,HiTH220K,,76000.00,unchanged
jc.json,147,Hyundai,HiTH300K,HiTH300K,,88000.00,unchanged
jc.json,147,Hyundai,HiTH500K,HiTH500K,,115000.00,unchanged
jc.json,147,Hyundai,HiTHMB22S,HiTHMB22S,,4000.00,unchanged
jc.json,147,Hyundai,HiTHMB50S,HiTHMB50S,,5000.00,unchanged
jc.json,147,Hyundai,HiTHMB90S,HiTHMB90S,,6000.00,unchanged
jc.json,148,Hyundai,HiBE103,HiBE103,5A,23600.00,unchanged
jc.json,148,Hyundai,HiBS1003NE,HiBS1003NE,1000A,500000.00,unchanged
jc.json,148,Hyundai,HiBS1203NE,HiBS1203NE,1200A,600000.00,unchanged
jc.json,148,Hyundai,HiBS103,HiBS103,15A,36000.00,unchanged
jc.json,148,Hyundai,HiBH103,HiBH103,30A,47000.00,unchanged
jc.json,148,Hyundai,HiBS103J,HiBS103J,50A,38000.00,unchanged
jc.json,148,Hyundai,HiBE203J,HiBE203J,100A,60000.00,unchanged
jc.json,148,Hyundai,HiBS203J,HiBS203J,100A,64500.00,unchanged
jc.json,149,Hyundai,HiBH103J,HiBH103J,100A,38000.00,unchanged
jc.json,149,Hyundai,HiBH203J,HiBH203J,200A,80000.00,unchanged
jc.json,149,Hyundai,HiBL103NT,HiBL103NT,100A,58000.00,unchanged
jc.json,149,Hyundai,HiBS403NE,HiBS403NE,400A,185000.00,unchanged
jc.json,149,Hyundai,HiBS603NE,HiBS603NE,600A,245000.00,unchanged
jc.json,149,Hyundai,HiBS803NE,HiBS803NE,800A,280000.00,unchanged
jc.json,149,Hyundai,HiBS1003NE,HiBS1003NE,1000A,500000.00,unchanged
jc.json,149,Hyundai,HiBS1203NE,HiBS1203NE,1200A,600000.00,unchanged
jc.json,149,Hyundai,HiBE104,HiBE104,30A,44000.00,unchanged
jc.json,149,Hyundai,HiBS204,HiBS204,200A,84000.00,unchanged
jc.json,149,Hyundai,HiBS404,HiBS404,300A,150000.00,unchanged
jc.json,149,Hyundai,HiBE604,HiBE604,500A,288000.00,unchanged
jc.json,149,Hyundai,HiBS604,HiBS604,600A,307000.00,unchanged
jc.json,149,Hyundai,HiBE804,HiBE804,800A,360000.00,unchanged
jc.json,149,Hyundai,HiBS104J,HiBS104J,63A,45000.00,unchanged
jc.json,149,Hyundai,AUX,AUX-10A,10A,8000.00,unchanged
jc.json,149,Hyundai,AUX,AUX-20C,,8000.00,unchanged
jc.json,149,Hyundai,AUX,AUX-12NE,,12000.00,unchanged
jc.json,150,Hyundai,ALT,ALT-12NE,,16000.00,unchanged
jc.json,150,Hyundai,ALT,ALT-80NE,,16000.00,unchanged
jc.json,150,Hyundai,SHT,SHT-20C-H,,17000.00,unchanged
jc.json,150,Hyundai,SHT,SHT-12NE-H,,20000.00,unchanged
jc.json,150,Hyundai,SHT,SHT-80NE-H,,23000.00,unchanged
jc.json,150,Hyundai,ADC220,ADC220,10A,180000.00,unchanged
jc.json,150,Hyundai,MOT 10B,MOT 10B,,180000.00,unchanged
jc.json,150,Hyundai,ADC220,ADC220,,195000.00,unchanged
jc.json,150,Hyundai,MOT 40D,MOT 40D,,270000.00,unchanged
jc.json,150,Hyundai,MOT 68E,MOT 68E,,270000.00,unchanged
jc.json,150,Hyundai,MOT 12NE,MOT 12NE,,185000.00,unchanged
jc.json,150,Hyundai,MOT 46NE,MOT 46NE,,270000.00,unchanged
jc.json,151,Hyundai,HiAN,HiAN-06,630A,1070000.00,unchanged
jc.json,151,Hyundai,HiAN,HiAN-25,2500A,1700000.00,unchanged
jc.json,152,Hyundai,UMC,UMC9,25A,6900.00,unchanged
jc.json,152,Hyundai,UMC,UMC12,0.5A,8100.00,unchanged
jc.json,152,Hyundai,UMC,UMC18,40A,9800.00,unchanged
jc.json,152,Hyundai,UMC,UMC25,45A,13300.00,unchanged
jc.json,152,Hyundai,UMC,UMC40,2A,22500.00,unchanged
jc.json,152,Hyundai,UMC,UMC50,70A,31000.00,unchanged
jc.json,152,Hyundai,UMC,UMC65,100A,42000.00,unchanged
jc.json,152,Hyundai,UMC,UMC75,115A,46000.00,unchanged
jc.json,152,Hyundai,2a+2b,2a+2b,10A,13200.00,price 7300.00 -> 13200.00
jc.json,152,Hyundai,UMC18,UMC18,40A,13800.00,unchanged
jc.json,152,Hyundai,UMC25,UMC25,45A,18500.00,unchanged
jc.json,152,Hyundai,UMC6521NS,UMC6521NS,100A,57000.00,unchanged
jc.json,152,Hyundai,UMC6521NS,UMC6521NS,100A,57000.00,unchanged
jc.json,152,Hyundai,UAL40011NS,UAL40011NS,,6000.00,unchanged
jc.json,152,Hyundai,UMCOL12D,UMCOL12D,,4000.00,unchanged
jc.json,152,Hyundai,UMCOL32D,UMCOL32D,,4500.00,unchanged
jc.json,152,Hyundai,UMCOL65D,UMCOL65D,,5500.00,unchanged
jc.json,152,Hyundai,UMCOL100D,UMCOL100D,,5900.00,unchanged
jc.json,152,Hyundai,UMCOL150F,UMCOL150F,,30000.00,unchanged
jc.json,152,Hyundai,UMCOL400F,UMCOL400F,,100000.00,unchanged
jc.json,152,Hyundai,UMCOL32,UMCOL32,,5900.00,unchanged
jc.json,152,Hyundai,UMCOL32D110,UMCOL32D110,,5900.00,unchanged
jc.json,152,Hyundai,UMCOL65D024,UMCOL65D024,,9000.00,unchanged
jc.json,152,Hyundai,UMCOL65,UMCOL65,,9000.00,unchanged
jc.json,152,Hyundai,UMCTIP 12,UMCTIP 12,,2900.00,unchanged
jc.json,152,Hyundai,UMCTIP 18,UMCTIP 18,,3500.00,unchanged
jc.json,152,Hyundai,UMCTIP 25,UMCTIP 25,,4500.00,unchanged
jc.json,152,Hyundai,UMCTIP 32,UMCTIP 32,,5100.00,unchanged
jc.json,152,Hyundai,UMCTIP 40,UMCTIP 40,,5900.00,unchanged
jc.json,152,Hyundai,UMCTIP 50,UMCTIP 50,,8500.00,unchanged
jc.json,152,Hyundai,UMCTIP 65,UMCTIP 65,,16700.00,unchanged
jc.json,152,Hyundai,UMCTIP 75,UMCTIP 75,,18000.00,unchanged
jc.json,153,Hyundai,UTL65,UTL65,,5200.00,unchanged
jc.json,153,Hyundai,UTL100,UTL100,,6500.00,unchanged
jc.json,153,Hyundai,UTL265,UTL265,,10800.00,unchanged
jc.json,153,Hyundai,UTL400,UTL400,,25000.00,unchanged
jc.json,153,Hyundai,F220,F220,,15000.00,unchanged
jc.json,153,Hyundai,UTH12K,UTH12K,,10500.00,unchanged
jc.json,153,Hyundai,UTH32K,UTH32K,,15000.00,unchanged
jc.json,153,Hyundai,UTH65K,UTH65K,,22000.00,unchanged
jc.json,153,Hyundai,UTH265Kwith,UTH265Kwith,,76000.00,unchanged
jc.json,153,Hyundai,UTH400Kwith,UTH400Kwith,,115000.00,unchanged
jc.json,153,Hyundai,UTH800K,UTH800K,,278000.00,unchanged
jc.json,154,Hyundai,UAB30R,UAB30R,15A,23600.00,unchanged
jc.json,154,Hyundai,UAB50S,UAB50S,15A,29000.00,unchanged
jc.json,154,Hyundai,UAB100R,UAB100R,60A,36000.00,unchanged
jc.json,154,Hyundai,UCB250R,UCB250R,125A,49000.00,unchanged
jc.json,154,Hyundai,UCB250R,UCB250R,250A,54000.00,unchanged
jc.json,154,Hyundai,UCB400R,UCB400R,250A,112000.00,unchanged
jc.json,154,Hyundai,UCB1000S,UCB1000S,1000A,500000.00,unchanged
jc.json,154,Hyundai,UCB1000S,UCB1000S,1250A,600000.00,unchanged
jc.json,154,Hyundai,UCB1000S,UCB1000S,1600A,960000.00,unchanged
jc.json,154,Hyundai,UAB50SF,UAB50SF,32A,33500.00,unchanged
jc.json,154,Hyundai,UAB100RF,UAB100RF,80A,33500.00,unchanged
jc.json,154,Hyundai,UCB100RF,UCB100RF,63A,38000.00,unchanged
jc.json,154,Hyundai,UCB250RF,UCB250RF,160A,64500.00,unchanged
jc.json,154,Hyundai,UCB250RF,UCB250RF,250A,72000.00,unchanged
jc.json,154,Hyundai,UCB250SF,UCB250SF,125A,63500.00,unchanged
jc.json,155,Hyundai,UCB400RF,UCB400RF,300A,135000.00,unchanged
jc.json,155,Hyundai,UCB630RF,UCB630RF,500A,236000.00,unchanged
jc.json,155,Hyundai,UCB630RF,UCB630RF,630A,236000.00,unchanged
jc.json,155,Hyundai,UCB800RF,UCB800RF,800A,280000.00,unchanged
jc.json,155,Hyundai,UCB50LF,UCB50LF,40A,51000.00,unchanged
jc.json,155,Hyundai,UCB100LF,UCB100LF,80A,52000.00,unchanged
jc.json,155,Hyundai,UCB100LF,UCB100LF,125A,68000.00,unchanged
jc.json,155,Hyundai,UCB250LF,UCB250LF,160A,82000.00,unchanged
jc.json,155,Hyundai,UCB250LF,UCB250LF,200A,88000.00,unchanged
jc.json,155,Hyundai,UCB250LF,UCB250LF,250A,94000.00,unchanged
jc.json,155,Hyundai,UCB400HF,UCB400HF,400A,163000.00,unchanged
jc.json,155,Hyundai,UCB630SF,UCB630SF,630A,248000.00,unchanged
jc.json,155,Hyundai,UCB630HF,UCB630HF,630A,275000.00,unchanged
jc.json,155,Hyundai,UCB800SF,UCB800SF,800A,280000.00,unchanged
jc.json,155,Hyundai,UCB800HF,UCB800HF,800A,320000.00,unchanged
jc.json,156,Hyundai,UPB100SF,UPB100SF,32A,123000.00,unchanged
jc.json,156,Hyundai,UPB250SF,UPB250SF,200A,157000.00,unchanged
jc.json,156,Hyundai,UCB400LF,UCB400LF,400A,187000.00,unchanged
jc.json,156,Hyundai,UCB630LF,UCB630LF,630A,375000.00,unchanged
jc.json,156,Hyundai,UCB800LF,UCB800LF,800A,440000.00,unchanged
jc.json,156,Hyundai,UCB630R,UCB630R,630A,280000.00,unchanged
jc.json,156,Hyundai,UAB100RF,UAB100RF,60A,42000.00,unchanged
jc.json,156,Hyundai,UCB630RF,UCB630RF,630A,280000.00,price 236000.00 -> 280000.00
jc.json,156,Hyundai,UCB800SF,UCB800SF,800A,365000.00,price 280000.00 -> 365000.00
jc.json,157,Hyundai,UAB60R,UAB60R,,8000.00,unchanged
jc.json,157,Hyundai,UAD100R,UAD100R,,8000.00,unchanged
jc.json,157,Hyundai,AUX,AUX-20C,,8000.00,unchanged
jc.json,157,Hyundai,UCB800H,UCB800H,,12500.00,unchanged
jc.json,157,Hyundai,UCD1000S,UCD1000S,,12500.00,unchanged
jc.json,157,Hyundai,UAB60R,UAB60R,,8000.00,unchanged
jc.json,157,Hyundai,ALT,ALT-20C,,8000.00,unchanged
jc.json,157,Hyundai,UCB800H,UCB800H,,12500.00,unchanged
jc.json,157,Hyundai,UCD1000S,UCD1000S,,12500.00,unchanged
jc.json,157,Hyundai,UAB60R,UAB60R,,12500.00,price 8000.00 -> 12500.00
jc.json,157,Hyundai,UAD100R,UAD100R,,12500.00,price 8000.00 -> 12500.00
jc.json,157,Hyundai,SHT,SHT-20C,,15000.00,unchanged
jc.json,157,Hyundai,UCB800H,UCB800H,,16000.00,price 12500.00 -> 16000.00
jc.json,157,Hyundai,UCD1000S,UCD1000S,,21500.00,price 12500.00 -> 21500.00
jc.json,157,Hyundai,UAB60R,UAB60R,,32500.00,price 12500.00 -> 32500.00
jc.json,157,Hyundai,UVT,UVT-10BQ,,32500.00,unchanged
jc.json,157,Hyundai,UVT,UVT-20CQ,,37000.00,unchanged
jc.json,157,Hyundai,UCB800H,UCB800H,,40000.00,price 16000.00 -> 40000.00
jc.json,157,Hyundai,UCD1000S,UCD1000S,,40000.00,price 21500.00 -> 40000.00
jc.json,158,Hyundai,UAB60R,UAB60R,,180000.00,price 32500.00 -> 180000.00
jc.json,158,Hyundai,UAD100R,UAD100R,,180000.00,price 12500.00 -> 180000.00
jc.json,158,Hyundai,ADC220,ADC220,,190000.00,price 195000.00 -> 190000.00
jc.json,158,Hyundai,MOT 40D,MOT 40D,,270000.00,unchanged
jc.json,158,Hyundai,UCB800S,UCB800S,,300000.00,unchanged
jc.json,158,Hyundai,UCD1000S,UCD1000S,,340000.00,price 40000.00 -> 340000.00
jc.json,158,Hyundai,UAB60R,UAB60R,,21000.00,price 180000.00 -> 21000.00
jc.json,158,Hyundai,UAD100R,UAD100R,,21000.00,price 180000.00 -> 21000.00
jc.json,158,Hyundai,UCD100H,UCD100H,,21000.00,unchanged
jc.json,158,Hyundai,UCB250H,UCB250H,,21000.00,unchanged
jc.json,158,Hyundai,MIF,MIF-40D3,,31500.00,unchanged
jc.json,158,Hyundai,UCB800S,UCB800S,,37000.00,price 300000.00 -> 37000.00
jc.json,159,Hyundai,UAD100R,UAD100R,,20000.00,price 21000.00 -> 20000.00
jc.json,159,Hyundai,TFG,TFG-20CS,,20000.00,unchanged
jc.json,159,Hyundai,UCB800H,UCB800H,,41000.00,price 40000.00 -> 41000.00
jc.json,159,Hyundai,UCB250H,UCB250H,,9000.00,price 21000.00 -> 9000.00
jc.json,159,Hyundai,UCB800H,UCB800H,,10200.00,price 41000.00 -> 10200.00
jc.json,159,Hyundai,UCB800H,UCB800H,,7500.00,price 10200.00 -> 7500.00
jc.json,160,Hyundai,UAN,UAN-32B,3200A,2000000.00,unchanged
jc.json,161,Hyundai,HG,HGC9,25A,6900.00,unchanged
jc.json,161,Hyundai,HG,HGC12,0.5A,8100.00,unchanged
jc.json,161,Hyundai,HG,HGC18,40A,9800.00,unchanged
jc.json,161,Hyundai,HG,HGC25,45A,13300.00,unchanged
jc.json,161,Hyundai,HG,HGC32,55A,19000.00,unchanged
jc.json,161,Hyundai,HG,HGC40,2A,22500.00,unchanged
jc.json,161,Hyundai,HG,HGC50,70A,31000.00,unchanged
jc.json,161,Hyundai,HG,HGC65,100A,42000.00,unchanged
jc.json,161,Hyundai,HG,HGC75,115A,46000.00,unchanged
jc.json,161,Hyundai,HG,HGC85,4A,50000.00,unchanged
jc.json,161,Hyundai,HG,HGC100,145A,65000.00,unchanged
jc.json,161,Hyundai,HGC11522NSF,HGC11522NSF,160A,72000.00,unchanged
jc.json,161,Hyundai,HGC13022NSF,HGC13022NSF,180A,84000.00,unchanged
jc.json,161,Hyundai,HGC15022NSF,HGC15022NSF,210A,91000.00,unchanged
jc.json,161,Hyundai,HGC18522NSF,HGC18522NSF,275A,119000.00,unchanged
jc.json,161,Hyundai,HGC22522NSF,HGC22522NSF,315A,145000.00,unchanged
jc.json,161,Hyundai,HGC26522NSF,HGC26522NSF,350A,192000.00,unchanged
jc.json,161,Hyundai,HGC30022NSF,HGC30022NSF,400A,208000.00,unchanged
jc.json,161,Hyundai,HGC40022NSF,HGC40022NSF,500A,320000.00,unchanged
jc.json,161,Hyundai,HGC50022NSF,HGC50022NSF,550A,475000.00,unchanged
jc.json,161,Hyundai,HGC63022NSF,HGC63022NSF,750A,515000.00,unchanged
jc.json,161,Hyundai,HGC80022NSF,HGC80022NSF,900A,650000.00,unchanged
jc.json,161,Hyundai,2a+2b,2a+2b,16A,12000.00,unchanged
jc.json,162,Hyundai,HGCTIP 9,HGCTIP 9,,2600.00,unchanged
jc.json,162,Hyundai,HGCTIP 12,HGCTIP 12,,2900.00,unchanged
jc.json,162,Hyundai,HGCTIP 18,HGCTIP 18,,3500.00,unchanged
jc.json,162,Hyundai,HGCTIP 25,HGCTIP 25,,4500.00,unchanged
jc.json,162,Hyundai,HGCTIP 32,HGCTIP 32,,5100.00,unchanged
jc.json,162,Hyundai,HGCTIP 40,HGCTIP 40,,5900.00,unchanged
jc.json,162,Hyundai,HGCTIP 50,HGCTIP 50,,8500.00,unchanged
jc.json,162,Hyundai,HGCTIP 65,HGCTIP 65,,16700.00,unchanged
jc.json,162,Hyundai,HGCTIP 75,HGCTIP 75,,18000.00,unchanged
jc.json,162,Hyundai,HGCTIP 85,HGCTIP 85,,19300.00,unchanged
jc.json,162,Hyundai,HGCTIP 100,HGCTIP 100,,27000.00,unchanged
jc.json,162,Hyundai,HGCTIP 115,HGCTIP 115,,39000.00,unchanged
jc.json,162,Hyundai,HGCTIP 130,HGCTIP 130,,46000.00,unchanged
jc.json,162,Hyundai,HGCTIP 150,HGCTIP 150,,48500.00,unchanged
jc.json,162,Hyundai,HGCTIP 185,HGCTIP 185,,71000.00,unchanged
jc.json,162,Hyundai,HGCTIP 225,HGCTIP 225,,80000.00,unchanged
jc.json,162,Hyundai,HGCTIP 265,HGCTIP 265,,108000.00,unchanged
jc.json,162,Hyundai,HGCTIP 300,HGCTIP 300,,123000.00,unchanged
jc.json,162,Hyundai,HGCTIP 400,HGCTIP 400,,140000.00,unchanged
jc.json,162,Hyundai,HGCTIP 500,HGCTIP 500,,218000.00,unchanged
jc.json,162,Hyundai,HGCTIP 630,HGCTIP 630,,260000.00,unchanged
jc.json,162,Hyundai,HGCTIP 800,HGCTIP 800,,290000.00,unchanged
jc.json,162,Hyundai,HGCIU40,HGCIU40,,5200.00,unchanged
jc.json,162,Hyundai,HGCIU100,HGCIU100,,6500.00,unchanged
jc.json,162,Hyundai,HGCIU265,HGCIU265,,10800.00,unchanged
jc.json,162,Hyundai,HGCIU800,HGCIU800,,25000.00,unchanged
jc.json,162,Hyundai,HGCLB100F220,HGCLB100F220,,15000.00,unchanged
jc.json,162,Hyundai,HGCLB100A440,HGCLB100A440,,15000.00,unchanged
jc.json,162,Hyundai,RC40,RC40,,7500.00,unchanged
jc.json,162,Hyundai,RC 100,RC 100,,7500.00,unchanged
jc.json,163,Hyundai,HG,HGCET1,,26000.00,unchanged
jc.json,163,Hyundai,HGCOL18,HGCOL18,,4000.00,unchanged
jc.json,163,Hyundai,HGCOL40,HGCOL40,,4500.00,unchanged
jc.json,163,Hyundai,HGCOL100,HGCOL100,,5500.00,unchanged
jc.json,163,Hyundai,HGCOL150F,HGCOL150F,,30000.00,unchanged
jc.json,163,Hyundai,HGCOL265F,HGCOL265F,,52000.00,unchanged
jc.json,163,Hyundai,HGCOL400F,HGCOL400F,,100000.00,unchanged
jc.json,163,Hyundai,HGCOL800F,HGCOL800F,,155000.00,unchanged
jc.json,163,Hyundai,HGCTB11NS,HGCTB11NS,,3600.00,unchanged
jc.json,163,Hyundai,HGCTB22NS,HGCTB22NS,,5800.00,unchanged
jc.json,163,Hyundai,HGCSB4011NS,HGCSB4011NS,,3800.00,unchanged
jc.json,163,Hyundai,HGCSB10011NS,HGCSB10011NS,,6000.00,unchanged
jc.json,163,Hyundai,HGCSB80011NS,HGCSB80011NS,,9500.00,unchanged
jc.json,163,Hyundai,HGC CU40-10N,HGC CU40-10N,,16000.00,unchanged
jc.json,163,Hyundai,HGC CU100-10N,HGC CU100-10N,,22000.00,unchanged
jc.json,163,Hyundai,HG,HGC9C,,22900.00,unchanged
jc.json,163,Hyundai,HG,HGC12C,,24100.00,unchanged
jc.json,163,Hyundai,HG,HGC32C,,35000.00,unchanged
jc.json,163,Hyundai,HG,HGC75C,,68000.00,unchanged
jc.json,164,Hyundai,HGT18KA,HGT18KA,,10500.00,unchanged
jc.json,164,Hyundai,HGT40KA,HGT40KA,,15000.00,unchanged
jc.json,164,Hyundai,HGT65KA,HGT65KA,,22000.00,unchanged
jc.json,164,Hyundai,HGT100KA,HGT100KA,,36000.00,unchanged
jc.json,164,Hyundai,HGT150KA,HGT150KA,,61000.00,unchanged
jc.json,164,Hyundai,HGT265KA,HGT265KA,,76000.00,unchanged
jc.json,164,Hyundai,HGT500KA,HGT500KA,,115000.00,unchanged
jc.json,164,Hyundai,HGT800KA,HGT800KA,,278000.00,unchanged
jc.json,164,Hyundai,HGTMB32S,HGTMB32S,,4000.00,unchanged
jc.json,164,Hyundai,HGTMB65S,HGTMB65S,,5000.00,unchanged
jc.json,164,Hyundai,HGTMB100S,HGTMB100S,,6000.00,unchanged
jc.json,165,Hyundai,HGM100E,HGM100E,16A,23600.00,unchanged
jc.json,165,Hyundai,HGM100E,HGM100E,,23600.00,price 27000.00 -> 23600.00
jc.json,165,Hyundai,HGM100E,HGM100E,63A,24000.00,unchanged
jc.json,165,Hyundai,HGM100E,HGM100E,75A,24000.00,unchanged
jc.json,165,Hyundai,HGM100H,HGM100H,16A,30000.00,unchanged
jc.json,165,Hyundai,HGM100H,HGM100H,63A,36000.00,unchanged
jc.json,165,Hyundai,HGM250S,HGM250S,125A,49000.00,unchanged
jc.json,165,Hyundai,HGM250S,HGM250S,250A,54000.00,unchanged
jc.json,165,Hyundai,HGM250L,HGM250L,250A,80000.00,unchanged
jc.json,165,Hyundai,HGM400E,HGM400E,250A,112000.00,unchanged
jc.json,165,Hyundai,HGM630E,HGM630E,630A,215000.00,unchanged
jc.json,165,Hyundai,HGM800S,HGM800S,800A,235000.00,unchanged
jc.json,165,Hyundai,HGM1000S,HGM1000S,1000A,500000.00,unchanged
jc.json,165,Hyundai,HGM1250S,HGM1250S,1250A,600000.00,unchanged
jc.json,165,Hyundai,HGM1600S,HGM1600S,1600A,960000.00,unchanged
jc.json,166,Hyundai,HGM100EF,HGM100EF,40A,29500.00,unchanged
jc.json,166,Hyundai,HGM100HF,HGM100HF,63A,33500.00,unchanged
jc.json,166,Hyundai,HGM100LF,HGM100LF,100A,38000.00,unchanged
jc.json,166,Hyundai,HGM125LF,HGM125LF,80A,55000.00,unchanged
jc.json,166,Hyundai,HGM160LF,HGM160LF,160A,70000.00,unchanged
jc.json,166,Hyundai,HGM250SF,HGM250SF,200A,63500.00,unchanged
jc.json,166,Hyundai,HGM250SF,HGM250SF,200A,64500.00,price 63500.00 -> 64500.00
jc.json,166,Hyundai,HGM250SF,HGM250SF,250A,72000.00,unchanged
jc.json,166,Hyundai,HGM250HF,HGM250HF,125A,68000.00,unchanged
jc.json,166,Hyundai,HGM250HF,HGM250HF,200A,72000.00,unchanged
jc.json,166,Hyundai,HGM250HF,HGM250HF,250A,80000.00,unchanged
jc.json,166,Hyundai,HGM250LF,HGM250LF,200A,82000.00,unchanged
jc.json,166,Hyundai,HGM250LF,HGM250LF,200A,88000.00,price 82000.00 -> 88000.00
jc.json,166,Hyundai,HGM250LF,HGM250LF,250A,95000.00,unchanged
jc.json,167,Hyundai,HGM400EF,HGM400EF,400A,135000.00,unchanged
jc.json,167,Hyundai,HGM400SF,HGM400SF,400A,163000.00,unchanged
jc.json,167,Hyundai,HGM400LF,HGM400LF,400A,182000.00,unchanged
jc.json,167,Hyundai,HGM630EF,HGM630EF,630A,236000.00,unchanged
jc.json,167,Hyundai,HGM630SF,HGM630SF,630A,248000.00,unchanged
jc.json,167,Hyundai,HGM630HF,HGM630HF,630A,275000.00,unchanged
jc.json,167,Hyundai,HGM800SF,HGM800SF,800A,280000.00,unchanged
jc.json,167,Hyundai,HGM800HF,HGM800HF,800A,320000.00,unchanged
jc.json,167,Hyundai,HGM100E,HGM100E,32A,27000.00,unchanged
jc.json,167,Hyundai,HGM100E,HGM100E,63A,27000.00,price 24000.00 -> 27000.00
jc.json,167,Hyundai,HGM100H,HGM100H,32A,42000.00,unchanged
jc.json,167,Hyundai,HGM250S,HGM250S,,66000.00,price 78000.00 -> 66000.00
jc.json,167,Hyundai,HGM250S,HGM250S,250A,78000.00,price 54000.00 -> 78000.00
jc.json,167,Hyundai,HGM100HF,HGM100HF,63A,44000.00,price 33500.00 -> 44000.00
jc.json,167,Hyundai,HGM250SF,HGM250SF,200A,84000.00,price 64500.00 -> 84000.00
jc.json,167,Hyundai,HGM250SF,HGM250SF,250A,89000.00,price 72000.00 -> 89000.00
jc.json,167,Hyundai,HGM400EF,HGM400EF,400A,150000.00,price 135000.00 -> 150000.00
jc.json,167,Hyundai,HGM400SF,HGM400SF,400A,183000.00,price 163000.00 -> 183000.00
jc.json,167,Hyundai,HGM630EF,HGM630EF,630A,288000.00,price 236000.00 -> 288000.00
jc.json,167,Hyundai,HGM800SF,HGM800SF,800A,370000.00,price 280000.00 -> 370000.00
jc.json,168,Hyundai,AUX,AUX-10GM,250A,8000.00,unchanged
jc.json,168,Hyundai,AUX,AUX-10GM,250A,11000.00,price 8000.00 -> 11000.00
jc.json,168,Hyundai,AUX,AUX-40GM,800A,11000.00,unchanged
jc.json,168,Hyundai,ALT,ALT-10GM,250A,11000.00,unchanged
jc.json,168,Hyundai,ALT,ALT-40GM,800A,11000.00,unchanged
jc.json,168,Hyundai,SHT,SHT-10GM,250A,11000.00,unchanged
jc.json,168,Hyundai,SHT40GM,SHT40GM,800A,14000.00,unchanged
jc.json,168,Hyundai,10GMAC,10GMAC,250A,32500.00,unchanged
jc.json,168,Hyundai,40GM,40GM,800A,40000.00,unchanged
jc.json,168,Hyundai,MOT 10GM,MOT 10GM,,180000.00,unchanged
jc.json,168,Hyundai,MOT 25GM,MOT 25GM,,195000.00,unchanged
jc.json,168,Hyundai,MOT 40GM,MOT 40GM,,270000.00,unchanged
jc.json,168,Hyundai,MOT 80GM,MOT 80GM,,300000.00,unchanged
jc.json,168,Hyundai,MIF 10GM,MIF 10GM,,21000.00,unchanged
jc.json,168,Hyundai,MIF 25GM,MIF 25GM,,23000.00,unchanged
jc.json,168,Hyundai,MIF 40GM,MIF 40GM,,31500.00,unchanged
jc.json,168,Hyundai,MIF 80GM,MIF 80GM,,35000.00,unchanged
jc.json,169,Hyundai,TFG 10GM,TFG 10GM,,14000.00,unchanged
jc.json,169,Hyundai,TFG 25GM,TFG 25GM,,15000.00,unchanged
jc.json,169,Hyundai,TFG 40GM,TFG 40GM,,32000.00,unchanged
jc.json,169,Hyundai,TFG 80GM,TFG 80GM,,36000.00,unchanged
jc.json,169,Hyundai,TFH 10GM,TFH 10GM,,20000.00,unchanged
jc.json,169,Hyundai,TFH 25GM,TFH 25GM,,20000.00,unchanged
jc.json,169,Hyundai,TFH 40GM,TFH 40GM,,41000.00,unchanged
jc.json,169,Hyundai,TFH 80GM,TFH 80GM,,41000.00,unchanged
jc.json,169,Hyundai,PLD 10GM,PLD 10GM,,8000.00,unchanged
jc.json,169,Hyundai,PLD 40GM,PLD 40GM,,10000.00,unchanged
jc.json,169,Hyundai,THA 48GM,THA 48GM,,4000.00,unchanged
jc.json,170,Hyundai,HGE100E,HGE100E,16A,78500.00,unchanged
jc.json,170,Hyundai,HGE100E,HGE100E,32A,78500.00,unchanged
jc.json,170,Hyundai,HGE100E,HGE100E,63A,78500.00,unchanged
jc.json,170,Hyundai,HGE100E,HGE100E,100A,78500.00,unchanged
jc.json,170,Hyundai,HGE100E,HGE100E,16A,85000.00,price 78500.00 -> 85000.00
jc.json,170,Hyundai,HGE100E,HGE100E,32A,85000.00,price 78500.00 -> 85000.00
jc.json,170,Hyundai,HGE100E,HGE100E,63A,85000.00,price 78500.00 -> 85000.00
jc.json,170,Hyundai,HGE100E,HGE100E,100A,85000.00,price 78500.00 -> 85000.00
jc.json,170,Hyundai,HGE250S,HGE250S,250A,138000.00,unchanged
jc.json,170,Hyundai,HGE400S,HGE400S,400A,365000.00,unchanged
jc.json,171,Hyundai,HGN,HGN-06A,06A,1070000.00,unchanged
jc.json,171,Hyundai,HGN,HGN-06A,06A,1350000.00,price 1070000.00 -> 1350000.00
jc.json,171,Hyundai,HGN,HGN-08A,08A,1070000.00,unchanged
jc.json,171,Hyundai,HGN,HGN-08A,08A,1350000.00,price 1070000.00 -> 1350000.00
jc.json,171,Hyundai,HGN,HGN-10A,10A,1100000.00,unchanged
jc.json,171,Hyundai,HGN,HGN-10A,10A,1400000.00,price 1100000.00 -> 1400000.00
jc.json,171,Hyundai,HGN,HGN-12A,12A,1100000.00,unchanged
jc.json,171,Hyundai,HGN,HGN-12A,12A,1400000.00,price 1100000.00 -> 1400000.00
jc.json,171,Hyundai,HGN,HGN-16A,16A,1200000.00,unchanged
jc.json,171,Hyundai,HGN,HGN-16A,16A,1520000.00,price 1200000.00 -> 1520000.00
jc.json,171,Hyundai,HGN,HGN-20A,20A,1400000.00,unchanged
jc.json,171,Hyundai,HGN,HGN-20A,20A,1750000.00,price 1400000.00 -> 1750000.00
jc.json,171,Hyundai,HGN,HGN-25B,2500A,1700000.00,unchanged
jc.json,171,Hyundai,HGN,HGN-25B,2500A,2150000.00,price 1700000.00 -> 2150000.00
jc.json,171,Hyundai,HGN,HGN-32B,1000A,2000000.00,unchanged
jc.json,171,Hyundai,HGN,HGN-32B,1000A,2500000.00,price 2000000.00 -> 2500000.00
jc.json,171,Hyundai,HGN,HGN-40B,4000A,3000000.00,unchanged
jc.json,171,Hyundai,HGN,HGN-40B,4000A,3800000.00,price 3000000.00 -> 3800000.00
jc.json,171,Hyundai,HGN,HGN-50C,5000A,,unchanged
jc.json,171,Hyundai,HGN,HGN-50C,5000A,,unchanged
jc.json,171,Hyundai,HGN,HGN-63D,6300A,,unchanged
jc.json,171,Hyundai,HGN,HGN-63D,6300A,,unchanged
jc.json,172,Hyundai,HGD-M,HGD-M,,2300.00,unchanged
jc.json,172,Hyundai,HGD-M,HGD-M,16A,2100.00,unchanged
jc.json,172,Hyundai,HGD-M,HGD-M,50A,2300.00,unchanged
jc.json,172,Hyundai,HGD-M,HGD-M,1A,3200.00,unchanged
jc.json,172,Hyundai,HGD-P,HGD-P,6A,3800.00,unchanged
jc.json,172,Hyundai,HGD-P,HGD-P,16A,3800.00,unchanged
jc.json,172,Hyundai,HGD-P,HGD-P,50A,4100.00,unchanged
jc.json,172,Hyundai,HGD-P,HGD-P,1A,5500.00,unchanged
jc.json,172,Hyundai,HGD-M,HGD-M,6A,4300.00,unchanged
jc.json,172,Hyundai,HGD-M,HGD-M,16A,4300.00,price 2100.00 -> 4300.00
jc.json,172,Hyundai,HGD-M,HGD-M,50A,5000.00,price 2300.00 -> 5000.00
jc.json,172,Hyundai,HGD-M,HGD-M,1A,6500.00,price 3200.00 -> 6500.00
jc.json,172,Hyundai,HGD-P,HGD-P,6A,7800.00,price 3800.00 -> 7800.00
jc.json,172,Hyundai,HGD-P,HGD-P,16A,7800.00,price 3800.00 -> 7800.00
jc.json,172,Hyundai,HGD-P,HGD-P,50A,8500.00,price 4100.00 -> 8500.00
jc.json,172,Hyundai,HGD-P,HGD-P,1A,11500.00,price 5500.00 -> 11500.00
jc.json,172,Hyundai,HGD-M,HGD-M,6A,6600.00,price 4300.00 -> 6600.00
jc.json,172,Hyundai,HGD-M,HGD-M,16A,6600.00,price 4300.00 -> 6600.00
jc.json,172,Hyundai,HGD-M,HGD-M,50A,7400.00,price 5000.00 -> 7400.00
jc.json,172,Hyundai,HGD-M,HGD-M,1A,10000.00,price 6500.00 -> 10000.00
jc.json,172,Hyundai,HGD125-M,HGD125-M,80A,28000.00,unchanged
jc.json,172,Hyundai,HGD-P,HGD-P,6A,11800.00,price 7800.00 -> 11800.00
jc.json,172,Hyundai,HGD-P,HGD-P,16A,11800.00,price 7800.00 -> 11800.00
jc.json,172,Hyundai,HGD-P,HGD-P,50A,12500.00,price 8500.00 -> 12500.00
jc.json,172,Hyundai,HGD-P,HGD-P,1A,17000.00,price 11500.00 -> 17000.00
jc.json,172,Hyundai,HGD-M,HGD-M,6A,10200.00,price 6600.00 -> 10200.00
jc.json,172,Hyundai,HGD-M,HGD-M,16A,10200.00,price 6600.00 -> 10200.00
jc.json,172,Hyundai,HGD-M,HGD-M,50A,13000.00,price 7400.00 -> 13000.00
jc.json,172,Hyundai,4AA,4AA,,14000.00,unchanged
jc.json,172,Hyundai,HGD-P,HGD-P,6A,20000.00,price 11800.00 -> 20000.00
jc.json,172,Hyundai,HGD-P,HGD-P,16A,20000.00,price 11800.00 -> 20000.00
jc.json,172,Hyundai,HGD-P,HGD-P,50A,24000.00,price 12500.00 -> 24000.00
jc.json,173,Hyundai,HAF1541,HAF1541-4F,,,unchanged
jc.json,173,Hyundai,HAF2341,HAF2341-4F,,,unchanged
jc.json,174,Hyundai,N100,N100-007HF,,250000.00,unchanged
jc.json,174,Hyundai,N700E,N700E-007HF,,196000.00,unchanged
jc.json,174,Hyundai,N700E,N700E-015HF,,237000.00,unchanged
jc.json,174,Hyundai,N700E,N700E-022HF,,285000.00,unchanged
jc.json,174,Hyundai,N700E,N700E-037HF,,349000.00,unchanged
jc.json,174,Hyundai,N700E,N700E-055HF,,602000.00,unchanged
jc.json,174,Hyundai,N700E,N700E-075HF,,742000.00,unchanged
jc.json,174,Hyundai,N700E,N700E,,945000.00,unchanged
jc.json,174,Hyundai,N700E,N700E-150HF,,1190000.00,unchanged
jc.json,174,Hyundai,N700E,N700E-220HF,,1600000.00,unchanged
jc.json,174,Hyundai,N700E,N700E-370H,,2500000.00,unchanged
jc.json,174,Hyundai,N700,N700-055HF,,,unchanged
jc.json,174,Hyundai,N700,N700-075HF,,,unchanged
jc.json,175,Hyundai,N300,N300-075LF,,920000.00,unchanged
jc.json,175,Hyundai,N700E,N700E-037LF,,400000.00,unchanged
jc.json,175,Hyundai,DOP1,DOP1,,50000.00,price None -> 50000.00
jc.json,175,Hyundai,NOP100With,NOP100With,,90000.00,unchanged
jc.json,175,Hyundai,RB1,RB1,,25000.00,unchanged
jc.json,175,Hyundai,RB2,RB2,,45000.00,unchanged
jc.json,175,Hyundai,RB3,RB3,,,unchanged
jc.json,175,Hyundai,NOP3With,NOP3With,,240000.00,unchanged
jc.json,176,Hyundai,HIRC63,HIRC63,63A,14500.00,unchanged
jc.json,176,Hyundai,HIRC63,HIRC63,63A,14500.00,unchanged
jc.json,176,Hyundai,HIRC63,HIRC63,63A,26500.00,price 14500.00 -> 26500.00
jc.json,176,Hyundai,HIRC63,HIRC63,63A,26500.00,unchanged
jc.json,177,Hyundai,HiMP22K,HiMP22K,5.0A,34000.00,unchanged
jc.json,177,Hyundai,HiMP50K,HiMP50K,50A,36500.00,unchanged
jc.json,177,Hyundai,HiMP60K,HiMP60K,6.0A,100000.00,unchanged
jc.json,177,Hyundai,HiMP60K,HiMP60K,,100000.00,unchanged
jc.json,178,Hyundai,HMMS,HMMS-32K,1A,22500.00,unchanged
jc.json,178,Hyundai,HMMS,HMMS-32K,1.6A,22500.00,unchanged
jc.json,178,Hyundai,HMMS,HMMS-32K,2.5A,22500.00,unchanged
jc.json,178,Hyundai,HMMS,HMMS-32K,4A,22500.00,unchanged
jc.json,178,Hyundai,HMMS,HMMS-32K,6.3A,22500.00,unchanged
jc.json,178,Hyundai,HMMS,HMMS-32K,10A,22500.00,unchanged
jc.json,178,Hyundai,HMMS,HMMS-32K,14A,20000.00,unchanged
jc.json,178,Hyundai,HMMS,HMMS-32K,18A,20000.00,unchanged
jc.json,178,Hyundai,HMMS,HMMS-32K,23A,20000.00,unchanged
jc.json,178,Hyundai,HMMS,HMMS-32K,25A,20000.00,unchanged
jc.json,178,Hyundai,HMMS,HMMS-80K,40A,55000.00,unchanged
jc.json,178,Hyundai,HMMS,HMMS-80K,63A,55000.00,unchanged
jc.json,178,Hyundai,HMMS,HMMS-80K,80A,60000.00,unchanged
jc.json,178,Hyundai,HMMS,HMMS-32K,,5000.00,unchanged
jc.json,178,Hyundai,HMMS,HMMS-32K,,16000.00,price 5000.00 -> 16000.00
jc.json,178,Hyundai,HMMS,HMMS-32K,,16000.00,unchanged
jc.json,179,SAMWHA/Schneider,EOCRSS-05,EOCRSS-05/60S,,36000.00,unchanged
jc.json,179,SAMWHA/Schneider,EOCR-SSD,EOCR-SSD,,63000.00,unchanged
jc.json,180,SAMWHA/Schneider,EOCR-i3DM,EOCR-i3DM,,,unchanged
jc.json,181,SAMWHA/Schneider,EOCR-i3MS,EOCR-i3MS,,,unchanged
jc.json,181,SAMWHA/Schneider,EOCR,EOCR,,,unchanged
jc.json,181,SAMWHA/Schneider,EOCR-i3MZ,EOCR-i3MZ,,,unchanged
jc.json,182,SAMWHA/Schneider,EOCR,EOCR,,,unchanged
jc.json,183,SAMWHA/Schneider,EVR-PD,EVR-PD,,75000.00,unchanged
jc.json,184,Autonics,CT6M,CT6M-1P4,,60000.00,unchanged
jc.json,184,Autonics,CT6M,CT6M-2P4,,73000.00,unchanged
jc.json,184,Autonics,CT6M,CT6M-1P4T,,88000.00,unchanged
jc.json,184,Autonics,CT6S,CT6S-1P4,,50000.00,unchanged
jc.json,184,Autonics,CT6S,CT6S-2P4,,61000.00,unchanged
jc.json,184,Autonics,CT4S,CT4S-1P4,,47000.00,unchanged
jc.json,184,Autonics,FX4M,FX4M-1P4,,67000.00,unchanged
jc.json,184,Autonics,FX4M,FX4M-2P4,,94000.00,unchanged
jc.json,184,Autonics,FX6,FX6,,75000.00,unchanged
jc.json,185,Autonics,CT,CT6M-I,,55000.00,unchanged
jc.json,185,Autonics,LA8N-BF,LA8N-BF,,30000.00,unchanged
jc.json,185,Autonics,LE8N-BF,LE8N-BF,,45000.00,unchanged
jc.json,185,Autonics,ATE8,ATE8-46D,,9500.00,unchanged
jc.json,185,Autonics,AT8N,AT8N,,14500.00,unchanged
jc.json,186,Autonics,ATS8W,ATS8W-41,,14500.00,unchanged
jc.json,186,Autonics,AT8PMN,AT8PMN,,25000.00,unchanged
jc.json,186,Autonics,AT8SDN,AT8SDN,,21000.00,unchanged
jc.json,186,Autonics,LE3S 100,LE3S 100,,40000.00,unchanged
jc.json,187,Autonics,LE4S,LE4S,,44000.00,unchanged
jc.json,187,Autonics,LE7M,LE7M-2,,75000.00,unchanged
jc.json,188,Autonics,MP5W,MP5W-4N,,61000.00,unchanged
jc.json,188,Autonics,PSN25,PSN25-5DP,,10000.00,unchanged
jc.json,188,Autonics,MP5W,MP5W-41,,92000.00,unchanged
jc.json,188,Autonics,MP5W,MP5W-44,,110000.00,unchanged
jc.json,188,Autonics,MP5W,MP5W-48,,110000.00,unchanged
jc.json,188,Autonics,MP5W,MP5W-49,,110000.00,unchanged
jc.json,188,Autonics,MP5W,MP5W-4A,4A,,unchanged
jc.json,188,Autonics,PSN25,PSN25-5DP,,10000.00,unchanged
jc.json,188,Autonics,MP5M,MP5M-41,,,unchanged
jc.json,188,Autonics,MP5M,MP5M-42,,,unchanged
jc.json,188,Autonics,LR5N-B,LR5N-B,,27000.00,unchanged
jc.json,189,Autonics,PR08,PR08-2DN,,26000.00,unchanged
jc.json,189,Autonics,PR08,PR08-2DP,,26000.00,unchanged
jc.json,189,Autonics,PR08,PR08-2DP2,,26000.00,unchanged
jc.json,189,Autonics,PR12,PR12-4DP,,17000.00,unchanged
jc.json,189,Autonics,PRD12,PRD12-4DP,,18600.00,unchanged
jc.json,189,Autonics,PR12,PR12-4DN,,17000.00,unchanged
jc.json,189,Autonics,PR12,PR12-4DN2,,17500.00,unchanged
jc.json,189,Autonics,PRD12,PRD12-4DN,,18500.00,unchanged
jc.json,189,Autonics,PR18,PR18-5DP,,17500.00,unchanged
jc.json,189,Autonics,PR18,PR18-5DP2,,17700.00,unchanged
jc.json,189,Autonics,PRL18,PRL18-5DP,,17700.00,unchanged
jc.json,189,Autonics,PR18,PR18-5DN,,17000.00,unchanged
jc.json,189,Autonics,PR18,PR18-5DN2,,17000.00,unchanged
jc.json,189,Autonics,PR18,PR18-8DP,,17000.00,unchanged
jc.json,189,Autonics,PRL18,PRL18-8DP,,17700.00,unchanged
jc.json,189,Autonics,PR18,PR18-5AO,,20000.00,unchanged
jc.json,189,Autonics,PR18,PR18-5AC,,20000.00,unchanged
jc.json,189,Autonics,PRL18,PRL18-5AC,,20000.00,unchanged
jc.json,189,Autonics,PRL18,PRL18-8AC,,20000.00,unchanged
jc.json,189,Autonics,PR18,PR18-8AO,,20000.00,unchanged
jc.json,189,Autonics,PR18,PR18-8AC,,20000.00,unchanged
jc.json,189,Autonics,PR30,PR30-10DP,,20000.00,unchanged
jc.json,189,Autonics,PR30,PR30-15DP,,22000.00,unchanged
jc.json,189,Autonics,PR30,PR30-15DN,,22000.00,unchanged
jc.json,189,Autonics,PR30,PR30-15AO,,22000.00,unchanged
jc.json,189,Autonics,PR30,PR30-10AC,,22000.00,unchanged
jc.json,189,Autonics,PRL30,PRL30-15DP,,23000.00,unchanged
jc.json,189,Autonics,PR30,PR30-15AC,,22000.00,unchanged
jc.json,189,Autonics,PRL30,PRL30-15AO,,23000.00,unchanged
jc.json,189,Autonics,PRL30,PRL30-15AC,,23000.00,unchanged
jc.json,190,Autonics,PRW08,PRW08-2DP,,14400.00,unchanged
jc.json,190,Autonics,PRW18,PRW18-5DP,,13400.00,unchanged
jc.json,190,Autonics,PRCM12,PRCM12-4DN,,13500.00,unchanged
jc.json,190,Autonics,PRCM12,PRCM12-4DP,,13500.00,unchanged
jc.json,190,Autonics,PRCM18,PRCM18-8DN,,13700.00,unchanged
jc.json,190,Autonics,PRCM18,PRCM18-8DP,,13700.00,unchanged
jc.json,190,Autonics,PRT12,PRT12-4DO,,12500.00,unchanged
jc.json,190,Autonics,PRDT12,PRDT12-4DO,,21500.00,unchanged
jc.json,190,Autonics,PRT12,PRT12-4DC,,12500.00,unchanged
jc.json,190,Autonics,PRDT12,PRDT12-4DC,,20000.00,unchanged
jc.json,190,Autonics,PRT18,PRT18-5DO,,12500.00,unchanged
jc.json,190,Autonics,PRT18,PRT18-5DC,,12500.00,unchanged
jc.json,190,Autonics,PRT30,PRT30-15DO,,13400.00,unchanged
jc.json,190,Autonics,PS12,PS12-4DP,,12200.00,unchanged
jc.json,190,Autonics,PS12,PS12-4DN,,12200.00,unchanged
jc.json,190,Autonics,PSN17,PSN17-5DN,,9500.00,unchanged
jc.json,190,Autonics,PSN25,PSN25-5DP,,10000.00,unchanged
jc.json,190,Autonics,PSN25,PSN25-5DN,,10000.00,unchanged
jc.json,190,Autonics,PSN25,PSN25-5DN2,,10000.00,unchanged
jc.json,190,Autonics,PSN30,PSN30-10DP,,12200.00,unchanged
jc.json,190,Autonics,PSN30,PSN30-15DP,,12200.00,unchanged
jc.json,190,Autonics,AS80,AS80-50DP3,,75000.00,unchanged
jc.json,190,Autonics,CR18,CR18-8DP,,26500.00,unchanged
jc.json,190,Autonics,CR18,CR18-8DN,,26500.00,unchanged
jc.json,190,Autonics,CR18,CR18-8AO,,32500.00,unchanged
jc.json,190,Autonics,CR18,CR18-8AC,,32500.00,unchanged
jc.json,190,Autonics,CR30,CR30-15DP,,32500.00,unchanged
jc.json,190,Autonics,CR30,CR30-15AO,,38000.00,unchanged
jc.json,191,Autonics,M4W-AA,M4W-AA,,46000.00,price None -> 46000.00
jc.json,191,Autonics,MT4W-AA,MT4W-AA,,46000.00,price None -> 46000.00
jc.json,191,Autonics,MT4W-AV,MT4W-AV,,46000.00,price None -> 46000.00
jc.json,191,Autonics,MT4Y-AV,MT4Y-AV,,47500.00,price None -> 47500.00
jc.json,191,Autonics,MT4W-DA,MT4W-DA,,43000.00,price None -> 43000.00
jc.json,192,Autonics,MT4W-DV,MT4W-DV,,43000.00,price None -> 43000.00
jc.json,192,Autonics,MT4Y-DV,MT4Y-DV,,49000.00,unchanged
jc.json,192,Autonics,M4YS-NA,M4YS-NA,,44000.00,unchanged
jc.json,194,Autonics,TZ4L,TZ4L-14R,,98000.00,unchanged
jc.json,194,Autonics,TZ4L,TZ4L-14S,,105000.00,unchanged
jc.json,194,Autonics,TZ4L,TZ4L-24R,,110000.00,unchanged
jc.json,194,Autonics,TZ4L-A4R,TZ4L-A4R,,116000.00,unchanged
jc.json,194,Autonics,TZ4L,TZ4L-14C,,105000.00,unchanged
jc.json,194,Autonics,TZ4L-T4R,TZ4L-T4R,,116000.00,unchanged
jc.json,194,Autonics,TZ4M,TZ4M-14R,,97000.00,unchanged
jc.json,194,Autonics,TZ4M,TZ4M-14S,,100000.00,unchanged
jc.json,194,Autonics,TZ4M,TZ4M-14C,,100000.00,unchanged
jc.json,194,Autonics,TZ4M-A4R,TZ4M-A4R,,108000.00,unchanged
jc.json,194,Autonics,TZ4ST,TZ4ST-14R,,78000.00,unchanged
jc.json,194,Autonics,TZ4ST-R4C,TZ4ST-R4C,,90000.00,unchanged
jc.json,194,Autonics,TZ4H,TZ4H-14R,,95000.00,unchanged
jc.json,194,Autonics,TZ4H,TZ4H-14C,,102000.00,unchanged
jc.json,194,Autonics,TZ4W,TZ4W-14R,,95000.00,unchanged
jc.json,195,Autonics,TZN4L,TZN4L-14R,,99000.00,unchanged
jc.json,195,Autonics,TZN4M,TZN4M-14R,,93000.00,unchanged
jc.json,195,Autonics,TZN4M,TZN4M-14S,,100000.00,unchanged
jc.json,195,Autonics,TZN4S,TZN4S-14R,,78000.00,unchanged
jc.json,195,Autonics,TZN4L-T4R,TZN4L-T4R,,112000.00,unchanged
jc.json,195,Autonics,TZN4H,TZN4H-14R,,95000.00,unchanged
jc.json,195,Autonics,TZN4S,TZN4S-14C,,88000.00,unchanged
jc.json,195,Autonics,TZN4W,TZN4W-14R,,95000.00,unchanged
jc.json,195,Autonics,TZN4S,TZN4S-14S,,83000.00,unchanged
jc.json,197,Autonics,TK4H,TK4H-14RN,,60000.00,unchanged
jc.json,197,Autonics,TK4H,TK4H-24RR,1A,75000.00,unchanged
jc.json,197,Autonics,TK4L,TK4L-14RR,1A,69000.00,unchanged
jc.json,197,Autonics,TK4L,TK4L-24RR,1A,78000.00,unchanged
jc.json,197,Autonics,TK4L-T4CR,TK4L-T4CR,,81000.00,unchanged
jc.json,197,Autonics,TK4M,TK4M-14RR,1A,69000.00,unchanged
jc.json,197,Autonics,TK4M,TK4M-14CR,,69000.00,unchanged
jc.json,197,Autonics,TK4S,TK4S-14RR,1A,54000.00,unchanged
jc.json,197,Autonics,TK4S,TK4S-24RR,1A,60000.00,unchanged
jc.json,198,Autonics,TC4L,TC4L-14R,,44000.00,unchanged
jc.json,198,Autonics,TC4M,TC4M-14R,,44000.00,unchanged
jc.json,198,Autonics,TC4S,TC4S-14R,,38500.00,unchanged
jc.json,198,Autonics,TC4H,TC4H-14R,,44000.00,unchanged
jc.json,199,Autonics,TCN4L,TCN4L-24R,,50000.00,unchanged
jc.json,199,Autonics,TCN4M,TCN4M-24R,,50000.00,unchanged
jc.json,199,Autonics,TCN4S,TCN4S-24R,,45000.00,unchanged
jc.json,199,Autonics,TCN4H,TCN4H-24R,,50000.00,unchanged
jc.json,200,Autonics,TD4L,TD4L-14R,,82000.00,unchanged
jc.json,200,Autonics,TD4M,TD4M-14R,,76000.00,unchanged
jc.json,200,Autonics,TD4SP-N4R,TD4SP-N4R,,68000.00,unchanged
jc.json,200,Autonics,TD4LP,TD4LP-14R,,88000.00,unchanged
jc.json,200,Autonics,TD4H,TD4H-14R,,82000.00,unchanged
jc.json,201,Autonics,TX4S,TX4S-14R,,37000.00,unchanged
jc.json,202,Autonics,PG,PG-08,,1500.00,unchanged
jc.json,202,Autonics,PS,PS-08,,1950.00,unchanged
jc.json,202,Autonics,PS,PS-11,,2550.00,unchanged
jc.json,202,Autonics,T4WI,T4WI,,41000.00,unchanged
jc.json,202,Autonics,T4WI,T4WI,,41000.00,unchanged
jc.json,202,Autonics,T4WM,T4WM,,75000.00,unchanged
jc.json,202,Autonics,T4WM,T4WM,,75000.00,unchanged
jc.json,203,Autonics,THD-R-C,THD-R-C,,,unchanged
jc.json,203,Autonics,THD-R-T,THD-R-T,,,unchanged
jc.json,204,Autonics,THD-R-V,THD-R-V,,,unchanged
jc.json,204,Autonics,SPC1,SPC1-35,35A,57000.00,unchanged
jc.json,204,Autonics,SCM,SCM-38I,,,unchanged
jc.json,204,Autonics,SCM-US48I,SCM-US48I,,,unchanged
jc.json,204,Autonics,GP-S044-S1D0,GP-S044-S1D0,,,unchanged
jc.json,205,Autonics,GP-S070-T9D6,GP-S070-T9D6,,,unchanged
jc.json,205,Autonics,LP-S070-T9D6-C5T,LP-S070-T9D6-C5T,,,unchanged
jc.json,206,Autonics,BJ1M-DDT,BJ1M-DDT,,32500.00,unchanged
jc.json,206,Autonics,BJ15M-TDT,BJ15M-TDT,,41500.00,unchanged
jc.json,206,Autonics,BJ3M-PDT,BJ3M-PDT,,35000.00,unchanged
jc.json,206,Autonics,BX15M-TFR,BX15M-TFR,,44000.00,unchanged
jc.json,206,Autonics,BX15M-TFR-T,BX15M-TFR-T,,49000.00,unchanged
jc.json,206,Autonics,BX5M-MFR,BX5M-MFR,,41000.00,unchanged
jc.json,207,Autonics,BX700-DFR,BX700-DFR,,41000.00,unchanged
jc.json,207,Autonics,BEN300-DFR,BEN300-DFR,,31000.00,unchanged
jc.json,207,Autonics,BEN3M-PFR,BEN3M-PFR,,32500.00,unchanged
jc.json,207,Autonics,BEN10M-TFR,BEN10M-TFR,,33000.00,unchanged
jc.json,207,Autonics,BYD100-DDT,BYD100-DDT,,19500.00,unchanged
jc.json,207,Autonics,BTS30-LDTL-P,BTS30-LDTL-P,,40500.00,unchanged
jc.json,207,Autonics,BTS200-MDTL-P,BTS200-MDTL-P,,35000.00,unchanged
jc.json,207,Autonics,BTS1M-TDTL-P,BTS1M-TDTL-P,,40500.00,unchanged
jc.json,208,Autonics,BR4M-TDTL-P,BR4M-TDTL-P,,42500.00,unchanged
jc.json,208,Autonics,BR3M-MDT-P,BR3M-MDT-P,,33500.00,unchanged
jc.json,208,Autonics,BR400-DDT-P,BR400-DDT-P,,33500.00,unchanged
jc.json,208,Autonics,BR100-DDT,BR100-DDT,,33500.00,unchanged
jc.json,208,Autonics,BR400-DDT,BR400-DDT,,33500.00,unchanged
jc.json,208,Autonics,BRQ5M-TDTA,BRQ5M-TDTA,,41000.00,unchanged
jc.json,209,Autonics,BRQM3M-PDTA-P,BRQM3M-PDTA-P,,41000.00,unchanged
jc.json,209,Autonics,BRQ100-DDTA-P,BRQ100-DDTA-P,,34000.00,unchanged
jc.json,209,Autonics,BRQ100-DDTA-C,BRQ100-DDTA-C,,40000.00,unchanged
jc.json,209,Autonics,BUP-,BUP-30S,,35500.00,unchanged
jc.json,209,Autonics,BUP-,BUP-50S,,36500.00,unchanged
jc.json,209,Autonics,BC15-LDT-C,BC15-LDT-C,,170000.00,unchanged
jc.json,209,Autonics,M12,M12,,10000.00,unchanged
jc.json,210,Autonics,BF,BF-4R,,44000.00,unchanged
jc.json,210,Autonics,BF3-RX,BF3-RX,,30000.00,unchanged
jc.json,210,Autonics,BF5R-D1-N,BF5R-D1-N,,76000.00,unchanged
jc.json,210,Autonics,FT,FT-420-5,,17000.00,unchanged
jc.json,210,Autonics,FT,FT-420-10,,17000.00,unchanged
jc.json,210,Autonics,FD,FD-620-10,,17000.00,unchanged
jc.json,211,Autonics,PSA-01-Rc1,PSA-01-Rc1/8,,68000.00,unchanged
jc.json,211,Autonics,PSA-1-Rc1,PSA-1-Rc1/8,,68000.00,unchanged
jc.json,211,Autonics,PSAN-01CV-Rc1,PSAN-01CV-Rc1/8,,70000.00,unchanged
jc.json,211,Autonics,PSAN-1CV-Rc1,PSAN-1CV-Rc1/8,,70000.00,unchanged
jc.json,211,Autonics,BWP20,BWP20-08,,,unchanged
jc.json,211,Autonics,BWP20,BWP20-16,,,unchanged
jc.json,211,Autonics,BWP20,BWP20-20,,,unchanged
jc.json,212,Autonics,BW20,BW20-40,,,unchanged
jc.json,212,Autonics,BW40,BW40-14,,,unchanged
jc.json,212,Autonics,E40,E40,,100000.00,unchanged
jc.json,212,Autonics,E50,E50,,80000.00,unchanged
jc.json,213,Autonics,E58,E58,,95000.00,unchanged
jc.json,213,Autonics,E58,E58,,105000.00,price 95000.00 -> 105000.00
jc.json,213,Autonics,ENC,ENC-1-1-T-24,,,unchanged
jc.json,213,Autonics,SRC1,SRC1-1220,,22000.00,unchanged
jc.json,213,Autonics,SRC1,SRC1-4220,,25000.00,unchanged
jc.json,214,Autonics,SRH1,SRH1-1230,,29000.00,unchanged
jc.json,214,Autonics,SP,SP-0324,,20000.00,unchanged
jc.json,214,Autonics,SPB,SPB-120-24,,60000.00,unchanged
jc.json,214,Autonics,SPB,SPB-240-24,,100000.00,unchanged
jc.json,215,Autonics,PA12,PA12,,18000.00,unchanged
jc.json,215,Autonics,PA10-U,PA10-U,,44000.00,unchanged
jc.json,216,Autonics,S2PR-P1GA,S2PR-P1GA,1A,2200.00,unchanged
jc.json,216,Autonics,S2PR-P1RB,S2PR-P1RB,,2200.00,unchanged
jc.json,216,Autonics,S2PR-P1KA,S2PR-P1KA,1A,2200.00,unchanged
jc.json,216,Autonics,S2ER-E3RB,S2ER-E3RB,,4400.00,unchanged
jc.json,216,Autonics,S2SR-S4WA,S2SR-S4WA,1A,3000.00,unchanged
jc.json,216,Autonics,S2SR-S8W2A,S2SR-S8W2A,2A,4000.00,unchanged
jc.json,216,Autonics,S2SR-S6W2A,S2SR-S6W2A,2A,4000.00,unchanged
jc.json,216,Autonics,S2SRN-L3GABD,S2SRN-L3GABD,1A,6000.00,unchanged
jc.json,216,Autonics,S2TR-P1WAB,S2TR-P1WAB,1A,5000.00,unchanged
jc.json,216,Autonics,S2TR-P3WABL,S2TR-P3WABL,1A,7000.00,unchanged
jc.json,216,Autonics,L2RR-L3L,L2RR-L3L,,4200.00,unchanged
jc.json,216,Autonics,S2PR-P3GAL,S2PR-P3GAL,1A,4400.00,unchanged
jc.json,216,Autonics,S2PR-P3RBL,S2PR-P3RBL,,4400.00,unchanged
jc.json,216,Autonics,S2PR-P3RABL,S2PR-P3RABL,1A,5400.00,unchanged
jc.json,216,Autonics,S2PR-P3GABL,S2PR-P3GABL,1A,5400.00,unchanged
jc.json,217,Autonics,SA-CA,SA-CA,1A,1700.00,unchanged
jc.json,217,Autonics,SA-CB,SA-CB,,1700.00,unchanged
jc.json,217,Autonics,SA-NS,SA-NS,,1200.00,unchanged
jc.json,217,Autonics,SA-LD,SA-LD,,2300.00,unchanged
jc.json,217,Autonics,SA-LA,SA-LA,,2500.00,unchanged
jc.json,217,Autonics,SA-WP,SA-WP,,850.00,unchanged
jc.json,217,Autonics,SA-WL,SA-WL,,850.00,unchanged
jc.json,217,Autonics,SA-LH,SA-LH,,2500.00,unchanged
jc.json,217,Autonics,B2NB-B1D,B2NB-B1D,,6000.00,unchanged
jc.json,217,Autonics,2-hole,2-hole,,13000.00,unchanged
jc.json,217,Autonics,3-hole,3-hole,,15500.00,unchanged
jc.json,218,ETI,Group 00C,Group 00C,16A,2900.00,unchanged
jc.json,218,ETI,Group 00,Group 00,125A,4200.00,unchanged
jc.json,218,ETI,Group PK 00,Group PK 00,160A,7200.00,unchanged
jc.json,218,ETI,Group PK 1,Group PK 1,250A,15000.00,unchanged
jc.json,218,ETI,Group PK 2,Group PK 2,400A,22000.00,unchanged
jc.json,218,ETI,Group PK 3,Group PK 3,630A,32000.00,unchanged
jc.json,218,ETI,Group 00,Group 00,160A,56000.00,unchanged
jc.json,218,ETI,Group 1,Group 1,250A,195000.00,unchanged
jc.json,218,ETI,Group DII E-27,Group DII E-27,2A,600.00,unchanged
jc.json,218,ETI,Size CH-10,Size CH-10,0.5A,1100.00,unchanged
jc.json,218,ETI,Size CH-22,Size CH-22,63A,3600.00,unchanged
jc.json,218,ETI,Size VLC-10(EFD-10),Size VLC-10(EFD-10),32A,2100.00,unchanged
jc.json,218,ETI,Size VLC-14(EFD-14),Size VLC-14(EFD-14),32A,3700.00,unchanged
jc.json,218,ETI,Size VLC-22,Size VLC-22,100A,11000.00,unchanged
jc.json,219,ETI,EFI,EFI-2,25A,27500.00,unchanged
jc.json,219,ETI,EFI,EFI-2,40A,27500.00,unchanged
jc.json,219,ETI,EFI,EFI-2,63A,34000.00,unchanged
jc.json,219,ETI,EFI,EFI-4,25A,35000.00,unchanged
jc.json,219,ETI,EFI,EFI-4,40A,35000.00,unchanged
jc.json,219,ETI,EFI,EFI-4,63A,42000.00,unchanged
jc.json,219,ETI,EFI,EFI-4,100A,122000.00,unchanged
jc.json,219,ETI,KZS,KZS-2M,32A,40000.00,unchanged
jc.json,219,ETI,KZS,KZS-4M,32A,,unchanged
jc.json,220,Lutron,DT,DT-2235B,,114000.00,unchanged
jc.json,220,Lutron,DT,DT-2234B,,114000.00,unchanged
jc.json,220,Lutron,DT,DT-2268 COMBINED,,140000.00,unchanged
jc.json,220,Lutron,DT,DT-2259,,287000.00,unchanged
jc.json,221,Lutron,DT,DT-2240D,,102500.00,unchanged
jc.json,221,Lutron,DM,DM-6046,,68000.00,unchanged
jc.json,221,Lutron,CM,CM-9930,,122500.00,unchanged
jc.json,222,Lutron,DL,DL-6054,,97000.00,unchanged
jc.json,222,Lutron,CM,CM-6146,,68000.00,unchanged
jc.json,222,Lutron,DM,DM-9092,,100000.00,unchanged
jc.json,222,Lutron,LCR,LCR-9083,,71000.00,unchanged
jc.json,222,Lutron,AA,AA-104,,56000.00,unchanged
jc.json,223,Lutron,RT,RT-616,,53000.00,unchanged
jc.json,223,Lutron,DI,DI-6300,,178000.00,unchanged
jc.json,223,Lutron,DI,DI-6400,,198000.00,unchanged
jc.json,224,Lutron,ET,ET-3000,,248000.00,unchanged
jc.json,224,Lutron,DW,DW-6090,,286000.00,unchanged
jc.json,224,Lutron,RC232,RC232,,,unchanged
jc.json,224,Lutron,DW,DW-6092,,,unchanged
jc.json,224,Lutron,DW,DW-6093,,,unchanged
jc.json,225,Lutron,DW,DW-6095,,,unchanged
jc.json,225,Lutron,CA202,CA202,,56000.00,unchanged
jc.json,225,Lutron,CP2000,CP2000,,,unchanged
jc.json,225,Lutron,CP3000,CP3000,,,unchanged
jc.json,226,Lutron,LX,LX-107HA,,105000.00,unchanged
jc.json,226,Lutron,LM,LM-81LX,,44000.00,unchanged
jc.json,226,Lutron,LM,LM-8000A,8000A,100000.00,unchanged
jc.json,226,Lutron,MO,MO-2013,,335000.00,unchanged
jc.json,227,Lutron,PC,PC-6011SD,,,unchanged
jc.json,227,Lutron,TM,TM-914C,,43000.00,unchanged
jc.json,227,Lutron,TP,TP-02A,02A,32000.00,unchanged
jc.json,227,Lutron,TM,TM-2000,,146000.00,unchanged
jc.json,228,Lutron,TM,TM-949,,110000.00,unchanged
jc.json,228,Lutron,TM,TM-969,,195000.00,unchanged
jc.json,228,Lutron,TM,TM-956,,56000.00,unchanged
jc.json,228,Lutron,TM,TM-909,,158000.00,unchanged
jc.json,229,Lutron,HT,HT-3006HA,,,unchanged
jc.json,229,Lutron,CC,CC-420,,150000.00,unchanged
jc.json,229,Lutron,CC,CC-421,,152000.00,unchanged
jc.json,229,Lutron,CC-MA,CC-MA,,102000.00,unchanged
jc.json,229,Lutron,SC,SC-942,,,unchanged
jc.json,230,Lutron,CC-TEMPK,CC-TEMPK,,82000.00,unchanged
jc.json,230,Lutron,TC,TC-920,,150000.00,unchanged
jc.json,230,Lutron,RCB,RCB-220V,,112000.00,unchanged
jc.json,230,Lutron,CB,CB-933,,125000.00,unchanged
jc.json,230,Lutron,SL,SL-4011,,182000.00,unchanged
jc.json,230,Lutron,SL,SL-4010,,104000.00,unchanged
jc.json,230,Lutron,AM,AM-4203HA,,152000.00,unchanged
jc.json,231,Lutron,VB,VB-8201HA,,290000.00,unchanged
jc.json,231,Lutron,VB,VB-8200,,415000.00,unchanged
jc.json,231,Lutron,PS100,PS100-100Bar,,144000.00,unchanged
jc.json,231,Lutron,PS100,PS100-400Bar,,165000.00,unchanged
jc.json,232,Lutron,TR-PS2W-10BAR,TR-PS2W-10BAR,,185000.00,unchanged
jc.json,232,Lutron,TR-RH2W,TR-RH2W,,140000.00,unchanged
jc.json,232,Lutron,GSM,GSM-888,,,unchanged
jc.json,232,Lutron,RSC,RSC,,192000.00,unchanged
jc.json,232,Lutron,USB,USB-01,,44500.00,unchanged
jc.json,233,Lutron,RSW 914,RSW 914,,,unchanged
jc.json,233,Lutron,RSW 923,RSW 923,,,unchanged
jc.json,234,Lutron,GMCB,GMCB-89,,,unchanged
jc.json,234,Lutron,DT,DT-2249A-230V,2249A,,unchanged
jc.json,234,Lutron,CMF,CMF-3200,,,unchanged
jc.json,234,Lutron,CA,CA-05A,05A,,unchanged
jc.json,235,Lutron,DM,DM-9962SD,,,unchanged
jc.json,235,Lutron,DM,DM-9983B,,,unchanged
jc.json,235,Lutron,LCR,LCR-9172,,,unchanged
jc.json,235,Lutron,CP,CP-3001,,,unchanged
jc.json,236,Lutron,SMDA,SMDA-22,,,unchanged
jc.json,236,Lutron,TM,TM-908,,,unchanged
jc.json,236,Lutron,TM,TM-939,,,unchanged
jc.json,237,Lutron,TP,TP-01,,,unchanged
jc.json,237,Lutron,TP,TP-03,,,unchanged
jc.json,237,Lutron,TP,TP-04,,,unchanged
jc.json,237,Lutron,CC,CC-422,,,unchanged
jc.json,237,Lutron,FG,FG-2003,,,unchanged
jc.json,238,Lutron,EMF,EMF-822A,822A,,unchanged
jc.json,238,Lutron,TR-PS2W-100BAR,TR-PS2W-100BAR,,,unchanged
jc.json,238,Lutron,GSM,GSM-889,,,unchanged
jc.json,238,Lutron,CT,CT-2012,,,unchanged
jc.json,239,Lutron,UPCB,UPCB-02,,,unchanged
jc.json,239,Lutron,RSW,RSW-912,,,unchanged
jc.json,240,Inter,GR-AD,GR-AD,,21000.00,unchanged
jc.json,240,Inter,GR-ADF,GR-ADF,,22500.00,unchanged
jc.json,240,Inter,GR-WADF,GR-WADF,,22500.00,unchanged
jc.json,240,Inter,GR-WADM,GR-WADM,,20000.00,unchanged
jc.json,240,Inter,MKR-PTC,MKR-PTC,,12200.00,unchanged
jc.json,240,Inter,MKR-WPTC,MKR-WPTC,,12200.00,unchanged
jc.json,241,Inter,MKR-W01F,MKR-W01F,,12200.00,unchanged
jc.json,241,Inter,MKR-AKD05,MKR-AKD05,,16000.00,unchanged
jc.json,241,Inter,MKR-AKD15,MKR-AKD15,,16000.00,unchanged
jc.json,241,Inter,MKR-AKA15,MKR-AKA15,,16000.00,unchanged
jc.json,241,Inter,FR,FR-5S,,10500.00,unchanged
jc.json,241,Inter,SSR,SSR-17,,15000.00,unchanged
jc.json,241,Inter,SSR-W17,SSR-W17,,14000.00,unchanged
jc.json,241,Inter,SSE,SSE-07,,2800.00,unchanged
jc.json,242,Inter,RKR,RKR-7GTS,,98000.00,unchanged
jc.json,242,Inter,RKR,RKR-13GTS,,106000.00,unchanged
jc.json,242,Inter,RKR,RKR-1T7C,,107000.00,unchanged
jc.json,242,Inter,RKR,RKR-1T12C,,136000.00,unchanged
jc.json,242,Inter,RKR,RKR-3P07C,,130000.00,unchanged
jc.json,242,Inter,RKR,RKR-3P12C,,140000.00,unchanged
jc.json,242,Inter,RKR,RKR-3P13MT,,160000.00,unchanged
jc.json,243,Inter,RKR,RKR-3P18S,,175000.00,unchanged
jc.json,243,Inter,RKR,RKR-3P18SC,,190000.00,unchanged
jc.json,243,Inter,PM-CM96 0.1,PM-CM96 0.1,,25000.00,unchanged
jc.json,243,Inter,RR-S60R,RR-S60R,,8500.00,unchanged
jc.json,243,Inter,RR-VDU,RR-VDU,,17000.00,unchanged
jc.json,244,Inter,RR-VTS,RR-VTS,,12500.00,unchanged
jc.json,244,Inter,12VAC,12VAC/DC,,12500.00,unchanged
jc.json,244,Inter,RR-WTS,RR-WTS,,14000.00,unchanged
jc.json,244,Inter,RR-Y,RR-Y,,16000.00,unchanged
jc.json,244,Inter,RR-WY,RR-WY,,14000.00,unchanged
jc.json,245,Inter,PM-TC,PM-TC48,,50000.00,unchanged
jc.json,245,Inter,PM-TC,PM-TC72,,50000.00,unchanged
jc.json,245,Inter,PM-TC,PM-TCC72,,60000.00,unchanged
jc.json,246,Inter,PM-V96,PM-V96,,14000.00,unchanged
jc.json,246,Inter,PM-SV96,PM-SV96,,16500.00,unchanged
jc.json,246,Inter,PM-V72,PM-V72,,14500.00,unchanged
jc.json,246,Inter,PM-SV72,PM-SV72,,17500.00,unchanged
jc.json,246,Inter,PM-V94,PM-V94,,22000.00,unchanged
jc.json,246,Inter,PM,PM-3SV96,,25000.00,unchanged
jc.json,246,Inter,PM-SA96,PM-SA96,,18000.00,unchanged
jc.json,246,Inter,PM-SAR96,PM-SAR96,,24000.00,unchanged
jc.json,246,Inter,PM-SA72,PM-SA72,,18000.00,unchanged
jc.json,246,Inter,PM-SAR72,PM-SAR72,,24000.00,unchanged
jc.json,246,Inter,PM-SA94,PM-SA94,,17000.00,unchanged
jc.json,246,Inter,PM,PM-3SA96,,27000.00,unchanged
jc.json,246,Inter,PM-FM96,PM-FM96,,25000.00,unchanged
jc.json,247,Inter,PM-DM,PM-DM96,,38000.00,unchanged
jc.json,247,Inter,PM-DM,PM-DMR96,,40000.00,unchanged
jc.json,247,Inter,PM-2DM,PM-2DM96,,40000.00,unchanged
jc.json,247,Inter,PM-2DM,PM-2DMR96,,42000.00,unchanged
jc.json,248,Inter,PM-3DM,PM-3DM96,,42000.00,unchanged
jc.json,248,Inter,PM-3DM,PM-3DMR96,,44000.00,unchanged
jc.json,248,Inter,PM-DMCM,PM-DMCM,,190000.00,unchanged
jc.json,249,Inter,PM-PA96,PM-PA96,,82000.00,unchanged
jc.json,249,Inter,PM-PAC96,PM-PAC96,,105000.00,unchanged
jc.json,249,Inter,PM-PAG96,PM-PAG96,,125000.00,unchanged
jc.json,249,Inter,PM-PACG96,PM-PACG96,,145000.00,unchanged
jc.json,250,PAKOSAN,YPN300,YPN300/16,16A,3300.00,unchanged
jc.json,250,PAKOSAN,YPN300,YPN300/32,32A,3600.00,unchanged
jc.json,250,PAKOSAN,YPN302,YPN302/16,16A,4300.00,unchanged
jc.json,250,PAKOSAN,YPN302,YPN302/32,32A,4900.00,unchanged
jc.json,250,PAKOSAN,YPN302,YPN302/50,50A,9300.00,unchanged
jc.json,250,PAKOSAN,YPN302,YPN302/63,63A,9900.00,unchanged
jc.json,250,PAKOSAN,YPN302,YPN302/100,100A,13000.00,unchanged
jc.json,250,PAKOSAN,YPN310,YPN310/16,16A,3000.00,unchanged
jc.json,250,PAKOSAN,YPN311,YPN311/32,32A,5500.00,unchanged
jc.json,250,PAKOSAN,YPN311,YPN311/50,50A,12000.00,unchanged
jc.json,250,PAKOSAN,YPN311,YPN311/63,63A,12500.00,unchanged
jc.json,250,PAKOSAN,YPN311,YPN311/80,80A,14600.00,unchanged
jc.json,250,PAKOSAN,YPN311,YPN311/100,100A,17400.00,unchanged
jc.json,250,PAKOSAN,YPN312,YPN312/32,32A,7000.00,unchanged
jc.json,250,PAKOSAN,YPN312,YPN312/50,50A,15800.00,unchanged
jc.json,250,PAKOSAN,YPN312,YPN312/63,63A,16200.00,unchanged
jc.json,250,PAKOSAN,YPN312,YPN312/80,80A,20000.00,unchanged
jc.json,250,PAKOSAN,YPN312,YPN312/100,100A,23000.00,unchanged
jc.json,250,PAKOSAN,PN312,PN312/125,125A,31500.00,unchanged
jc.json,251,PAKOSAN,YPN313,YPN313/32,32A,9000.00,unchanged
jc.json,251,PAKOSAN,YPN313,YPN313/50,50A,19900.00,unchanged
jc.json,251,PAKOSAN,YPN313,YPN313/63,63A,20500.00,unchanged
jc.json,251,PAKOSAN,YPN313,YPN313/80,80A,25500.00,unchanged
jc.json,251,PAKOSAN,YPN313,YPN313/100,100A,28000.00,unchanged
jc.json,251,PAKOSAN,PN313,PN313/125,125A,46000.00,unchanged
jc.json,251,PAKOSAN,YPN342,YPN342/32,32A,6000.00,unchanged
jc.json,251,PAKOSAN,YPN342,YPN342/50,50A,12000.00,unchanged
jc.json,251,PAKOSAN,YPN342,YPN342/63,63A,13500.00,unchanged
jc.json,251,PAKOSAN,YPN342,YPN342/80,80A,14700.00,unchanged
jc.json,251,PAKOSAN,YPN342,YPN342/100,100A,19000.00,unchanged
jc.json,251,PAKOSAN,YPN008,YPN008/16,16A,5000.00,unchanged
jc.json,251,PAKOSAN,YPN009,YPN009/16,16A,5000.00,unchanged
jc.json,252,Famatel,23297,23297,16A,5200.00,unchanged
jc.json,252,Famatel,23306,23306,32A,7900.00,unchanged
jc.json,252,Famatel,24290,24290,16A,10000.00,unchanged
jc.json,252,Famatel,24292,24292,32A,11600.00,unchanged
jc.json,252,Famatel,24259,24259,63A,30000.00,unchanged
jc.json,252,Famatel,23395,23395,16A,6700.00,unchanged
jc.json,252,Famatel,23397,23397,32A,8650.00,unchanged
jc.json,252,Famatel,24395,24395,63A,36200.00,unchanged
jc.json,252,Famatel,24397,24397,125A,133000.00,unchanged
jc.json,252,Famatel,23230,23230,16A,3850.00,unchanged
jc.json,252,Famatel,23233,23233,32A,5750.00,unchanged
jc.json,252,Famatel,24230,24230,16A,7800.00,unchanged
jc.json,252,Famatel,24233,24233,32A,13150.00,unchanged
jc.json,252,Famatel,24235,24235,63A,19500.00,unchanged
jc.json,252,Famatel,23331,23331,16A,5200.00,unchanged
jc.json,252,Famatel,23333,23333,32A,6780.00,unchanged
jc.json,252,Famatel,24335,24335,63A,27000.00,unchanged
jc.json,252,Famatel,24338,24338,125A,79200.00,unchanged
jc.json,252,Famatel,23000,23000,,3000.00,unchanged
jc.json,253,Famatel,23200,23200,16A,4300.00,unchanged
jc.json,253,Famatel,23203,23203,32A,7650.00,unchanged
jc.json,253,Famatel,24200,24200,16A,7650.00,unchanged
jc.json,253,Famatel,24203,24203,32A,15150.00,unchanged
jc.json,253,Famatel,24205,24205,63A,25300.00,unchanged
jc.json,253,Famatel,23301,23301,16A,6250.00,unchanged
jc.json,253,Famatel,23303,23303,32A,7650.00,unchanged
jc.json,253,Famatel,24305,24305,63A,33450.00,unchanged
jc.json,253,Famatel,24307,24307,125A,89600.00,unchanged
jc.json,253,Famatel,13200,13200,16A,3300.00,unchanged
jc.json,253,Famatel,13203,13203,32A,5350.00,unchanged
jc.json,253,Famatel,14200,14200,16A,4950.00,unchanged
jc.json,253,Famatel,14203,14203,32A,11750.00,unchanged
jc.json,253,Famatel,14205,14205,63A,22400.00,unchanged
jc.json,253,Famatel,13301,13301,16A,4500.00,unchanged
jc.json,253,Famatel,13303,13303,32A,6200.00,unchanged
jc.json,253,Famatel,14305,14305,63A,28280.00,unchanged
jc.json,253,Famatel,14307,14307,125A,99900.00,unchanged
jc.json,253,Famatel,26005,26005,32A,33000.00,unchanged
jc.json,253,Famatel,25113,25113,32A,33000.00,unchanged
jc.json,254,Ana,MES-62,MES-62/30,,4200.00,unchanged
jc.json,254,Ana,MES-62,MES-62/30,,4200.00,unchanged
jc.json,254,Ana,MES-62,MES-62/30,,4200.00,unchanged
jc.json,254,Ana,MES-62,MES-62/30,,4200.00,unchanged
jc.json,254,Ana,MES-62,MES-62/40,,4500.00,unchanged
jc.json,254,Ana,MES-62,MES-62/40,,4500.00,unchanged
jc.json,254,Ana,MES-62,MES-62/40,,4500.00,unchanged
jc.json,254,Ana,MES-62,MES-62/40,,4700.00,price 4500.00 -> 4700.00
jc.json,254,Ana,MES-62,MES-62/40,,4700.00,unchanged
jc.json,254,Ana,MES-100,MES-100/60,,9000.00,unchanged
jc.json,254,Ana,MES-100,MES-100/60,,9000.00,unchanged
jc.json,254,Ana,MES-100,MES-100/60,,9900.00,price 9000.00 -> 9900.00
jc.json,254,Ana,MES-145,MES-145/100,,10500.00,unchanged
jc.json,254,Ana,MES-145,MES-145/100,,11500.00,price 10500.00 -> 11500.00
jc.json,254,Ana,MES-145,MES-145/100,,12000.00,price 11500.00 -> 12000.00
jc.json,254,Ana,MES-145,MES-145/100,,13500.00,price 12000.00 -> 13500.00
jc.json,254,Ana,MES-145,MES-145/100,,13500.00,unchanged
jc.json,254,Ana,MES-145,MES-145/100,,17000.00,price 13500.00 -> 17000.00
jc.json,254,Ana,MSQ,MSQ-125,,32500.00,unchanged
jc.json,254,Ana,MSQ,MSQ-125,,35000.00,price 32500.00 -> 35000.00
jc.json,254,Ana,MSQ,MSQ-125,,40000.00,price 35000.00 -> 40000.00
jc.json,254,Ana,MSQ,MSQ-125,,,kept 40000.00 (new list has no price)
jc.json,257,Nancal,3Phase,3Phase,100A,,unchanged
jc.json,257,Nancal,3Phase,3Phase,150A,,unchanged
jc.json,257,Nancal,3Phase,3Phase,,,unchanged
pce.json,1,PCE,Wall Sockets,113-6,16A,1020.00,unchanged
pce.json,1,PCE,Wall Sockets,115-6,16A,1215.00,unchanged
pce.json,1,PCE,Wall Sockets,123-6,32A,1400.00,unchanged
pce.json,1,PCE,Wall Sockets,125-6,32A,1720.00,unchanged
pce.json,1,PCE,Wall Sockets,133-6,63A,4800.00,unchanged
pce.json,1,PCE,Wall Sockets,135-6,63A,5280.00,unchanged
pce.json,1,PCE,Wall Sockets,145-6,125A,13350.00,unchanged
pce.json,1,PCE,Flanged Sockets,413-6,16A,975.00,unchanged
pce.json,1,PCE,Flanged Sockets,415-6,16A,1100.00,unchanged
pce.json,1,PCE,Flanged Sockets,423-6,32A,1330.00,unchanged
pce.json,1,PCE,Flanged Sockets,425-6,32A,1570.00,unchanged
pce.json,1,PCE,Flanged Sockets,433-6,63A,3500.00,unchanged
pce.json,1,PCE,Flanged Sockets,435-6,63A,4230.00,unchanged
pce.json,1,PCE,Flanged Sockets,445-6,125A,12760.00,unchanged
pce.json,1,PCE,Connectors,213-6,16A,1220.00,unchanged
pce.json,1,PCE,Connectors,215-6,16A,1320.00,unchanged
pce.json,1,PCE,Connectors,223-6,32A,1600.00,unchanged
pce.json,1,PCE,Connectors,225-6,32A,1800.00,unchanged
pce.json,1,PCE,Connectors,233-6,63A,5440.00,unchanged
pce.json,1,PCE,Connectors,235-6,63A,6640.00,unchanged
pce.json,1,PCE,Connectors,245-6,125A,8580.00,unchanged
pce.json,1,PCE,Switched Interlocked Sockets,7513-6,16A,12130.00,unchanged
pce.json,1,PCE,Switched Interlocked Sockets,7515-6,16A,13850.00,unchanged
pce.json,1,PCE,Switched Interlocked Sockets,7523-6,32A,19450.00,unchanged
pce.json,1,PCE,Switched Interlocked Sockets,7525-6,32A,22540.00,unchanged
pce.json,1,PCE,Switched Interlocked Sockets,75332-6,63A,32700.00,unchanged
pce.json,1,PCE,Switched Interlocked Sockets,75352-6,63A,34300.00,unchanged
pce.json,1,PCE,Switched Interlocked Sockets,9755100,125A,,unchanged
pce.json,1,PCE,Plugs,013-6,16A,640.00,unchanged
pce.json,1,PCE,Plugs,015-6,16A,830.00,unchanged
pce.json,1,PCE,Plugs,023-6,32A,1020.00,unchanged
pce.json,1,PCE,Plugs,025-6,32A,1120.00,unchanged
pce.json,1,PCE,Plugs,033-6,63A,3290.00,unchanged
pce.json,1,PCE,Plugs,035-6,63A,3460.00,unchanged
pce.json,1,PCE,Plugs,045-6,125A,11600.00,unchanged
pce.json,1,PCE,Mini Flanged Sockets,1020-5S,13A,490.00,unchanged
pce.json,1,PCE,Schuko Socket/Plug,1050-0B,16A,485.00,unchanged
pce.json,1,PCE,Schuko Socket/Plug,1050-0WS,16A,485.00,unchanged
pce.json,1,PCE,Schuko Socket/Plug,02958-WE,16A,435.00,unchanged
pce.json,1,PCE,Schuko Socket/Plug,02974-BK,16A,370.00,unchanged
siemens.json,1,Siemens,3WT8,3WT8121-5UN30-0AA2,1250A,808096.95,unchanged
siemens.json,1,Siemens,3WT8,3WT8161-5UN30-0AA2,1600A,839379.88,unchanged
siemens.json,1,Siemens,3WT8,3WT8202-5UN30-0AA2,2000A,1109880.34,unchanged
siemens.json,1,Siemens,3WT8,3WT8252-5UN30-0AA2,2500A,1367498.51,unchanged
siemens.json,2,Siemens,3WT8,3WT8322-5UN30-0AA2,3200A,1670882.36,unchanged
siemens.json,2,Siemens,3WA1,3WA1240-3AB01-4NQ8,4000A,2040218.02,unchanged
siemens.json,2,Siemens,3WA1,3WA1225-5AB02-4NQ8,2500A,1500558.52,unchanged
siemens.json,2,Siemens,3WA1,3WA1232-5AB02-4KN5,3200A,1718202.25,unchanged
siemens.json,3,Siemens,3WA1,3WA1340-5AB02-4KN5,4000A,2917342.79,unchanged
siemens.json,3,Siemens,3VM1,3VM1032-2ED32-0AA0,32A,24076.25,unchanged
siemens.json,3,Siemens,3VM1,3VM1063-2ED32-0AA0,63A,24076.25,unchanged
siemens.json,3,Siemens,3VM1,3VM1080-2ED32-0AA0,80A,26375.17,unchanged
siemens.json,3,Siemens,3VM1,3VM1010-2ED32-0AA0,100A,30598.34,unchanged
siemens.json,3,Siemens,3VM1,3VM1116-3ED32-0AA0,160A,61330.83,unchanged
siemens.json,3,Siemens,3VM1,3VM1220-4ED32-0AA0,200A,83612.35,unchanged
siemens.json,3,Siemens,3VM1,3VM1225-4ED32-0AA0,250A,93723.91,unchanged
siemens.json,3,Siemens,3VM1,3VM1110-3EE32-0AA0,100A,33544.85,unchanged
siemens.json,3,Siemens,3VM1,3VM1163-3EE32-0AA0,63A,26254.91,unchanged
siemens.json,3,Siemens,3VM1,3VM1180-3EE32-0AA0,80A,28812.86,unchanged
siemens.json,4,Siemens,3VM1,3VM1112-3EE32-0AA0,125A,54031.63,unchanged
siemens.json,4,Siemens,3VM1,3VM1116-3EE32-0AA0,160A,62741.64,unchanged
siemens.json,4,Siemens,3VM1,3VM1220-4EE32-0AA0,200A,85656.86,unchanged
siemens.json,4,Siemens,3VM1,3VM1225-4EE32-0AA0,250A,95648.16,unchanged
siemens.json,4,Siemens,3VM1,3VM1340-4EE32-0AA0,400A,131885.11,unchanged
siemens.json,4,Siemens,3VM1,3VM1340-5EE32-0AA0,400A,144688.77,unchanged
siemens.json,4,Siemens,3VM1,3VM1463-4EE32-0AA0,630A,185662.33,unchanged
siemens.json,4,Siemens,3VM1,3VM1463-5EE32-0AA0,630A,207430.41,unchanged
siemens.json,4,Siemens,3RT2,3RT2016-1AP01,9A,6332.45,unchanged
siemens.json,4,Siemens,3RT2,3RT2017-1AP01,12A,7808.01,unchanged
siemens.json,4,Siemens,3RT2,3RT2026-1AP00,25A,15273.73,unchanged
siemens.json,4,Siemens,3RT2,3RT2027-1AP00,32A,21943.85,unchanged
siemens.json,4,Siemens,3RT2,3RT2035-1AP00,41A,25949.62,unchanged
siemens.json,4,Siemens,3RT2,3RT2036-1AP00,51A,32915.77,unchanged
siemens.json,4,Siemens,3RT2,3RT2037-1AP00,65A,46408.64,unchanged
siemens.json,4,Siemens,3RT2,3RT2038-1AP00,80A,51746.59,unchanged
siemens.json,5,Siemens,3RT1,3RT1054-6AP36,115A,94894.18,unchanged
siemens.json,5,Siemens,3RT1,3RT1055-6AP36,150A,115949.92,unchanged
siemens.json,5,Siemens,3RH2,3RH2122-1AB00,,7738.63,unchanged
siemens.json,5,Siemens,3RH2,3RH2122-1AF00,,7738.63,unchanged
siemens.json,5,Siemens,3RH2,3RH2122-1AP00,,7738.63,unchanged
siemens.json,5,Siemens,3RH2,3RH2122-1BB40,,8955.16,unchanged
siemens.json,5,Siemens,3RH2,3RH2131-1AB00,,7738.63,unchanged
siemens.json,5,Siemens,3RH2,3RH2131-1AF00,,7738.63,unchanged
siemens.json,5,Siemens,3RH2,3RH2131-1AP00,,7738.63,unchanged
siemens.json,5,Siemens,3RH2,3RH2131-1BB40,,8955.16,unchanged
siemens.json,5,Siemens,3RH1,3RH1921-1DA11,,2701.35,unchanged
siemens.json,5,Siemens,3RH2,3RH2140-1AB00,,7738.63,unchanged
siemens.json,5,Siemens,3RH2,3RH2140-1AF00,,7738.63,unchanged
siemens.json,5,Siemens,3RH2,3RH2140-1AP00,,7738.63,unchanged
siemens.json,5,Siemens,3RH2,3RH2140-1BB40,,8955.16,unchanged
siemens.json,5,Siemens,3RT2,3RT2016-1AP01,9A,7146.55,price 6332.45 -> 7146.55
siemens.json,5,Siemens,3RT2,3RT2016-1BB41,9A,8349.21,unchanged
siemens.json,5,Siemens,3RT2,3RT2016-1BB42,9A,8349.21,unchanged
siemens.json,5,Siemens,3RT2,3RT2024-1AP00,12A,8446.35,unchanged
siemens.json,5,Siemens,3RT2,3RT2024-1BB40,12A,16545.77,unchanged
siemens.json,5,Siemens,3RT2,3RT2025-1AB00,17A,11203.20,unchanged
siemens.json,5,Siemens,3RT2,3RT2025-1AF00,17A,11203.20,unchanged
siemens.json,5,Siemens,3RT2,3RT2025-1AP00,17A,11203.20,unchanged
siemens.json,5,Siemens,3RT2,3RT2025-1BB40,17A,20028.85,unchanged
siemens.json,5,Siemens,3RT2,3RT2026-1AP00,25A,14949.94,price 15273.73 -> 14949.94
siemens.json,5,Siemens,3RT2,3RT2026-1BB40,25A,23803.34,unchanged
siemens.json,5,Siemens,3RT2,3RT2027-1AP00,32A,21481.29,price 21943.85 -> 21481.29
siemens.json,5,Siemens,3RT2,3RT2027-1BB40,32A,32365.32,unchanged
siemens.json,6,Siemens,3RT2,3RT2028-1BB40,38A,35413.59,unchanged
siemens.json,6,Siemens,3RT2,3RT2028-1AP00,38A,24094.75,unchanged
siemens.json,6,Siemens,3RT2,3RT2028-1AB00,38A,24094.75,unchanged
siemens.json,6,Siemens,3RT2,3RT2035-1AB00,41A,25399.17,unchanged
siemens.json,6,Siemens,3RT2,3RT2035-1AP00,41A,25399.17,price 25949.62 -> 25399.17
siemens.json,6,Siemens,3RT2,3RT2036-1AP00,51A,32175.67,price 32915.77 -> 32175.67
siemens.json,6,Siemens,3RT2,3RT2037-1AP00,65A,45428.02,price 46408.64 -> 45428.02
siemens.json,6,Siemens,3RT2,3RT2045-1AP00,80A,55451.69,unchanged
siemens.json,6,Siemens,3RT2,3RT2046-1AP00,95A,69462.64,unchanged
siemens.json,6,Siemens,3RT2,3RT2046-1AB00,95A,69462.64,unchanged
siemens.json,6,Siemens,3RT1,3RT1054-6AB36,115A,92886.67,unchanged
siemens.json,6,Siemens,3RT1,3RT1054-6AP36,115A,92886.67,price 94894.18 -> 92886.67
siemens.json,6,Siemens,3RP2,3RP2576-1NM20,,19459.90,unchanged
siemens.json,6,Siemens,3RT1,3RT1065-6AP36,265a,227866.31,unchanged
siemens.json,6,Siemens,3RT1,3RT1066-6AP36,300A,274307.33,unchanged
siemens.json,6,Siemens,3RT1,3RT1075-6AP36,400A,343973.49,unchanged
siemens.json,6,Siemens,3RV2,3RV2011-0GA10,,12193.08,unchanged
siemens.json,6,Siemens,3RV2,3RV2011-0JA10,,10981.17,unchanged
siemens.json,6,Siemens,3RV2,3RV2011-0KA10,,11619.51,unchanged
siemens.json,6,Siemens,3RV2,3RV2011-0AA10,,11619.51,unchanged
siemens.json,6,Siemens,3RV2,3RV2011-1BA10,,12137.57,unchanged
siemens.json,7,Siemens,3RV2,3RV2011-1CA10,,12137.57,unchanged
siemens.json,7,Siemens,3RV2,3RV2011-1DA10,,12137.57,unchanged
siemens.json,7,Siemens,3RV2,3RV2011-1EA10,,12137.57,unchanged
siemens.json,7,Siemens,3RV2,3RV2011-1FA10,,12137.57,unchanged
siemens.json,7,Siemens,3RV2,3RV2011-1GA10,,12137.57,unchanged
siemens.json,7,Siemens,3RV2,3RV2011-1JA10,,13557.63,unchanged
siemens.json,7,Siemens,3RV2,3RV2011-1KA10,,13557.63,unchanged
siemens.json,7,Siemens,3RV2,3RV2021-4AA10,,14755.66,unchanged
siemens.json,7,Siemens,3RV2,3RV2021-4DA10,,17947.33,unchanged
siemens.json,7,Siemens,3RV2,3RV2031-4EA10,,34729.00,unchanged
siemens.json,7,Siemens,3RV2,3RV2031-4BA10,,32152.55,unchanged
siemens.json,7,Siemens,3RV1,3RV1923-1CA00,,4223.17,unchanged
siemens.json,7,Siemens,3RH2,3RH2911-1HA11,,2095.40,unchanged
siemens.json,7,Siemens,3RH2,3RH2911-1HA12,,2849.37,unchanged
siemens.json,7,Siemens,3RH2,3RH2911-1HA22,,3501.58,unchanged
siemens.json,7,Siemens,3RH2,3RH2911-1HA13,,3501.58,unchanged
siemens.json,7,Siemens,3RH2,3RH2911-1HA31,,3501.58,unchanged
siemens.json,7,Siemens,3RV2,3RV2901-1A,,2405.31,unchanged
siemens.json,7,Siemens,3RV2,3RV2901-1E,,2405.31,unchanged
siemens.json,7,Siemens,7KM3,7KM3220-0BA01-1DA0,,102595.81,unchanged
siemens.json,7,Siemens,7KM4,7KM4212-0BA00-3AA0,,241058.52,unchanged
siemens.json,8,Siemens,3VM1,3VM1063-2ED32-0AA0,63A,24515.68,price 24076.25 -> 24515.68
siemens.json,8,Siemens,3VM1,3VM1110-3EE32-0AA0,100A,33766.88,price 33544.85 -> 33766.88
siemens.json,8,Siemens,3VM1,3VM1116-3ED32-0AA0,160A,62445.60,price 61330.83 -> 62445.60
siemens.json,8,Siemens,3VM1,3VM1340-4EE32-0AA0,400A,132292.16,price 131885.11 -> 132292.16
siemens.json,8,Siemens,3VM1,3VM1463-4EE32-0AA0,630A,185949.12,price 185662.33 -> 185949.12
swas.json,5,FUJI,BW,BW32-AAG,"3, 5 & 10 A",12500.00,unchanged
swas.json,5,FUJI,BW,BW32-AAG,"15, 20 & 30 A",10500.00,unchanged
swas.json,5,FUJI,BW,BW32-SAG,"3, 5 & 10 A",13000.00,unchanged
swas.json,5,FUJI,BW,BW32-SAG,"15, 20 & 30 A",10800.00,unchanged
swas.json,5,FUJI,BW,BW50-EAG,40 & 50 A,11500.00,unchanged
swas.json,5,FUJI,BW,BW50-SAG,5 & 10 A,20000.00,unchanged
swas.json,5,FUJI,BW,BW50-SAG,"15, 20, 30, 40 & 50 A",16000.00,unchanged
swas.json,5,FUJI,BW,BW50-RAG,"10, 15, 20, 30, 40 & 50 A",19000.00,unchanged
swas.json,5,FUJI,BW,BW63-EAG,60A,12000.00,unchanged
swas.json,5,FUJI,BW,BW63-SAG,60A,18000.00,unchanged
swas.json,5,FUJI,BW,BW100-EAG,"60, 75 & 100 A",19000.00,unchanged
swas.json,5,FUJI,BW,BW160-EAG,150A,45000.00,unchanged
swas.json,5,FUJI,BW,BW250-EAG,200 & 225 A,50000.00,unchanged
swas.json,5,FUJI,BW,BW250-EAG,250A,53000.00,unchanged
swas.json,5,FUJI,BW,BW400-EAG,300 & 400 A,85000.00,unchanged
swas.json,5,FUJI,BW,BW630-EAG,500 & 600 A,200000.00,unchanged
swas.json,6,FUJI,BW,BW125-JAG,"15,20,30,40,50,60,75 & 100 A",30000.00,unchanged
swas.json,6,FUJI,BW,BW125-JAG,125A,33000.00,unchanged
swas.json,6,FUJI,BW,BW125-RAG,"15,20,30,40,50,60,75 & 100 A",58000.00,unchanged
swas.json,6,FUJI,BW,BW125-RAG,125A,60000.00,unchanged
swas.json,6,FUJI,BW,BW160-JAG,150A,78000.00,unchanged
swas.json,6,FUJI,BW,BW160-RAG,150A,77000.00,unchanged
swas.json,6,FUJI,BW,BW250-JAG,200 & 225 A,73000.00,unchanged
swas.json,6,FUJI,BW,BW250-JAG,250A,75000.00,unchanged
swas.json,6,FUJI,BW,BW250-RAG,200 & 225 A,82000.00,unchanged
swas.json,6,FUJI,BW,BW250-RAG,250A,85000.00,unchanged
swas.json,6,FUJI,BW,BW400-SAG,300 & 400 A,95000.00,unchanged
swas.json,6,FUJI,BW,BW400-RAG,300 & 400 A,135000.00,unchanged
swas.json,6,FUJI,BW,BW630-RAG,500 & 600 A,210000.00,unchanged
swas.json,6,FUJI,BW,BW800-RAG,800A,275000.00,unchanged
swas.json,6,FUJI,BW,BW125-JAG,"30, 60, 75 & 100 A",50000.00,unchanged
swas.json,6,FUJI,BW,BW125-JAG,125A,58000.00,price 33000.00 -> 58000.00
swas.json,6,FUJI,BW,BW160-JAG,150A,75000.00,price 78000.00 -> 75000.00
swas.json,6,FUJI,BW,BW250-JAG,200 & 250 A,85000.00,unchanged
swas.json,6,FUJI,BW,BW400-RAG,300 & 400 A,165000.00,price 135000.00 -> 165000.00
swas.json,6,FUJI,BW,BW630-RAG,500 & 630 A,,unchanged
swas.json,6,FUJI,BW,BW800-RAG,800A,,kept 275000.00 (new list has no price)
swas.json,7,FUJI,BX,BX-100-HAG,16A,38000.00,unchanged
swas.json,7,FUJI,BX,BX-100-HAG,25A,38000.00,unchanged
swas.json,7,FUJI,BX,BX-100-HAG,32A,38000.00,unchanged
swas.json,7,FUJI,BX,BX-100-HAG,40A,38000.00,unchanged
swas.json,7,FUJI,BX,BX-100-HAG,50A,38000.00,unchanged
swas.json,7,FUJI,BX,BX-100-HAG,63A,38000.00,unchanged
swas.json,7,FUJI,BX,BX-100-HAG,80A,38000.00,unchanged
swas.json,7,FUJI,BX,BX-100-HAG,100A,38000.00,unchanged
swas.json,7,FUJI,BX,BX-160-HAG,125A,65000.00,unchanged
swas.json,7,FUJI,BX,BX-160-HAG,160A,85000.00,unchanged
swas.json,7,FUJI,BX,BX-250-RAE,200A,100000.00,unchanged
swas.json,7,FUJI,BX,BX-250-RAE,250A,100000.00,unchanged
swas.json,7,FUJI,BX,BX-400-RAE,400A,185000.00,unchanged
swas.json,7,FUJI,BX,BX-630-RAE,630A,220000.00,unchanged
swas.json,7,FUJI,BX,BX-800-RAE,800A,440000.00,unchanged
swas.json,7,FUJI,BW,BW-1000-RAE,1000A,575000.00,unchanged
swas.json,7,FUJI,BW,BW-1250-RAE,1250A,675000.00,unchanged
swas.json,7,FUJI,BW,BW-1600-RAE,1600A,,unchanged
swas.json,7,FUJI,SA,SA-1203E,1200A,575000.00,unchanged
swas.json,8,FUJI,EW,EW32AAG,"10, 15, 20 & 30 A",30000.00,unchanged
swas.json,8,FUJI,EW,EW50AAG,40 & 50 A,30000.00,unchanged
swas.json,8,FUJI,EW,EW125JAG,"30, 60, 75, 100 & 125 A",205000.00,unchanged
swas.json,8,FUJI,ACCESSORIES FOR MCCB'S,SWITCH EXT. HANDLE,,43000.00,unchanged
swas.json,8,FUJI,ACCESSORIES FOR MCCB'S,UVT,,45000.00,unchanged
swas.json,8,FUJI,ACCESSORIES FOR MCCB'S,SHUNT TRIP,,24000.00,unchanged
swas.json,8,FUJI,ACCESSORIES FOR MCCB'S,AUX./ALARM,,12000.00,unchanged
swas.json,8,FUJI,ACCESSORIES FOR MCCB'S,SWITCH EXT. HANDLE,,45000.00,price 43000.00 -> 45000.00
swas.json,8,FUJI,ACCESSORIES FOR MCCB'S,UVT,,34000.00,price 45000.00 -> 34000.00
swas.json,8,FUJI,ACCESSORIES FOR MCCB'S,SHUNT TRIP,,26000.00,price 24000.00 -> 26000.00
swas.json,8,FUJI,ACCESSORIES FOR MCCB'S,AUX./ALARM,,12000.00,unchanged
swas.json,8,FUJI,ACCESSORIES FOR MCCB'S,SWITCH EXT. HANDLE,,45000.00,unchanged
swas.json,8,FUJI,ACCESSORIES FOR MCCB'S,UVT,,56000.00,price 34000.00 -> 56000.00
swas.json,8,FUJI,ACCESSORIES FOR MCCB'S,SHUNT TRIP,,40000.00,price 26000.00 -> 40000.00
swas.json,8,FUJI,ACCESSORIES FOR MCCB'S,AUX./ALARM,,18000.00,price 12000.00 -> 18000.00
swas.json,9,FUJI,BCL,BCL-63,2 & 4 A,2000.00,unchanged
swas.json,9,FUJI,BCL,BCL-63,6 & 10 A,1200.00,unchanged
swas.json,9,FUJI,BCL,BCL-63,"16, 20, 32 & 40 A",1100.00,unchanged
swas.json,9,FUJI,BCL,BCL-63,50 & 63 A,1500.00,unchanged
swas.json,9,FUJI,BCL,BCL-63,6 & 10 A,3200.00,price 1200.00 -> 3200.00
swas.json,9,FUJI,BCL,BCL-63,"16, 20,25 & 32 A",3000.00,unchanged
swas.json,9,FUJI,BCL,BCL-63,"40, 50 & 63 A",4000.00,unchanged
swas.json,9,FUJI,BCL,BCL-63,6 & 10 A,5000.00,price 3200.00 -> 5000.00
swas.json,9,FUJI,BCL,BCL-63,"16, 20,25 & 32 A",4500.00,price 3000.00 -> 4500.00
swas.json,9,FUJI,BCL,BCL-63,"40, 50 & 63 A",5500.00,price 4000.00 -> 5500.00
swas.json,10,FUJI,BT3,BT3-1600P,1250A,680000.00,unchanged
swas.json,10,FUJI,BT3,BT3-1600P,1600A,750000.00,unchanged
swas.json,10,FUJI,BT3,BT3-2500P,2000A,800000.00,unchanged
swas.json,10,FUJI,BT3,BT3-2500P,2500A,1050000.00,unchanged
swas.json,10,FUJI,BT3,BT3-4000P,3200A,1400000.00,unchanged
swas.json,10,FUJI,BT3,BT3-4000P,4000A,1900000.00,unchanged
swas.json,10,FUJI,BT3,BT3-6300P,5000A,,unchanged
swas.json,10,FUJI,BT3,BT3-6300P,6000A,,unchanged
swas.json,10,FUJI,UVR,UVR,,75000.00,unchanged
swas.json,10,FUJI,STD,STD,,55000.00,unchanged
swas.json,10,FUJI,CC,CC,,55000.00,unchanged
swas.json,10,FUJI,MCM,MCM,,200000.00,unchanged
swas.json,10,FUJI,KL,KL,,55000.00,unchanged
swas.json,11,FUJI,SC,SC-03,9A,6000.00,unchanged
swas.json,11,FUJI,SC,SC-0,12A,6300.00,unchanged
swas.json,11,FUJI,SC,SC-4-0,16A,9500.00,unchanged
swas.json,11,FUJI,SC,SC-5-1,22A,10600.00,unchanged
swas.json,11,FUJI,SC,SC-N1,32A,14500.00,unchanged
swas.json,11,FUJI,SC,SC-N2,40A,19500.00,unchanged
swas.json,11,FUJI,SC,SC-N2S,50A,23000.00,unchanged
swas.json,11,FUJI,SC,SC-N3,65A,28000.00,unchanged
swas.json,11,FUJI,SC,SC-N4,80A,44000.00,unchanged
swas.json,11,FUJI,SC,SC-N5,105A,56000.00,unchanged
swas.json,11,FUJI,SC,SC-N6,125A,70000.00,unchanged
swas.json,11,FUJI,SC,SC-N7,150A,105000.00,unchanged
swas.json,11,FUJI,SC,SC-N8,180A,135000.00,unchanged
swas.json,11,FUJI,SC,SC-N10,220A,175000.00,unchanged
swas.json,11,FUJI,SC,SC-N11,300A,300000.00,unchanged
swas.json,11,FUJI,SC,SC-N12,400A,360000.00,unchanged
swas.json,11,FUJI,SC,SC-N14,600A,700000.00,unchanged
swas.json,11,FUJI,SC,SC-N16,800A,1375000.00,unchanged
swas.json,11,FUJI,SH,SH - 4,,13000.00,unchanged
swas.json,11,FUJI,SZ,SZ - A11,,3400.00,unchanged
swas.json,11,FUJI,SZ,SZ - A22,,4800.00,unchanged
swas.json,11,FUJI,SZ,SZ – AS2,,5800.00,unchanged
swas.json,12,FUJI,SC,"SC-03, 0, 4-0, 5-1",,3500.00,unchanged
swas.json,12,FUJI,SC,SC-N1 / SC-N2,,6500.00,unchanged
swas.json,12,FUJI,SC,SC-N2S / SC-N3,,7000.00,unchanged
swas.json,12,FUJI,SC,SC-N4,,18500.00,unchanged
swas.json,12,FUJI,SC,SC-N7,,75000.00,unchanged
swas.json,12,FUJI,SC,SC-N8 / SC-N10,,85000.00,unchanged
swas.json,12,FUJI,SC,SC-N11 / SC-N12,,100000.00,unchanged
swas.json,12,FUJI,SC,SC-N14 / SC-N16,,200000.00,unchanged
swas.json,12,FUJI,SC,SC-03,,3200.00,unchanged
swas.json,12,FUJI,SC,SC-0,,3500.00,unchanged
swas.json,12,FUJI,SC,SC-4-0,,6000.00,unchanged
swas.json,12,FUJI,SC,SC-5-1,,6400.00,unchanged
swas.json,12,FUJI,SC,SC-N1,,13000.00,unchanged
swas.json,12,FUJI,SC,SC-N2,,17000.00,unchanged
swas.json,12,FUJI,SC,SC-N2S,,21000.00,unchanged
swas.json,12,FUJI,SC,SC-N3,,25000.00,unchanged
swas.json,12,FUJI,SC,SC-N4,,35000.00,price 18500.00 -> 35000.00
swas.json,12,FUJI,SC,SC-N5,,46000.00,unchanged
swas.json,12,FUJI,SC,SC-N6,,55000.00,unchanged
swas.json,12,FUJI,SC,SC-N7,,85000.00,price 75000.00 -> 85000.00
swas.json,12,FUJI,SC,SC-N10,,130000.00,unchanged
swas.json,12,FUJI,SC,SC-N11,,200000.00,unchanged
swas.json,12,FUJI,SC,SC-N12,,240000.00,unchanged
swas.json,12,FUJI,SC,SC-N14,,400000.00,unchanged
swas.json,12,FUJI,SC,SC-N16,,550000.00,unchanged
swas.json,13,FUJI,TR,TR-ON/3,,6000.00,unchanged
swas.json,13,FUJI,TR,TR-5-1N/3,,6500.00,unchanged
swas.json,14,FUJI,TK,TK-5-1NH,,12000.00,unchanged
swas.json,14,FUJI,TK,TK-N3H,,14000.00,unchanged
swas.json,14,FUJI,TK,TK-N6H,,20000.00,unchanged
swas.json,14,FUJI,TK,TK-N10H,,55000.00,unchanged
swas.json,14,FUJI,TK,TK-N12H,,70000.00,unchanged
swas.json,14,FUJI,TK,TK-N14H,,95000.00,unchanged
swas.json,15,FUJI,HH,HH 22 PNT,,6500.00,unchanged
swas.json,15,FUJI,HH,HH 23 PNT,,7500.00,unchanged
swas.json,15,FUJI,TP,TP48X,,3500.00,unchanged
swas.json,15,FUJI,TP,TP411X,,3600.00,unchanged
swas.json,15,FUJI,HH,HH 54 P,,4300.00,unchanged
swas.json,15,FUJI,TP,TP514X,,3600.00,unchanged
swas.json,16,FUJI,MS4S,MS4S-A-AP,,14000.00,unchanged
swas.json,16,FUJI,MS4S,MS4S-M-AP,,15000.00,unchanged
swas.json,16,FUJI,MS4S,MS4S-M-DB,,15000.00,unchanged
swas.json,16,FUJI,MS4S,MS4S-M-CE,,28000.00,unchanged
swas.json,16,FUJI,MS4S,MS4S-Y-AP,,35000.00,unchanged
swas.json,16,FUJI,MS4S,MS4S-F-AP1N,,30000.00,unchanged
swas.json,17,FUJI,FW,FW-OP,,19000.00,unchanged
swas.json,17,FUJI,FW,FW-OP,,19000.00,unchanged
swas.json,17,FUJI,FW,FW-OP,,19000.00,unchanged
swas.json,17,FUJI,FW,FW-1P,,22000.00,unchanged
swas.json,17,FUJI,FW,FW-1P,,24000.00,price 22000.00 -> 24000.00
swas.json,17,FUJI,FW,FW-1P,,24000.00,unchanged
swas.json,17,FUJI,SW,SW-5-1P,,27000.00,unchanged
swas.json,17,FUJI,SW,SW-1NP,,50000.00,unchanged
swas.json,17,FUJI,SW,SW-2NP,,55000.00,unchanged
swas.json,17,FUJI,SW,SW-2SNP,,75000.00,unchanged
swas.json,17,FUJI,SW,SW-3NP,,85000.00,unchanged
swas.json,18,FUJI,K244,K244gR-2,,12500.00,unchanged
swas.json,18,FUJI,K244,K244gR-2S,,18500.00,unchanged
swas.json,19,FUJI,AR22,AR22-FOR-10G,,2000.00,unchanged
swas.json,19,FUJI,AR22,AR22-FOR-01R,,2000.00,unchanged
swas.json,19,FUJI,AR22,AR22-FOR-11,,2600.00,unchanged
swas.json,19,FUJI,AR22,AR22-MOR-11R,,3500.00,unchanged
swas.json,19,FUJI,AR22,AR22-JR2-11B,,6500.00,unchanged
swas.json,19,FUJI,AR22,AR22-V2R-11R,,6500.00,unchanged
swas.json,19,FUJI,AR22,AR22-EOL-11M4,,7000.00,unchanged
swas.json,20,FUJI,AR30,AR30-FOR-10G,,2500.00,unchanged
swas.json,20,FUJI,AR30,AR30-FOR-01R,,2500.00,unchanged
swas.json,20,FUJI,AR30,AR30-FOR-11,,3200.00,unchanged
swas.json,20,FUJI,AR30,AR30-MOR-11R,,4000.00,unchanged
swas.json,20,FUJI,AR30,AR30-NOR-11R,,5000.00,unchanged
swas.json,20,FUJI,AR30,AR30-JR2-11B,,7000.00,unchanged
swas.json,20,FUJI,AR30,AR30-V2R-11R,,7500.00,unchanged
swas.json,20,FUJI,AR30,AR30-EOL-11M4,,7500.00,unchanged
swas.json,21,FUJI,AR22,AR22-PR0-11B,,3500.00,unchanged
swas.json,21,FUJI,AR22,AR22-PR2-11B,,3500.00,unchanged
swas.json,21,FUJI,AR22,AR22-PR3-11B,,3500.00,unchanged
swas.json,21,FUJI,AR30,AR30-PR0-11B,,4000.00,unchanged
swas.json,21,FUJI,AR30,AR30-PR2-11B,,4000.00,unchanged
swas.json,21,FUJI,AR30,AR30-PR3-11B,,4000.00,unchanged
swas.json,21,FUJI,DR22,DR22-KOL-M4,,5500.00,unchanged
swas.json,21,FUJI,DR30,DR30-KOL-M4,,5500.00,unchanged
swas.json,22,LS,AB,ABS - 33c,"3, 5 & 10 A",14500.00,unchanged
swas.json,22,LS,AB,ABS - 33c,"15, 20 & 30 A",12000.00,unchanged
swas.json,22,LS,AB,ABN - 53c,40 & 50 A,12000.00,unchanged
swas.json,22,LS,AB,ABN - 63c,60A,13500.00,unchanged
swas.json,22,LS,AB,ABN - 103c,75 & 100 A,14500.00,unchanged
swas.json,22,LS,AB,ABN - 203c,"125, 150, 200 & 225 A",29000.00,unchanged
swas.json,22,LS,AB,ABN - 203c,250A,31000.00,unchanged
swas.json,22,LS,AB,ABN - 403c,300 & 400 A,72000.00,unchanged
swas.json,22,LS,AB,ABN - 803c,500 & 630 A,130000.00,unchanged
swas.json,22,LS,AB,ABN - 803c,800A,150000.00,unchanged
swas.json,22,LS,AB,ABH - 53c,"15, 20, 30, 40 & 50 A",18000.00,unchanged
swas.json,22,LS,AB,ABH - 103c,"60, 75, 100 A",28000.00,unchanged
swas.json,22,LS,AB,ABH - 103c,125A,30000.00,unchanged
swas.json,22,LS,AB,ABH - 203c,"150, 200 & 225 A",42000.00,unchanged
swas.json,22,LS,AB,ABH - 203c,250A,44000.00,unchanged
swas.json,22,LS,AB,ABH - 403c,300 & 400 A,96000.00,unchanged
swas.json,22,LS,AB,ABS - 803c,500 & 630 A,150000.00,unchanged
swas.json,22,LS,AB,ABS - 803c,800A,180000.00,unchanged
swas.json,22,LS,AB,ABS - 1003b,1000A,370000.00,unchanged
swas.json,22,LS,AB,ABS - 1203b,1200A,390000.00,unchanged
swas.json,23,LS,AB,ABN - 104c,"30, 40, 60, 75 & 100 A",19000.00,unchanged
swas.json,23,LS,AB,ABN - 204c,"150, 200 & 225 A",36000.00,unchanged
swas.json,23,LS,AB,ABN - 204c,250A,40000.00,unchanged
swas.json,23,LS,AB,ABS - 204c,250A,50000.00,unchanged
swas.json,23,LS,AB,ABN - 404c,300 & 400 A,90000.00,unchanged
swas.json,23,LS,AB,ABN - 804c,500 & 630 A,160000.00,unchanged
swas.json,23,LS,AB,ABN - 804c,800A,210000.00,unchanged
swas.json,23,LS,AB,ABS – 1004b,1000A,450000.00,unchanged
swas.json,23,LS,AB,ABS – 1204b,1200A,530000.00,unchanged
swas.json,24,LS,AB,ABS103c – FMU,16A,26000.00,unchanged
swas.json,24,LS,AB,ABS103c – FMU,25A,26000.00,unchanged
swas.json,24,LS,AB,ABS103c – FMU,32A,26000.00,unchanged
swas.json,24,LS,AB,ABS103c – FMU,40A,26000.00,unchanged
swas.json,24,LS,AB,ABS103c – FMU,50A,26000.00,unchanged
swas.json,24,LS,AB,ABS103c – FMU,63A,26000.00,unchanged
swas.json,24,LS,AB,ABS103c – FMU,80A,26000.00,unchanged
swas.json,24,LS,AB,ABS103c – FMU,100A,26000.00,unchanged
swas.json,24,LS,AB,ABS203c – FMU,125A,42000.00,unchanged
swas.json,24,LS,AB,ABS203c – FMU,160A,42000.00,unchanged
swas.json,24,LS,AB,ABS203c – FMU,200A,45000.00,unchanged
swas.json,24,LS,AB,ABS203c – FMU,250A,45000.00,unchanged
swas.json,25,LS,AB,ABS104c – FMU,16A,34000.00,unchanged
swas.json,25,LS,AB,ABS104c – FMU,25A,34000.00,unchanged
swas.json,25,LS,AB,ABS104c – FMU,32A,34000.00,unchanged
swas.json,25,LS,AB,ABS104c – FMU,40A,34000.00,unchanged
swas.json,25,LS,AB,ABS104c – FMU,50A,34000.00,unchanged
swas.json,25,LS,AB,ABS104c – FMU,63A,34000.00,unchanged
swas.json,25,LS,AB,ABS104c – FMU,80A,34000.00,unchanged
swas.json,25,LS,AB,ABS104c – FMU,100A,34000.00,unchanged
swas.json,25,LS,AB,ABS204c – FMU,125A,55000.00,unchanged
swas.json,25,LS,AB,ABS204c – FMU,160A,55000.00,unchanged
swas.json,25,LS,AB,ABS204c – FMU,200A,60000.00,unchanged
swas.json,25,LS,AB,ABS204c – FMU,250A,60000.00,unchanged
swas.json,26,LS,TS,TS160N - ATU,125A,48000.00,unchanged
swas.json,26,LS,TS,TS160N - ATU,160A,50000.00,unchanged
swas.json,26,LS,TS,TS250N - ATU,200A,58000.00,unchanged
swas.json,26,LS,TS,TS250N - ATU,250A,60000.00,unchanged
swas.json,26,LS,TS,TS400N - ATU,400A,120000.00,unchanged
swas.json,26,LS,TS,TS630N - ATU,630A,170000.00,unchanged
swas.json,26,LS,TS,TS800N - ATU,800A,230000.00,unchanged
swas.json,26,LS,TS,TS1000N – AG5,1000A,450000.00,unchanged
swas.json,26,LS,TS,TS1250N – AG5,1200A,470000.00,unchanged
swas.json,26,LS,TS,TS1600N - AG5,1600A,580000.00,unchanged
swas.json,26,LS,TD,TD100N - MOP 1,,6500.00,unchanged
swas.json,26,LS,TD,TD100N - MOP 1,,21000.00,price 6500.00 -> 21000.00
swas.json,26,LS,TD,TD100N - MOP 1,,12000.00,price 21000.00 -> 12000.00
swas.json,26,LS,TD,TD100N - MOP 1,,75000.00,price 12000.00 -> 75000.00
swas.json,26,LS,TS,TS100/160/250N - MOP 2,,6500.00,unchanged
swas.json,26,LS,TS,TS100/160/250N - MOP 2,,21000.00,price 6500.00 -> 21000.00
swas.json,26,LS,TS,TS100/160/250N - MOP 2,,12000.00,price 21000.00 -> 12000.00
swas.json,26,LS,TS,TS100/160/250N - MOP 2,,100000.00,price 12000.00 -> 100000.00
swas.json,26,LS,TS,TS400/630N - MOP 3,,6500.00,unchanged
swas.json,26,LS,TS,TS400/630N - MOP 3,,21000.00,price 6500.00 -> 21000.00
swas.json,26,LS,TS,TS400/630N - MOP 3,,12000.00,price 21000.00 -> 12000.00
swas.json,26,LS,TS,TS400/630N - MOP 3,,140000.00,price 12000.00 -> 140000.00
swas.json,26,LS,TS,TS800N - MOP 4,,6500.00,unchanged
swas.json,26,LS,TS,TS800N - MOP 4,,21000.00,price 6500.00 -> 21000.00
swas.json,26,LS,TS,TS800N - MOP 4,,12000.00,price 21000.00 -> 12000.00
swas.json,26,LS,TS,TS800N - MOP 4,,170000.00,price 12000.00 -> 170000.00
swas.json,27,LS,TS,TS160N - ATU,125A,60000.00,price 48000.00 -> 60000.00
swas.json,27,LS,TS,TS160N - ATU,160A,60000.00,price 50000.00 -> 60000.00
swas.json,27,LS,TS,TS250N - ATU,200A,85000.00,price 58000.00 -> 85000.00
swas.json,27,LS,TS,TS250N - ATU,250A,85000.00,price 60000.00 -> 85000.00
swas.json,27,LS,TS,TS400N - ATU,400A,160000.00,price 120000.00 -> 160000.00
swas.json,27,LS,TS,TS630N - ATU,630A,230000.00,price 170000.00 -> 230000.00
swas.json,27,LS,TS,TS800N - ATU,800A,295000.00,price 230000.00 -> 295000.00
swas.json,27,LS,TS,TS1000N – AG5,1000A,,kept 450000.00 (new list has no price)
swas.json,27,LS,TS,TS1250N – AG5,1200A,,kept 470000.00 (new list has no price)
swas.json,27,LS,TS,TS1600N - AG5,1600A,,kept 580000.00 (new list has no price)
swas.json,28,LS,MMS,MMS – 32H,,15000.00,unchanged
swas.json,28,LS,MMS,MMS – 32H,,15000.00,unchanged
swas.json,28,LS,MMS,MMS – 32H,,15000.00,unchanged
swas.json,28,LS,MMS,MMS – 32H,,15000.00,unchanged
swas.json,28,LS,MMS,MMS – 32H,,15000.00,unchanged
swas.json,28,LS,MMS,MMS – 32H,,15000.00,unchanged
swas.json,28,LS,MMS,MMS – 32H,,15000.00,unchanged
swas.json,28,LS,MMS,MMS – 32H,,14000.00,price 15000.00 -> 14000.00
swas.json,28,LS,MMS,MMS – 32H,,14000.00,unchanged
swas.json,28,LS,MMS,MMS – 32H,,15000.00,price 14000.00 -> 15000.00
swas.json,28,LS,MMS,MMS – 63H,,33000.00,unchanged
swas.json,28,LS,MMS,MMS – 63H,,35000.00,price 33000.00 -> 35000.00
swas.json,28,LS,MMS,MMS – 63H,,36000.00,price 35000.00 -> 36000.00
swas.json,28,LS,FX,FX – 11,,3500.00,unchanged
swas.json,28,LS,LX,LX – 11,,4000.00,unchanged
swas.json,29,LS,BK,BKJ,2 & 4 A,1500.00,unchanged
swas.json,29,LS,BK,BKJ,6 & 10 A,1100.00,unchanged
swas.json,29,LS,BK,BKJ,"16, 20 & 32 A",950.00,unchanged
swas.json,29,LS,BK,BKJ,"40, 50 & 63 A",1100.00,unchanged
swas.json,29,LS,BK,BKN-b,6 & 10 A,2000.00,unchanged
swas.json,29,LS,BK,BKN-b,"16, 20 & 32 A",1900.00,unchanged
swas.json,29,LS,BK,BKN-b,"40, 50 & 63 A",2100.00,unchanged
swas.json,29,LS,BK,BKJ,6 & 10 A,2500.00,price 1100.00 -> 2500.00
swas.json,29,LS,BK,BKJ,"16, 20 & 32 A",2400.00,price 950.00 -> 2400.00
swas.json,29,LS,BK,BKJ,"40, 50 & 63 A",2700.00,price 1100.00 -> 2700.00
swas.json,29,LS,BK,BKN-b,6 & 10 A,4400.00,price 2000.00 -> 4400.00
swas.json,29,LS,BK,BKN-b,"16, 20 & 32 A",4000.00,price 1900.00 -> 4000.00
swas.json,29,LS,BK,BKN-b,"40, 50 & 63 A",4400.00,price 2100.00 -> 4400.00
swas.json,30,LS,BK,BKJ,6 & 10 A,3900.00,price 2500.00 -> 3900.00
swas.json,30,LS,BK,BKJ,"16, 20 & 32 A",3700.00,price 2400.00 -> 3700.00
swas.json,30,LS,BK,BKJ,"40, 50 & 63 A",4100.00,price 2700.00 -> 4100.00
swas.json,30,LS,BK,BKH,80 & 100 A,14000.00,unchanged
swas.json,30,LS,BK,BKN-b,6 & 10 A,6500.00,price 4400.00 -> 6500.00
swas.json,30,LS,BK,BKN-b,"16, 20 & 32 A",6500.00,price 4000.00 -> 6500.00
swas.json,30,LS,BK,BKN-b,"40, 50 & 63 A",7200.00,price 4400.00 -> 7200.00
swas.json,30,LS,BK,BKJ,6 & 10 A,6000.00,price 3900.00 -> 6000.00
swas.json,30,LS,BK,BKJ,"16, 20 & 32 A",5000.00,price 3700.00 -> 5000.00
swas.json,30,LS,BK,BKJ,"40, 50 & 63 A",7000.00,price 4100.00 -> 7000.00
swas.json,30,LS,BK,BKH,80 & 100 A,17000.00,price 14000.00 -> 17000.00
swas.json,30,LS,BK,BKN-b,6 & 10 A,12000.00,price 6500.00 -> 12000.00
swas.json,30,LS,BK,BKN-b,"16, 20 & 32 A",11500.00,price 6500.00 -> 11500.00
swas.json,30,LS,BK,BKN-b,"40, 50 & 63 A",13000.00,price 7200.00 -> 13000.00
swas.json,31,LS,RKN,RKN622530,25A,10000.00,unchanged
swas.json,31,LS,RKN,RKN624030,40A,10000.00,unchanged
swas.json,31,LS,RKN,RKN626330,63A,10500.00,unchanged
swas.json,31,LS,RKN,RKN644030,40A,14500.00,unchanged
swas.json,31,LS,RKN,RKN646330,63A,16000.00,unchanged
swas.json,31,LS,BK-T2,BK30S-T2,,85000.00,unchanged
swas.json,31,LS,BK-T2,BK40S-T2,,95000.00,unchanged
swas.json,31,LS,ACCESSORIES FOR MCCBs,AUXILIARY SWITCH,,4600.00,unchanged
swas.json,31,LS,ACCESSORIES FOR MCCBs,UVT (415V AC),,11000.00,unchanged
swas.json,31,LS,ACCESSORIES FOR MCCBs,SHUNT TRIP (220 VAC),,8000.00,unchanged
swas.json,31,LS,ACCESSORIES FOR MCCBs,AUXILIARY SWITCH,,4600.00,unchanged
swas.json,31,LS,ACCESSORIES FOR MCCBs,UVT (415V AC),,11000.00,unchanged
swas.json,31,LS,ACCESSORIES FOR MCCBs,SHUNT TRIP (220 VAC),,8000.00,unchanged
swas.json,31,LS,ACCESSORIES FOR MCCBs,AUXILIARY SWITCH,,5200.00,price 4600.00 -> 5200.00
swas.json,31,LS,ACCESSORIES FOR MCCBs,UVT (415V AC),,19000.00,price 11000.00 -> 19000.00
swas.json,31,LS,ACCESSORIES FOR MCCBs,SHUNT TRIP (220 VAC),,14500.00,price 8000.00 -> 14500.00
swas.json,31,LS,ACCESSORIES FOR MCCBs,AUXILIARY SWITCH,,6000.00,price 5200.00 -> 6000.00
swas.json,31,LS,ACCESSORIES FOR MCCBs,UVT (415V AC),,26000.00,price 19000.00 -> 26000.00
swas.json,31,LS,ACCESSORIES FOR MCCBs,SHUNT TRIP (220 VAC),,23500.00,price 14500.00 -> 23500.00
swas.json,31,LS,MOP-M,M – 1,,80000.00,unchanged
swas.json,31,LS,MOP-M,M – 2,,88000.00,unchanged
swas.json,31,LS,MOP-M,M – 3,,110000.00,unchanged
swas.json,31,LS,MOP-M,M – 4,,135000.00,unchanged
swas.json,31,LS,MOP-M,M – 5,,165000.00,unchanged
swas.json,31,LS,MOP-M,M – 6,,195000.00,unchanged
swas.json,32,LS,AN/AS,AN-10D-AG6,1000A,560000.00,unchanged
swas.json,32,LS,AN/AS,AN-10D-AG6,1000A,650000.00,price 560000.00 -> 650000.00
swas.json,32,LS,AN/AS,AN-13D-AG6,1250A,580000.00,unchanged
swas.json,32,LS,AN/AS,AN-13D-AG6,1250A,680000.00,price 580000.00 -> 680000.00
swas.json,32,LS,AN/AS,AN-16D-AG6,1600A,650000.00,unchanged
swas.json,32,LS,AN/AS,AN-16D-AG6,1600A,750000.00,price 650000.00 -> 750000.00
swas.json,32,LS,AN/AS,AS-20E-AG6,2000A,800000.00,unchanged
swas.json,32,LS,AN/AS,AS-20E-AG6,2000A,1050000.00,price 800000.00 -> 1050000.00
swas.json,32,LS,AN/AS,AS-25E -AG6,2500A,1150000.00,unchanged
swas.json,32,LS,AN/AS,AS-25E -AG6,2500A,1450000.00,price 1150000.00 -> 1450000.00
swas.json,32,LS,AN/AS,AS-32E-AG6,3200A,1350000.00,unchanged
swas.json,32,LS,AN/AS,AS-32E-AG6,3200A,1750000.00,price 1350000.00 -> 1750000.00
swas.json,32,LS,AN/AS,AS-40E-AG6,4000A,2400000.00,unchanged
swas.json,32,LS,AN/AS,AS-40E-AG6,4000A,3300000.00,price 2400000.00 -> 3300000.00
swas.json,32,LS,AN/AS,AS-50F-AG6,5000A,,unchanged
swas.json,32,LS,AN/AS,AS-50F-AG6,5000A,,unchanged
swas.json,32,LS,AN/AS,AS-63G-AG6,6300A,,unchanged
swas.json,32,LS,AN/AS,AS-63G-AG6,6300A,,unchanged
swas.json,32,LS,UVT,UVT,,25000.00,unchanged
swas.json,32,LS,SHT,SHT,,25000.00,unchanged
swas.json,32,LS,MD,MD,,130000.00,unchanged
swas.json,32,LS,CC,CC,,22000.00,unchanged
swas.json,32,LS,KL,KL,,28000.00,unchanged
swas.json,32,LS,MI,MI,,240000.00,unchanged
swas.json,32,LS,MI,MI,,350000.00,price 240000.00 -> 350000.00
swas.json,32,LS,BX,BX,,5000.00,unchanged
swas.json,32,LS,AL,AL,,22000.00,unchanged
swas.json,33,LS,MC,MC-9a,9A,4200.00,unchanged
swas.json,33,LS,MC,MC-12a,12A,4400.00,unchanged
swas.json,33,LS,MC,MC-18a,18A,6000.00,unchanged
swas.json,33,LS,MC,MC-9b,9A,4400.00,unchanged
swas.json,33,LS,MC,MC-12b,12A,4700.00,unchanged
swas.json,33,LS,MC,MC-18b,18A,6300.00,unchanged
swas.json,33,LS,MC,MC-22b,22A,8100.00,unchanged
swas.json,33,LS,MC,MC-32a,32A,11200.00,unchanged
swas.json,33,LS,MC,MC-40a,40A,15000.00,unchanged
swas.json,33,LS,MC,MC-50a,50A,20000.00,unchanged
swas.json,33,LS,MC,MC-65a,65A,25000.00,unchanged
swas.json,33,LS,MC,MC-75a,75A,27000.00,unchanged
swas.json,33,LS,MC,MC-85a,85A,32000.00,unchanged
swas.json,33,LS,MC,MC-100a,105A,43000.00,unchanged
swas.json,33,LS,MC,MC-130a,130A,50000.00,unchanged
swas.json,33,LS,MC,MC-150a,150A,65000.00,unchanged
swas.json,33,LS,MC,MC-185a,185A,80000.00,unchanged
swas.json,33,LS,MC,MC-225a,225A,103000.00,unchanged
swas.json,33,LS,MC,MC-265a,265A,135000.00,unchanged
swas.json,33,LS,MC,MC-330a,330A,150000.00,unchanged
swas.json,33,LS,MC,MC-400a,400A,190000.00,unchanged
swas.json,33,LS,MC,MC-500a,500A,350000.00,unchanged
swas.json,33,LS,MC,MC-630a,630A,375000.00,unchanged
swas.json,33,LS,MC,MC-800a,800A,470000.00,unchanged
swas.json,33,LS,MC,MC-12b DC,,9000.00,unchanged
swas.json,33,LS,MC,MC-18b DC,,12000.00,unchanged
swas.json,33,LS,MC,MC-22b DC,,14000.00,unchanged
swas.json,33,LS,MC,MC-32a DC,,18000.00,unchanged
swas.json,33,LS,MR,MR – 8,,9000.00,unchanged
swas.json,33,LS,UA,UA – 2,,2400.00,unchanged
swas.json,33,LS,UA,UA – 4,,2900.00,unchanged
swas.json,33,LS,UA,UA – 1,,2400.00,unchanged
swas.json,33,LS,AU,AU – 100,,3600.00,unchanged
swas.json,34,LS,MC,MC-12a/4,12A,7700.00,unchanged
swas.json,34,LS,MC,MC-18a/4,18A,10000.00,unchanged
swas.json,34,LS,MC,MC-22a/4,22A,12000.00,unchanged
swas.json,34,LS,MC,MC-32a/4,32A,18000.00,unchanged
swas.json,34,LS,MC,MC-40a/4,40A,21000.00,unchanged
swas.json,34,LS,MC,MC-50a/4,50A,33000.00,unchanged
swas.json,34,LS,MC,MC-65a/4,65A,38000.00,unchanged
swas.json,34,LS,MC,MC-75a/4,75A,49000.00,unchanged
swas.json,34,LS,MC,MC-85a/4,85A,54000.00,unchanged
swas.json,34,LS,MC,MC-100a/4,105A,96000.00,unchanged
swas.json,34,LS,MC,MC-130a/4,120A,110000.00,unchanged
swas.json,34,LS,MC,MC-150a/4,150A,135000.00,unchanged
swas.json,34,LS,MC,MC-185a/4,185A,150000.00,unchanged
swas.json,34,LS,MC,MC-225a/4,225A,175000.00,unchanged
swas.json,34,LS,MC,MC-265a/4,265A,275000.00,unchanged
swas.json,34,LS,MC,MC-330a/4,330A,290000.00,unchanged
swas.json,34,LS,MC,MC-400a/4,400A,330000.00,unchanged
swas.json,34,LS,MC,MC-500a/4,500A,520000.00,unchanged
swas.json,34,LS,MC,MC-630a/4,630A,600000.00,unchanged
swas.json,34,LS,MC,MC-800a/4,800A,750000.00,unchanged
swas.json,34,LS,UA,UA – 2,,1800.00,price 2400.00 -> 1800.00
swas.json,34,LS,UA,UA – 4,,2900.00,unchanged
swas.json,34,LS,AU,AU – 1,,2200.00,unchanged
swas.json,34,LS,AU,AU – 100,,3600.00,unchanged
swas.json,34,LS,UA,UA – 1,,1800.00,price 2400.00 -> 1800.00
swas.json,35,LS,MC,MC-9,,3200.00,unchanged
swas.json,35,LS,""" MC-12",""" MC-12",,3200.00,unchanged
swas.json,35,LS,""" MC-18",""" MC-18",,3200.00,unchanged
swas.json,35,LS,""" MC-22",""" MC-22",,3200.00,unchanged
swas.json,35,LS,""" MC-32",""" MC-32",,3200.00,unchanged
swas.json,35,LS,""" MC-40",""" MC-40",,3200.00,unchanged
swas.json,35,LS,""" MC-50",""" MC-50",,3600.00,unchanged
swas.json,35,LS,""" MC-65",""" MC-65",,3600.00,unchanged
swas.json,35,LS,""" MC-75",""" MC-75",,5000.00,unchanged
swas.json,35,LS,""" MC-85",""" MC-85",,5000.00,unchanged
swas.json,35,LS,""" MC-100",""" MC-100",,5000.00,unchanged
swas.json,35,LS,""" MC-130",""" MC-130",,27000.00,unchanged
swas.json,35,LS,""" MC-150",""" MC-150",,27000.00,unchanged
swas.json,35,LS,""" MC-185",""" MC-185",,34000.00,unchanged
swas.json,35,LS,""" MC-225",""" MC-225",,34000.00,unchanged
swas.json,35,LS,""" MC-265",""" MC-265",,62000.00,unchanged
swas.json,35,LS,""" MC-330",""" MC-330",,62000.00,unchanged
swas.json,35,LS,""" MC-400",""" MC-400",,62000.00,unchanged
swas.json,35,LS,""" MC-500",""" MC-500",,82000.00,unchanged
swas.json,35,LS,""" MC-630",""" MC-630",,82000.00,unchanged
swas.json,35,LS,""" MC-800",""" MC-800",,82000.00,unchanged
swas.json,35,LS,UR,UR – 02,,4000.00,unchanged
swas.json,35,LS,UR,UR – 02,,4000.00,unchanged
swas.json,35,LS,AR,AR - 9,,4500.00,unchanged
swas.json,35,LS,AR,AR - 180,,12500.00,unchanged
swas.json,35,LS,AR,AR - 180,,12500.00,unchanged
swas.json,35,LS,AR,AR - 600,,185000.00,unchanged
swas.json,36,LS,MC,MC-40a/4,,6200.00,unchanged
swas.json,36,LS,""" MC-50a/4",""" MC-50a/4",,7200.00,unchanged
swas.json,36,LS,""" MC-65a/4",""" MC-65a/4",,7200.00,unchanged
swas.json,36,LS,""" MC-75a/4",""" MC-75a/4",,7200.00,unchanged
swas.json,36,LS,""" MC-85a/4",""" MC-85a/4",,7200.00,unchanged
swas.json,36,LS,""" MC-100a/4",""" MC-100a/4",,40000.00,unchanged
swas.json,36,LS,""" MC-130a/4",""" MC-130a/4",,40000.00,unchanged
swas.json,36,LS,""" MC-150a/4",""" MC-150a/4",,40000.00,unchanged
swas.json,36,LS,""" MC-185a/4",""" MC-185a/4",,40000.00,unchanged
swas.json,36,LS,""" MC-225a/4",""" MC-225a/4",,40000.00,unchanged
swas.json,36,LS,""" MC-265a/4",""" MC-265a/4",,73000.00,unchanged
swas.json,36,LS,""" MC-330a/4",""" MC-330a/4",,73000.00,unchanged
swas.json,36,LS,""" MC-400a/4",""" MC-400a/4",,73000.00,unchanged
swas.json,36,LS,""" MC-500a/4",""" MC-500a/4",,106000.00,unchanged
swas.json,36,LS,""" MC-630a/4",""" MC-630a/4",,106000.00,unchanged
swas.json,36,LS,""" MC-800a/4",""" MC-800a/4",,106000.00,unchanged
swas.json,37,LS,MT,MT-12/3H,,5200.00,unchanged
swas.json,37,LS,MT,MT-32/3H,,5800.00,unchanged
swas.json,37,LS,GMP,GMP60-T,6A,12000.00,unchanged
swas.json,38,LS,MT,MT-12/3K,,7600.00,unchanged
swas.json,38,LS,MT,MT-32/3K,,9000.00,unchanged
swas.json,38,LS,MT,MT-63/3K,,14000.00,unchanged
swas.json,38,LS,MT,MT-95/3K,,23000.00,unchanged
swas.json,38,LS,MT,MT-150/3K,,37000.00,unchanged
swas.json,38,LS,MT,MT-225/3K,,48000.00,unchanged
swas.json,38,LS,MT,MT-400/3K,,75000.00,unchanged
swas.json,38,LS,MT,MT-800/3K,,175000.00,unchanged
swas.json,41,LS,LSLV,LSLV0008G100-4EONN,,105000.00,unchanged
swas.json,41,LS,LSLV,LSLV0015G100-4EONN,,115000.00,unchanged
swas.json,41,LS,LSLV,LSLV0022G100-4EONN,,122000.00,unchanged
swas.json,41,LS,LSLV,LSLV0040G100-4EONN,,155000.00,unchanged
swas.json,41,LS,LSLV,LSLV0055G100-4EONN,,220000.00,unchanged
swas.json,41,LS,LSLV,LSLV0075G100-4EONN,,250000.00,unchanged
swas.json,41,LS,LSLV,LSLV0110G100-4EONN,,440000.00,unchanged
swas.json,41,LS,LSLV,LSLV0150G100-4EONN,,530000.00,unchanged
swas.json,41,LS,LSLV,LSLV0185G100-4EONN,,650000.00,unchanged
swas.json,41,LS,LSLV,LSLV0220G100-4EONN,,700000.00,unchanged
swas.json,41,LS,LSLV,LSLV-0008M100,,85000.00,unchanged
swas.json,41,LS,LSLV,LSLV-0015M100,,100000.00,unchanged
swas.json,41,LS,LSLV,LSLV-0022M100,,115000.00,unchanged
swas.json,42,LS,SV,SV110iG5A-4,,360000.00,unchanged
swas.json,42,LS,SV,SV150iG5A-4,,450000.00,unchanged
swas.json,42,LS,SV,SV220iG5A-4,,600000.00,unchanged
swas.json,42,LS,SV,SV110iP5A-4,,250000.00,unchanged
swas.json,42,LS,SV,SV150iP5A-4,,310000.00,unchanged
swas.json,42,LS,SV,SV185iP5A-4,,360000.00,unchanged
swas.json,42,LS,SV,SV220iP5A-4,,410000.00,unchanged
swas.json,42,LS,SV,SV900iP5A-4,,1600000.00,unchanged
swas.json,43,LS,LSLV,LSLV-0185-H100-4COFN,,575000.00,unchanged
swas.json,43,LS,LSLV,LSLV-0220-H100-4COFN,,700000.00,unchanged
swas.json,43,LS,LSLV,LSLV-0300-H100-4COFN,,820000.00,unchanged
swas.json,43,LS,LSLV,LSLV-0370-H100-4COFD,,1020000.00,unchanged
swas.json,43,LS,LSLV,LSLV-0450-H100-4COFD,,1300000.00,unchanged
swas.json,43,LS,LSLV,LSLV-0550-H100-4COFD,,1450000.00,unchanged
swas.json,43,LS,LSLV,LSLV-0750-H100-4COFD,,1750000.00,unchanged
swas.json,43,LS,LSLV,LSLV-0900-H100-4COFD,,2000000.00,unchanged
swas.json,43,LS,LSLV,LSLV-1100-H100-4COFD,,2700000.00,unchanged
swas.json,43,LS,LSLV,LSLV-1320-H100-4COFD,,3000000.00,unchanged
swas.json,43,LS,LSLV,LSLV-1600-H100-4COFD,,3500000.00,unchanged
swas.json,44,SCHNEIDER,DOMAE,DOMAE,6 & 10 A,1250.00,unchanged
swas.json,44,SCHNEIDER,DOMAE,DOMAE,"16, 20, 25 & 32 A",1150.00,unchanged
swas.json,44,SCHNEIDER,DOMAE,DOMAE,40A,1250.00,unchanged
swas.json,44,SCHNEIDER,DOMAE,DOMAE,6 & 10 A,5000.00,price 1250.00 -> 5000.00
swas.json,44,SCHNEIDER,DOMAE,DOMAE,"16,20 & 25 A",4200.00,unchanged
swas.json,44,SCHNEIDER,DOMAE,DOMAE,32 & 40 A,4500.00,unchanged
swas.json,44,SCHNEIDER,DOMAE,DOMAE,6 & 10 A,8000.00,price 5000.00 -> 8000.00
swas.json,44,SCHNEIDER,DOMAE,DOMAE,"16,20 & 25 A",6500.00,price 4200.00 -> 6500.00
swas.json,44,SCHNEIDER,DOMAE,DOMAE,32 & 40 A,6700.00,price 4500.00 -> 6700.00
swas.json,44,SCHNEIDER,EZ9,EZ9,6 & 10 A,1150.00,unchanged
swas.json,44,SCHNEIDER,EZ9,EZ9,"16, 20, 25 & 32 A",1000.00,unchanged
swas.json,44,SCHNEIDER,EZ9,EZ9,40A,1150.00,unchanged
swas.json,44,SCHNEIDER,EZ9,EZ9,6 & 10 A,4250.00,price 1150.00 -> 4250.00
swas.json,44,SCHNEIDER,EZ9,EZ9,"16, 20, 25 & 32 A",3500.00,price 1000.00 -> 3500.00
swas.json,44,SCHNEIDER,EZ9,EZ9,40A,3700.00,price 1150.00 -> 3700.00
swas.json,44,SCHNEIDER,EZ9,EZ9,6 & 10 A,7000.00,price 4250.00 -> 7000.00
swas.json,44,SCHNEIDER,EZ9,EZ9,"16, 20, 25 & 32 A",5600.00,price 3500.00 -> 5600.00
swas.json,44,SCHNEIDER,EZ9,EZ9,40A,5900.00,price 3700.00 -> 5900.00
swas.json,45,SCHNEIDER,iC,iC 60 N,2 & 4 A,4500.00,unchanged
swas.json,45,SCHNEIDER,iC,iC 60 N,6 & 10 A,2300.00,unchanged
swas.json,45,SCHNEIDER,iC,iC 60 N,16 & 20 A,1900.00,unchanged
swas.json,45,SCHNEIDER,iC,iC 60 N,32 & 40 A,2000.00,unchanged
swas.json,45,SCHNEIDER,iC,iC 60 N,50 & 63 A,2300.00,unchanged
swas.json,45,SCHNEIDER,iC,iC 60 N,2 & 4 A,18000.00,price 4500.00 -> 18000.00
swas.json,45,SCHNEIDER,iC,iC 60 N,6 & 10 A,7300.00,price 2300.00 -> 7300.00
swas.json,45,SCHNEIDER,iC,iC 60 N,"16 & 20,25 A",6000.00,unchanged
swas.json,45,SCHNEIDER,iC,iC 60 N,32 & 40 A,6200.00,price 2000.00 -> 6200.00
swas.json,45,SCHNEIDER,iC,iC 60 N,50 & 63 A,8200.00,price 2300.00 -> 8200.00
swas.json,45,SCHNEIDER,iC,iC 60 N,6 & 10 A,12500.00,price 7300.00 -> 12500.00
swas.json,45,SCHNEIDER,iC,iC 60 N,16 & 20 A,10500.00,price 1900.00 -> 10500.00
swas.json,45,SCHNEIDER,iC,iC 60 N,32 & 40 A,9300.00,price 6200.00 -> 9300.00
swas.json,45,SCHNEIDER,iC,iC 60 N,50 & 63 A,10500.00,price 8200.00 -> 10500.00
swas.json,45,SCHNEIDER,iC,iC 120 N,80 & 100 A,30000.00,unchanged
swas.json,45,SCHNEIDER,iC,iC 60 N,6 & 10 A,16500.00,price 12500.00 -> 16500.00
swas.json,45,SCHNEIDER,iC,iC 60 N,"16, 20,25& 32 A",14000.00,unchanged
swas.json,45,SCHNEIDER,iC,iC 60 N,40A,15000.00,unchanged
swas.json,45,SCHNEIDER,iC,iC 60 N,50 & 63 A,17000.00,price 10500.00 -> 17000.00
swas.json,45,SCHNEIDER,iC,iC 120 N,80 & 100 A,45000.00,price 30000.00 -> 45000.00
swas.json,45,SCHNEIDER,iC,iC 60 H,6 & 10 A,3000.00,unchanged
swas.json,45,SCHNEIDER,iC,iC 60 H,"16, 20, 25, 32 & 40 A",2400.00,unchanged
swas.json,45,SCHNEIDER,iC,iC 60 H,50 & 63 A,2800.00,unchanged
swas.json,45,SCHNEIDER,UVT,UVT 220 VAC,,20000.00,unchanged
swas.json,46,SCHNEIDER,NSX,NSX100F,16A,34000.00,unchanged
swas.json,46,SCHNEIDER,NSX,NSX100F,25A,34000.00,unchanged
swas.json,46,SCHNEIDER,NSX,NSX100F,32A,34000.00,unchanged
swas.json,46,SCHNEIDER,NSX,NSX100F,40A,34000.00,unchanged
swas.json,46,SCHNEIDER,NSX,NSX100F,50A,34000.00,unchanged
swas.json,46,SCHNEIDER,NSX,NSX100F,63A,34000.00,unchanged
swas.json,46,SCHNEIDER,NSX,NSX100F,80A,34000.00,unchanged
swas.json,46,SCHNEIDER,NSX,NSX100F,100A,34000.00,unchanged
swas.json,46,SCHNEIDER,NSX,NSX160F,125A,55000.00,unchanged
swas.json,46,SCHNEIDER,NSX,NSX160F,160A,70000.00,unchanged
swas.json,46,SCHNEIDER,NSX,NSX250F,200A,85000.00,unchanged
swas.json,46,SCHNEIDER,NSX,NSX250F,250A,85000.00,unchanged
swas.json,46,SCHNEIDER,NSX,NSX400N,400A,160000.00,unchanged
swas.json,46,SCHNEIDER,NSX,NSX630N,630A,190000.00,unchanged
swas.json,46,SCHNEIDER,NS,NS 800 N,800A,390000.00,unchanged
swas.json,46,SCHNEIDER,NS,NS1000N,1000A,460000.00,unchanged
swas.json,46,SCHNEIDER,NS,NS1250N,1250A,480000.00,unchanged
swas.json,46,SCHNEIDER,NS,NS1600N,1600A,590000.00,unchanged
swas.json,46,SCHNEIDER,NSX,NSX100H,16A,60000.00,unchanged
swas.json,46,SCHNEIDER,NSX,NSX100H,25A,60000.00,unchanged
swas.json,46,SCHNEIDER,NSX,NSX100H,40A,60000.00,unchanged
swas.json,46,SCHNEIDER,NSX,NSX100H,63A,60000.00,unchanged
swas.json,46,SCHNEIDER,NSX,NSX100H,80A,60000.00,unchanged
swas.json,46,SCHNEIDER,NSX,NSX100H,100A,60000.00,unchanged
swas.json,46,SCHNEIDER,NSX,NSX160H,125A,65000.00,unchanged
swas.json,46,SCHNEIDER,NSX,NSX160H,160A,75000.00,unchanged
swas.json,46,SCHNEIDER,NSX,NSX250H,200A,120000.00,unchanged
swas.json,46,SCHNEIDER,NSX,NSX250H,250A,120000.00,unchanged
swas.json,46,SCHNEIDER,NSX,NSX400H,400A,215000.00,unchanged
swas.json,46,SCHNEIDER,NSX,NSX630H,630A,250000.00,unchanged
swas.json,46,SCHNEIDER,NS,NS 800 H,800A,485000.00,unchanged
swas.json,46,SCHNEIDER,NS,NS1000H,1000A,594000.00,unchanged
swas.json,46,SCHNEIDER,NS,NS1250H,1250A,610000.00,unchanged
swas.json,46,SCHNEIDER,NS,NS1600H,1600A,735000.00,unchanged
swas.json,47,SCHNEIDER,NSX,NSX100F,16A,62000.00,price 34000.00 -> 62000.00
swas.json,47,SCHNEIDER,NSX,NSX100F,25A,62000.00,price 34000.00 -> 62000.00
swas.json,47,SCHNEIDER,NSX,NSX100F,32A,62000.00,price 34000.00 -> 62000.00
swas.json,47,SCHNEIDER,NSX,NSX100F,40A,62000.00,price 34000.00 -> 62000.00
swas.json,47,SCHNEIDER,NSX,NSX100F,63A,62000.00,price 34000.00 -> 62000.00
swas.json,47,SCHNEIDER,NSX,NSX100F,80A,62000.00,price 34000.00 -> 62000.00
swas.json,47,SCHNEIDER,NSX,NSX100F,100A,62000.00,price 34000.00 -> 62000.00
swas.json,47,SCHNEIDER,NSX,NSX160F,125A,70000.00,price 55000.00 -> 70000.00
swas.json,47,SCHNEIDER,NSX,NSX160F,160A,90000.00,price 70000.00 -> 90000.00
swas.json,47,SCHNEIDER,NSX,NSX250F,200A,145000.00,price 85000.00 -> 145000.00
swas.json,47,SCHNEIDER,NSX,NSX250F,250A,145000.00,price 85000.00 -> 145000.00
swas.json,47,SCHNEIDER,NSX,NSX400N,400A,250000.00,price 160000.00 -> 250000.00
swas.json,47,SCHNEIDER,NSX,NSX630N,630A,310000.00,price 190000.00 -> 310000.00
swas.json,47,SCHNEIDER,NS,NS800N,800A,600000.00,unchanged
swas.json,47,SCHNEIDER,NS,NS1000N,1000A,665000.00,price 460000.00 -> 665000.00
swas.json,47,SCHNEIDER,NS,NS1250N,1250A,680000.00,price 480000.00 -> 680000.00
swas.json,47,SCHNEIDER,NS,NS1600N,1600A,850000.00,price 590000.00 -> 850000.00
swas.json,47,SCHNEIDER,OF,OF,,9500.00,unchanged
swas.json,47,SCHNEIDER,OF,OF,,9500.00,unchanged
swas.json,47,SCHNEIDER,OF,OF,,9500.00,unchanged
swas.json,47,SCHNEIDER,NSX,NSX 100 / 250,,21000.00,unchanged
swas.json,47,SCHNEIDER,NSX,NSX 400/630,,21000.00,unchanged
swas.json,47,SCHNEIDER,NSX,NS800 - NS1600,,45000.00,unchanged
swas.json,47,SCHNEIDER,NSX,NSX 100 / 250,,30000.00,price 21000.00 -> 30000.00
swas.json,47,SCHNEIDER,NSX,NSX 400/630,,30000.00,price 21000.00 -> 30000.00
swas.json,47,SCHNEIDER,NSX,NS800 - NS1600,,45000.00,unchanged
swas.json,47,SCHNEIDER,NSX,NSX 100 / 250,,20000.00,price 30000.00 -> 20000.00
swas.json,47,SCHNEIDER,NSX,NSX 400/630,,30000.00,unchanged
swas.json,47,SCHNEIDER,NSX,NS800 - NS1600,,42000.00,price 45000.00 -> 42000.00
swas.json,47,SCHNEIDER,NSX,NSX 100 / 250,,30000.00,price 20000.00 -> 30000.00
swas.json,47,SCHNEIDER,NSX,NSX 400/630,,40000.00,price 30000.00 -> 40000.00
swas.json,47,SCHNEIDER,NSX,NS800 - NS1600,,85000.00,price 42000.00 -> 85000.00
swas.json,47,SCHNEIDER,MT,MT100/160,,105000.00,unchanged
swas.json,47,SCHNEIDER,MT,MT100/160,,260000.00,price 105000.00 -> 260000.00
swas.json,47,SCHNEIDER,MT,MT100/160,,280000.00,price 260000.00 -> 280000.00
swas.json,47,SCHNEIDER,NSX,NSX 100 / 250,,5000.00,price 30000.00 -> 5000.00
swas.json,47,SCHNEIDER,NSX,NSX 400/630,,5000.00,price 40000.00 -> 5000.00
swas.json,47,SCHNEIDER,NSX,NS800 - NS1600,,25000.00,price 85000.00 -> 25000.00
swas.json,48,SCHNEIDER,EZC,EZC100F,"15, 20, 30, 40, 50, 60, 80, & 100 A",14500.00,unchanged
swas.json,48,SCHNEIDER,EZC,EZC100N,"15, 20, 30, 40, 50, 60, 80, & 100 A",16000.00,unchanged
swas.json,48,SCHNEIDER,EZC,EZC100H,"15, 20, 30, 40, 50, 60, 80, & 100 A",24000.00,unchanged
swas.json,48,SCHNEIDER,EZC,EZC250F,125 & 150 A,35000.00,unchanged
swas.json,48,SCHNEIDER,EZC,EZC250F,200A,39000.00,unchanged
swas.json,48,SCHNEIDER,EZC,EZC250F,225 & 250 A,39000.00,unchanged
swas.json,48,SCHNEIDER,EZC,EZC250N,125 & 150 A,38000.00,unchanged
swas.json,48,SCHNEIDER,EZC,EZC250N,"200, 225 & 250 A",50000.00,unchanged
swas.json,48,SCHNEIDER,EZC,EZC250H,125 & 150 A,45000.00,unchanged
swas.json,48,SCHNEIDER,EZC,EZC250H,200 & 225 A,60000.00,unchanged
swas.json,48,SCHNEIDER,EZC,EZC250H,250A,70000.00,unchanged
swas.json,48,SCHNEIDER,EZC,EZC400N,320 & 400 A,100000.00,unchanged
swas.json,48,SCHNEIDER,EZC,EZC400H,320 & 400 A,120000.00,unchanged
swas.json,48,SCHNEIDER,EZC,EZC100H,60 & 100 A,40000.00,unchanged
swas.json,48,SCHNEIDER,EZC,EZC250H,125A,90000.00,unchanged
swas.json,48,SCHNEIDER,EZC,EZC250H,150 & 200 A,95000.00,unchanged
swas.json,48,SCHNEIDER,EZC,EZC250H,250A,100000.00,price 70000.00 -> 100000.00
swas.json,48,SCHNEIDER,EZC,EZC400H,400A,170000.00,unchanged
swas.json,48,SCHNEIDER,EASYPACT EZC,EZC100,,10000.00,unchanged
swas.json,48,SCHNEIDER,EASYPACT EZC,EZC250,,10000.00,unchanged
swas.json,48,SCHNEIDER,EASYPACT EZC,EZC100,,20000.00,price 10000.00 -> 20000.00
swas.json,48,SCHNEIDER,EASYPACT EZC,EZC250,,20000.00,price 10000.00 -> 20000.00
swas.json,48,SCHNEIDER,EASYPACT EZC,EZC100,,25000.00,price 20000.00 -> 25000.00
swas.json,48,SCHNEIDER,EASYPACT EZC,EZC250,,25000.00,price 20000.00 -> 25000.00
swas.json,49,SCHNEIDER,iPF,iPF40,,43000.00,unchanged
swas.json,49,SCHNEIDER,iPF,iPF65,,80000.00,unchanged
swas.json,49,SCHNEIDER,RH99,RH99M,,75000.00,unchanged
swas.json,50,SCHNEIDER,CVS,CVS100F,16A,27000.00,unchanged
swas.json,50,SCHNEIDER,CVS,CVS100F,25A,27000.00,unchanged
swas.json,50,SCHNEIDER,CVS,CVS100F,32A,27000.00,unchanged
swas.json,50,SCHNEIDER,CVS,CVS100F,40A,27000.00,unchanged
swas.json,50,SCHNEIDER,CVS,CVS100F,50A,27000.00,unchanged
swas.json,50,SCHNEIDER,CVS,CVS100F,63A,27000.00,unchanged
swas.json,50,SCHNEIDER,CVS,CVS100F,80A,27000.00,unchanged
swas.json,50,SCHNEIDER,CVS,CVS100F,100A,27000.00,unchanged
swas.json,50,SCHNEIDER,CVS,CVS160F,125A,41000.00,unchanged
swas.json,50,SCHNEIDER,CVS,CVS160F,160A,41000.00,unchanged
swas.json,50,SCHNEIDER,CVS,CVS250F,200A,55000.00,unchanged
swas.json,50,SCHNEIDER,CVS,CVS250F,250A,55000.00,unchanged
swas.json,50,SCHNEIDER,CVS,CVS400F,320A,116000.00,unchanged
swas.json,50,SCHNEIDER,CVS,CVS400F,400A,116000.00,unchanged
swas.json,50,SCHNEIDER,CVS,CVS630F,630A,165000.00,unchanged
swas.json,50,SCHNEIDER,CVS,CVS100F,16A,52000.00,price 27000.00 -> 52000.00
swas.json,50,SCHNEIDER,CVS,CVS100F,25A,52000.00,price 27000.00 -> 52000.00
swas.json,50,SCHNEIDER,CVS,CVS100F,32A,52000.00,price 27000.00 -> 52000.00
swas.json,50,SCHNEIDER,CVS,CVS100F,40A,52000.00,price 27000.00 -> 52000.00
swas.json,50,SCHNEIDER,CVS,CVS100F,50A,52000.00,price 27000.00 -> 52000.00
swas.json,50,SCHNEIDER,CVS,CVS100F,63A,52000.00,price 27000.00 -> 52000.00
swas.json,50,SCHNEIDER,CVS,CVS100F,80A,52000.00,price 27000.00 -> 52000.00
swas.json,50,SCHNEIDER,CVS,CVS100F,100A,52000.00,price 27000.00 -> 52000.00
swas.json,50,SCHNEIDER,CVS,CVS160F,125A,62000.00,price 41000.00 -> 62000.00
swas.json,50,SCHNEIDER,CVS,CVS160F,160A,62000.00,price 41000.00 -> 62000.00
swas.json,50,SCHNEIDER,CVS,CVS250F,200A,96000.00,price 55000.00 -> 96000.00
swas.json,50,SCHNEIDER,CVS,CVS250F,250A,96000.00,price 55000.00 -> 96000.00
swas.json,50,SCHNEIDER,CVS,CVS400F,320A,185000.00,price 116000.00 -> 185000.00
swas.json,50,SCHNEIDER,CVS,CVS400F,400A,185000.00,price 116000.00 -> 185000.00
swas.json,50,SCHNEIDER,CVS,CVS400N,400A,215000.00,unchanged
swas.json,50,SCHNEIDER,CVS,CVS630F,630A,250000.00,price 165000.00 -> 250000.00
swas.json,50,SCHNEIDER,CVS,CVS630N,630A,280000.00,unchanged
swas.json,51,SCHNEIDER,NW,"NW08H1,2.0E",800A,740000.00,unchanged
swas.json,51,SCHNEIDER,NW,"NW08H1,2.0E",800A,1090000.00,price 740000.00 -> 1090000.00
swas.json,51,SCHNEIDER,NW,"NW10H1,2.0E",1000A,780000.00,unchanged
swas.json,51,SCHNEIDER,NW,"NW10H1,2.0E",1000A,1150000.00,price 780000.00 -> 1150000.00
swas.json,51,SCHNEIDER,NW,"NW12H1,2.0E",1250A,800000.00,unchanged
swas.json,51,SCHNEIDER,NW,"NW12H1,2.0E",1250A,1220000.00,price 800000.00 -> 1220000.00
swas.json,51,SCHNEIDER,NW,"NW16H1,5.0E",1600A,880000.00,unchanged
swas.json,51,SCHNEIDER,NW,"NW16H1,5.0E",1600A,1300000.00,price 880000.00 -> 1300000.00
swas.json,51,SCHNEIDER,NW,"NW20H1,5.0E",2000A,930000.00,unchanged
swas.json,51,SCHNEIDER,NW,"NW20H1,5.0E",2000A,1430000.00,price 930000.00 -> 1430000.00
swas.json,51,SCHNEIDER,NW,"NW25H1,5.0E",2500A,1180000.00,unchanged
swas.json,51,SCHNEIDER,NW,"NW25H1,5.0E",2500A,1850000.00,price 1180000.00 -> 1850000.00
swas.json,51,SCHNEIDER,NW,"NW32H1,5.0E",3200A,1750000.00,unchanged
swas.json,51,SCHNEIDER,NW,"NW32H1,5.0E",3200A,2380000.00,price 1750000.00 -> 2380000.00
swas.json,51,SCHNEIDER,NW,"NW40H1,5.0E",4000A,2200000.00,unchanged
swas.json,51,SCHNEIDER,NW,"NW40H1,5.0E",4000A,3300000.00,price 2200000.00 -> 3300000.00
swas.json,51,SCHNEIDER,NW,"NW50H1,5.0E",5000A,,unchanged
swas.json,51,SCHNEIDER,NW,"NW50H1,5.0E",5000A,,unchanged
swas.json,51,SCHNEIDER,NW,"NW63H1,5.0E",6000A,,unchanged
swas.json,51,SCHNEIDER,NW,"NW63H1,5.0E",6000A,,unchanged
swas.json,51,SCHNEIDER,MN,MN,,39000.00,unchanged
swas.json,51,SCHNEIDER,MNR,MNR,,39000.00,unchanged
swas.json,51,SCHNEIDER,MX,MX,,39000.00,unchanged
swas.json,51,SCHNEIDER,VSPA1,VSPA1,,50000.00,unchanged
swas.json,51,SCHNEIDER,W,W,,15000.00,unchanged
swas.json,51,SCHNEIDER,VM,VM2FC,,275000.00,unchanged
swas.json,51,SCHNEIDER,VM,VM2FT,,210000.00,unchanged
swas.json,51,SCHNEIDER,MCH,MCH,,250000.00,unchanged
swas.json,52,SCHNEIDER,NW,"NW08H2, 2.0E",800A,930000.00,unchanged
swas.json,52,SCHNEIDER,NW,"NW08H2, 2.0E",800A,1200000.00,price 930000.00 -> 1200000.00
swas.json,52,SCHNEIDER,NW,"NW10H2, 2.0E",1000A,990000.00,unchanged
swas.json,52,SCHNEIDER,NW,"NW10H2, 2.0E",1000A,1400000.00,price 990000.00 -> 1400000.00
swas.json,52,SCHNEIDER,NW,"NW12H2, 2.0E",1250A,1010000.00,unchanged
swas.json,52,SCHNEIDER,NW,"NW12H2, 2.0E",1250A,1500000.00,price 1010000.00 -> 1500000.00
swas.json,52,SCHNEIDER,NW,"NW16H2, 5.0E",1600A,1100000.00,unchanged
swas.json,52,SCHNEIDER,NW,"NW16H2, 5.0E",1600A,1600000.00,price 1100000.00 -> 1600000.00
swas.json,52,SCHNEIDER,NW,"NW20H2, 5.0E",2000A,1250000.00,unchanged
swas.json,52,SCHNEIDER,NW,"NW20H2, 5.0E",2000A,1800000.00,price 1250000.00 -> 1800000.00
swas.json,52,SCHNEIDER,NW,"NW25H2, 5.0E",2500A,1600000.00,unchanged
swas.json,52,SCHNEIDER,NW,"NW25H2, 5.0E",2500A,2300000.00,price 1600000.00 -> 2300000.00
swas.json,52,SCHNEIDER,NW,"NW32H2, 5.0E",3200A,1980000.00,unchanged
swas.json,52,SCHNEIDER,NW,"NW32H2, 5.0E",3200A,2950000.00,price 1980000.00 -> 2950000.00
swas.json,52,SCHNEIDER,NW,"NW40H2, 5.0E",4000A,2700000.00,unchanged
swas.json,52,SCHNEIDER,NW,"NW40H2, 5.0E",4000A,4100000.00,price 2700000.00 -> 4100000.00
swas.json,52,SCHNEIDER,NW,"NW50H2, 5.0E",5000A,,unchanged
swas.json,52,SCHNEIDER,NW,"NW50H2, 5.0E",5000A,,unchanged
swas.json,52,SCHNEIDER,NW,"NW63H2, 5.0E",6000A,,unchanged
swas.json,52,SCHNEIDER,NW,"NW63H2, 5.0E",6000A,,unchanged
swas.json,53,SCHNEIDER,DM,DM3110,,12000.00,unchanged
swas.json,53,SCHNEIDER,DM,DM3210,,12000.00,unchanged
swas.json,53,SCHNEIDER,PM,PM2110,,55000.00,unchanged
swas.json,53,SCHNEIDER,PM,PM2130,,65000.00,unchanged
swas.json,53,SCHNEIDER,PM,PM5310,,150000.00,unchanged
swas.json,53,SCHNEIDER,PM,PM5560,,450000.00,unchanged
swas.json,54,SCHNEIDER,VPL,VPL06N,,165000.00,unchanged
swas.json,54,SCHNEIDER,VPL,VPL12N,,200000.00,unchanged
swas.json,55,TELEMECANIQUE,LC1,LC1 – D09,9A,5100.00,unchanged
swas.json,55,TELEMECANIQUE,LC1,LC1 – D12,12A,6000.00,unchanged
swas.json,55,TELEMECANIQUE,LC1,LC1 – D18,18A,8500.00,unchanged
swas.json,55,TELEMECANIQUE,LC1,LC1 – D25,25A,11900.00,unchanged
swas.json,55,TELEMECANIQUE,LC1,LC1 – D32,32A,16000.00,unchanged
swas.json,55,TELEMECANIQUE,LC1,LC1 – D40A,40A,22500.00,unchanged
swas.json,55,TELEMECANIQUE,LC1,LC1 – D50A,50A,25500.00,unchanged
swas.json,55,TELEMECANIQUE,LC1,LC1 – D65A,65A,34500.00,unchanged
swas.json,55,TELEMECANIQUE,LC1,LC1 – D80,80A,45500.00,unchanged
swas.json,55,TELEMECANIQUE,LC1,LC1 – D95,95A,57000.00,unchanged
swas.json,55,TELEMECANIQUE,LC1,LC1 – D115,115A,66000.00,unchanged
swas.json,55,TELEMECANIQUE,LC1,LC1 – D150,150A,80000.00,unchanged
swas.json,55,TELEMECANIQUE,LC1,LC1 – G 115,115A,120000.00,unchanged
swas.json,55,TELEMECANIQUE,LC1,LC1 – G 150,150A,140000.00,unchanged
swas.json,55,TELEMECANIQUE,LC1,LC1 – G 185,185A,155000.00,unchanged
swas.json,55,TELEMECANIQUE,LC1,LC1 – G 225,225A,165000.00,unchanged
swas.json,55,TELEMECANIQUE,LC1,LC1 – G 265,265A,285000.00,unchanged
swas.json,55,TELEMECANIQUE,LC1,LC1 – G 330,330A,315000.00,unchanged
swas.json,55,TELEMECANIQUE,LC1,LC1 – G 400,400A,390000.00,unchanged
swas.json,55,TELEMECANIQUE,LC1,LC1 – G 500,500A,625000.00,unchanged
swas.json,55,TELEMECANIQUE,LC1,LC1 – G 630,630A,750000.00,unchanged
swas.json,55,TELEMECANIQUE,LC1,LC1 – F 800,800A,1090000.00,unchanged
swas.json,55,TELEMECANIQUE,LC1,LC1 – G 800,800A,1150000.00,unchanged
swas.json,55,TELEMECANIQUE,CAD,CAD – 32M7,,7000.00,unchanged
swas.json,55,TELEMECANIQUE,CAD,CAD – 50M7,,7500.00,unchanged
swas.json,55,TELEMECANIQUE,CAD,CAD – 32DB,,13000.00,unchanged
swas.json,55,TELEMECANIQUE,CAD,CAD – 50DB,,14000.00,unchanged
swas.json,56,TELEMECANIQUE,LC1,LC1 – D09 BD,9A,13200.00,unchanged
swas.json,56,TELEMECANIQUE,LC1,LC1 – D12 BD,12A,14500.00,unchanged
swas.json,56,TELEMECANIQUE,LC1,LC1 – D18 BD,18A,19000.00,unchanged
swas.json,56,TELEMECANIQUE,LC1,LC1 – D25 BD,25A,25000.00,unchanged
swas.json,56,TELEMECANIQUE,LC1,LC1 – D32 BD,32A,34000.00,unchanged
swas.json,56,TELEMECANIQUE,LC1,LC1 – D40A BD,40A,85000.00,unchanged
swas.json,56,TELEMECANIQUE,LC1,LC1 – D50A BD,50A,95000.00,unchanged
swas.json,56,TELEMECANIQUE,LC1,LC1 – D65A BD,65A,110000.00,unchanged
swas.json,56,TELEMECANIQUE,LC1,LC1 – D80 BD,80A,120000.00,unchanged
swas.json,56,TELEMECANIQUE,LC1,LC1 – D95 BD,95A,130000.00,unchanged
swas.json,57,TELEMECANIQUE,LC1,LC1–DT25,12A,19000.00,unchanged
swas.json,57,TELEMECANIQUE,LC1,LC1–DT40,25A,25000.00,unchanged
swas.json,57,TELEMECANIQUE,LC1,LC1–DT60AM7,40A,45000.00,unchanged
swas.json,57,TELEMECANIQUE,LC1,LC1–DT80,65A,70000.00,unchanged
swas.json,57,TELEMECANIQUE,LC1,LC1–D80004,80A,85000.00,unchanged
swas.json,57,TELEMECANIQUE,LC1,LC1–G1154,115A,155000.00,unchanged
swas.json,57,TELEMECANIQUE,LC1,LC1–G1504,150A,175000.00,unchanged
swas.json,57,TELEMECANIQUE,LC1,LC1–G1854,185A,240000.00,unchanged
swas.json,57,TELEMECANIQUE,LC1,LC1–G2254,225A,270000.00,unchanged
swas.json,57,TELEMECANIQUE,LC1,LC1–G2654,265A,490000.00,unchanged
swas.json,57,TELEMECANIQUE,LC1,LC1–G3304,330A,530000.00,unchanged
swas.json,57,TELEMECANIQUE,LC1,LC1–G4004,400A,720000.00,unchanged
swas.json,57,TELEMECANIQUE,LC1,LC1–G5004,500A,1150000.00,unchanged
swas.json,57,TELEMECANIQUE,LC1,LC1–G6304,630A,1350000.00,unchanged
swas.json,57,TELEMECANIQUE,LC1,LC1–G8004,800A,,unchanged
swas.json,58,TELEMECANIQUE,LA,LA1-DN 02,,3000.00,unchanged
swas.json,58,TELEMECANIQUE,LA,LA1-DN 04,,5500.00,unchanged
swas.json,58,TELEMECANIQUE,LA,LA1-DN 11,,2700.00,unchanged
swas.json,58,TELEMECANIQUE,LA,LA1-DN 13,,5500.00,unchanged
swas.json,58,TELEMECANIQUE,LA,LA1-DN 20,,3000.00,unchanged
swas.json,58,TELEMECANIQUE,LA,LA1-DN 22,,5000.00,unchanged
swas.json,58,TELEMECANIQUE,LA,LA1-DN 31,,5500.00,unchanged
swas.json,58,TELEMECANIQUE,LA,LA1-DN 40,,5500.00,unchanged
swas.json,58,TELEMECANIQUE,LA,LAG8N113,,7000.00,unchanged
swas.json,58,TELEMECANIQUE,LA,LAG8N113P,,7000.00,unchanged
swas.json,58,TELEMECANIQUE,LA,LAG8N203,,7500.00,unchanged
swas.json,58,TELEMECANIQUE,LA,LAG8N203P,,7500.00,unchanged
swas.json,58,TELEMECANIQUE,LA,LAD-T0,,15000.00,unchanged
swas.json,58,TELEMECANIQUE,LA,LAD-T2,,15000.00,unchanged
swas.json,58,TELEMECANIQUE,LA,LAD-R2,,15000.00,unchanged
swas.json,58,TELEMECANIQUE,LA,LAD-DS2,,19000.00,unchanged
swas.json,59,TELEMECANIQUE,LC1,LC1N0910,9A,3900.00,unchanged
swas.json,59,TELEMECANIQUE,LC1,LC1N1210,12A,5000.00,unchanged
swas.json,59,TELEMECANIQUE,LC1,LC1N1810,18A,6200.00,unchanged
swas.json,59,TELEMECANIQUE,LC1,LC1N2510,25A,8800.00,unchanged
swas.json,59,TELEMECANIQUE,LC1,LC1N3210,32A,11900.00,unchanged
swas.json,59,TELEMECANIQUE,LC1,LC1E40,40A,17000.00,unchanged
swas.json,59,TELEMECANIQUE,LC1,LC1E50,50A,19000.00,unchanged
swas.json,59,TELEMECANIQUE,LC1,LC1E65,65A,24000.00,unchanged
swas.json,59,TELEMECANIQUE,LC1,LC1E80,80A,32000.00,unchanged
swas.json,59,TELEMECANIQUE,LC1,LC1E95,95A,42000.00,unchanged
swas.json,59,TELEMECANIQUE,LC1,LC1E120,120A,55000.00,unchanged
swas.json,59,TELEMECANIQUE,LC1,LC1E160,160A,80000.00,unchanged
swas.json,59,TELEMECANIQUE,LC1,LC1E200,200A,120000.00,unchanged
swas.json,59,TELEMECANIQUE,LC1,LC1E250,250A,150000.00,unchanged
swas.json,59,TELEMECANIQUE,LC1,LC1E300,300A,190000.00,unchanged
swas.json,59,TELEMECANIQUE,LC1,LC1E400,400A,250000.00,unchanged
swas.json,59,TELEMECANIQUE,LC1,LC1E500,500A,450000.00,unchanged
swas.json,59,TELEMECANIQUE,LC1,LC1E630,630A,600000.00,unchanged
swas.json,59,TELEMECANIQUE,LAE,LAEN11,,2500.00,unchanged
swas.json,59,TELEMECANIQUE,LAE,LAEN20,,2500.00,unchanged
swas.json,59,TELEMECANIQUE,LAE,LAEN02,,2500.00,unchanged
swas.json,59,TELEMECANIQUE,LAE,LAEN22,,4500.00,unchanged
swas.json,59,TELEMECANIQUE,LAE,LAETSD,,14000.00,unchanged
swas.json,59,TELEMECANIQUE,LAE,LAEM1,,3000.00,unchanged
swas.json,59,TELEMECANIQUE,LAE,LAEM4,,19000.00,unchanged
swas.json,59,TELEMECANIQUE,LAE,LAEM5,,22000.00,unchanged
swas.json,59,TELEMECANIQUE,LAE,LAEM6,,29000.00,unchanged
swas.json,59,TELEMECANIQUE,LAE,LAEM7,,40000.00,unchanged
swas.json,60,TELEMECANIQUE,GV,GV2 – ME01,,18000.00,unchanged
swas.json,60,TELEMECANIQUE,GV,GV2 – ME02,,18000.00,unchanged
swas.json,60,TELEMECANIQUE,GV,GV2 – ME03,,16000.00,unchanged
swas.json,60,TELEMECANIQUE,GV,GV2 – ME04,,16000.00,unchanged
swas.json,60,TELEMECANIQUE,GV,GV2 – ME05,,14500.00,unchanged
swas.json,60,TELEMECANIQUE,GV,GV2 – ME06,,14500.00,unchanged
swas.json,60,TELEMECANIQUE,GV,GV2 – ME07,,14500.00,unchanged
swas.json,60,TELEMECANIQUE,GV,GV2 – ME08,,14500.00,unchanged
swas.json,60,TELEMECANIQUE,GV,GV2 – ME10,,14500.00,unchanged
swas.json,60,TELEMECANIQUE,GV,GV2 – ME14,,16000.00,unchanged
swas.json,60,TELEMECANIQUE,GV,GV2 – ME16,,16000.00,unchanged
swas.json,60,TELEMECANIQUE,GV,GV2 – ME20,,16000.00,unchanged
swas.json,60,TELEMECANIQUE,GV,GV2 – ME21,,16000.00,unchanged
swas.json,60,TELEMECANIQUE,GV,GV2 – ME22,,17000.00,unchanged
swas.json,60,TELEMECANIQUE,GV,GV2 – ME32,,22000.00,unchanged
swas.json,60,TELEMECANIQUE,GV,GV3 – P40,,41000.00,unchanged
swas.json,60,TELEMECANIQUE,GV,GV3 – P50,,45000.00,unchanged
swas.json,60,TELEMECANIQUE,GV,GV3 – P65,,45000.00,unchanged
swas.json,60,TELEMECANIQUE,GV,GV3 – P73,,80000.00,unchanged
swas.json,60,TELEMECANIQUE,GV,GV3 – P80,,120000.00,unchanged
swas.json,60,TELEMECANIQUE,GV,GV-AE11,,1600.00,unchanged
swas.json,60,TELEMECANIQUE,GV,GV-AE20,,1800.00,unchanged
swas.json,60,TELEMECANIQUE,GV,GV-AN11,,3500.00,unchanged
swas.json,60,TELEMECANIQUE,GV,GV-AN20,,4000.00,unchanged
swas.json,61,TELEMECANIQUE,LRD,LRD-01,,8200.00,unchanged
swas.json,61,TELEMECANIQUE,LRD,LRD-02,,8200.00,unchanged
swas.json,61,TELEMECANIQUE,LRD,LRD-03,,8200.00,unchanged
swas.json,61,TELEMECANIQUE,LRD,LRD-04,,8200.00,unchanged
swas.json,61,TELEMECANIQUE,LRD,LRD-05,,7100.00,unchanged
swas.json,61,TELEMECANIQUE,LRD,LRD-06,,7100.00,unchanged
swas.json,61,TELEMECANIQUE,LRD,LRD-07,,7100.00,unchanged
swas.json,61,TELEMECANIQUE,LRD,LRD-08,,7100.00,unchanged
swas.json,61,TELEMECANIQUE,LRD,LRD-10,,7100.00,unchanged
swas.json,61,TELEMECANIQUE,LRD,LRD-12,,7100.00,unchanged
swas.json,61,TELEMECANIQUE,LRD,LRD-14,,7100.00,unchanged
swas.json,61,TELEMECANIQUE,LRD,LRD-16,,7100.00,unchanged
swas.json,61,TELEMECANIQUE,LRD,LRD-21,,8500.00,unchanged
swas.json,61,TELEMECANIQUE,LRD,LRD-22,,8500.00,unchanged
swas.json,61,TELEMECANIQUE,LRD,LRD-32,,13000.00,unchanged
swas.json,61,TELEMECANIQUE,LRD,LRD-35,,13000.00,unchanged
swas.json,61,TELEMECANIQUE,LRD,LRD-3353,,33000.00,unchanged
swas.json,61,TELEMECANIQUE,LRD,LRD-3355,,33000.00,unchanged
swas.json,61,TELEMECANIQUE,LRD,LRD-3357,,33000.00,unchanged
swas.json,61,TELEMECANIQUE,LRD,LRD-3359,,33000.00,unchanged
swas.json,61,TELEMECANIQUE,LRD,LRD-3361,,33000.00,unchanged
swas.json,61,TELEMECANIQUE,LRD,LRD-3363,,38000.00,unchanged
swas.json,61,TELEMECANIQUE,LRD,LRD-3365,,38000.00,unchanged
swas.json,61,TELEMECANIQUE,LRD,LRD-340,,26000.00,unchanged
swas.json,61,TELEMECANIQUE,LRD,LRD-350,,30000.00,unchanged
swas.json,61,TELEMECANIQUE,LRD,LRD-365,,33000.00,unchanged
swas.json,61,TELEMECANIQUE,LRD,LRD-4365,,50000.00,unchanged
swas.json,61,TELEMECANIQUE,LRD,LRD-4367,,60000.00,unchanged
swas.json,61,TELEMECANIQUE,LRD,LRD-4369,,60000.00,unchanged
swas.json,62,TELEMECANIQUE,RE,RE17RAMU,,11000.00,unchanged
swas.json,62,TELEMECANIQUE,RE,RE22R1QCMU,,15000.00,unchanged
swas.json,62,TELEMECANIQUE,RSL,RSL1PVBU,,4000.00,unchanged
swas.json,62,TELEMECANIQUE,RSL,RSL1PVPU,,4000.00,unchanged
swas.json,62,TELEMECANIQUE,RM,RM22TR33,,23000.00,unchanged
swas.json,62,TELEMECANIQUE,RM,RM35TF30,,21000.00,unchanged
swas.json,62,TELEMECANIQUE,RM,RM17TE00,,18000.00,unchanged
swas.json,63,TELEMECANIQUE,RXM,RXM2AB2B7,,2200.00,unchanged
swas.json,63,TELEMECANIQUE,RXM,RXM2AB2BD,,2200.00,unchanged
swas.json,63,TELEMECANIQUE,RXM,RXM2AB2F7,,2200.00,unchanged
swas.json,63,TELEMECANIQUE,RXM,RXM2AB2P7,,2200.00,unchanged
swas.json,63,TELEMECANIQUE,RXM,RXM4AB2B7,,2500.00,unchanged
swas.json,63,TELEMECANIQUE,RXM,RXM4AB2F7,,2500.00,unchanged
swas.json,63,TELEMECANIQUE,RXM,RXM4AB2P7,,2500.00,unchanged
swas.json,63,TELEMECANIQUE,RXM,RXM4AB2JD,,2500.00,unchanged
swas.json,63,TELEMECANIQUE,RXM,RXM4AB2BD,,2500.00,unchanged
swas.json,63,TELEMECANIQUE,RXM,RXM4AB2FD,,2500.00,unchanged
swas.json,63,TELEMECANIQUE,RXZ,RXZE2S108M,,1500.00,unchanged
swas.json,63,TELEMECANIQUE,RXZ,RXZE2M114M,,1500.00,unchanged
swas.json,63,TELEMECANIQUE,RM,RM35LM33MW,,19000.00,unchanged
swas.json,64,TELEMECANIQUE,EOCR,EOCRSS-05S,,15000.00,unchanged
swas.json,64,TELEMECANIQUE,EOCR,EOCRSS-30S,,15000.00,unchanged
swas.json,64,TELEMECANIQUE,EOCR,EOCRSS-60S,,15000.00,unchanged
swas.json,64,TELEMECANIQUE,EOCR,EOCRSSD-05S,,35000.00,unchanged
swas.json,64,TELEMECANIQUE,EOCR,EOCRSSD-30S,,35000.00,unchanged
swas.json,64,TELEMECANIQUE,EOCR,EOCRSSD-60S,,35000.00,unchanged
swas.json,64,TELEMECANIQUE,LT4,LT4706M7S,,16500.00,unchanged
swas.json,64,TELEMECANIQUE,LT4,LT4730M7S,,16500.00,unchanged
swas.json,64,TELEMECANIQUE,LT4,LT4760M7S,,16500.00,unchanged
swas.json,65,TELEMECANIQUE,XB,XB7 NA 31,,1800.00,unchanged
swas.json,65,TELEMECANIQUE,XB,XB7 NA 21,,1800.00,unchanged
swas.json,65,TELEMECANIQUE,XB,XB7 NA 42,,1800.00,unchanged
swas.json,65,TELEMECANIQUE,XB,XB7 EV03,,1300.00,unchanged
swas.json,65,TELEMECANIQUE,XB,XB7 EV04,,1300.00,unchanged
swas.json,65,TELEMECANIQUE,XB,XB7 EV05,,1300.00,unchanged
swas.json,65,TELEMECANIQUE,XB,XB7 EV06,,1300.00,unchanged
swas.json,65,TELEMECANIQUE,XB,XB7 EV07,,1300.00,unchanged
swas.json,65,TELEMECANIQUE,XB,XB7 EV08,,1300.00,unchanged
swas.json,65,TELEMECANIQUE,XB,XB4BD33,,5000.00,unchanged
swas.json,66,SCHNEIDER,ATS,ATS22D17Q,,,unchanged
swas.json,66,SCHNEIDER,ATS,ATS22D32Q,,,unchanged
swas.json,66,SCHNEIDER,ATS,ATS22D47Q,,,unchanged
swas.json,66,SCHNEIDER,ATS,ATS22D62Q,,,unchanged
swas.json,66,SCHNEIDER,ATS,ATS22D75Q,,,unchanged
swas.json,66,SCHNEIDER,ATS,ATS22D88Q,,,unchanged
swas.json,66,SCHNEIDER,ATS,ATS22C11Q,,,unchanged
swas.json,66,SCHNEIDER,ATS,ATS22C14Q,,,unchanged
swas.json,66,SCHNEIDER,ATS,ATS22C17Q,,,unchanged
swas.json,66,SCHNEIDER,ATS,ATS48C21Q,,,unchanged
swas.json,66,SCHNEIDER,ATS,ATS48C25Q,,,unchanged
swas.json,66,SCHNEIDER,ATS,ATS48C32Q,,,unchanged
swas.json,66,SCHNEIDER,ATS,ATS48C41Q,,,unchanged
swas.json,66,SCHNEIDER,ATS,ATS48C48Q,,,unchanged
swas.json,67,SCHNEIDER,ATV,ATV310H075N4E,,,unchanged
swas.json,67,SCHNEIDER,ATV,ATV310HU15N4E,,,unchanged
swas.json,67,SCHNEIDER,ATV,ATV310HU22N4E,,,unchanged
swas.json,67,SCHNEIDER,ATV,ATV310HU30N4E,,,unchanged
swas.json,67,SCHNEIDER,ATV,ATV310HU55N4E,,,unchanged
swas.json,67,SCHNEIDER,ATV,ATV310HU75N4E,,,unchanged
swas.json,67,SCHNEIDER,ATV,ATV310HD11N4E,,,unchanged
swas.json,67,SCHNEIDER,ATV,ATV12H075M2,,,unchanged
swas.json,67,SCHNEIDER,ATV,ATV12HU15M2,,,unchanged
swas.json,67,SCHNEIDER,ATV,ATV12HU22M2,,,unchanged
swas.json,68,SCHNEIDER,ATV,ATV610D11N4 VSD,,,unchanged
swas.json,68,SCHNEIDER,ATV,ATV610D15N4 VSD,,,unchanged
swas.json,68,SCHNEIDER,ATV,ATV610D18N4 VSD,,,unchanged
swas.json,68,SCHNEIDER,ATV,ATV610D22N4Z VSD,,,unchanged
swas.json,68,SCHNEIDER,ATV,ATV610D30N4 VSD,,,unchanged
swas.json,68,SCHNEIDER,ATV,ATV610D37N4 VSD,,,unchanged
swas.json,68,SCHNEIDER,ATV,ATV610D45N4 Z VSD,,,unchanged
swas.json,68,SCHNEIDER,ATV,ATV610D55N4 VSD,,,unchanged
swas.json,68,SCHNEIDER,ATV,ATV610D75N4 Z VSD,,,unchanged
swas.json,68,SCHNEIDER,ATV,ATV610D90N4 VSD,,,unchanged
swas.json,68,SCHNEIDER,ATV,ATV610C11N4 VSD,,,unchanged
swas.json,68,SCHNEIDER,ATV,ATV610C13N4 VSD,,,unchanged
swas.json,68,SCHNEIDER,ATV,ATV610C16N4 VSD,,,unchanged
swas.json,69,SCHNEIDER,HXV,HXV,630A,,unchanged
swas.json,69,SCHNEIDER,HXV,HXV,1250A,,unchanged
swas.json,70,HANYOUNG,HY,HY8000S-R08,,35000.00,unchanged
swas.json,70,HANYOUNG,HY,HY8000S-R13,,35000.00,unchanged
swas.json,70,HANYOUNG,HY,HY-72D-FKMNR,,31000.00,unchanged
swas.json,70,HANYOUNG,HY,HY-48D-FKMNR,,21000.00,unchanged
swas.json,70,HANYOUNG,HY,HY-48D-FPMNR,,21000.00,unchanged
swas.json,71,HANYOUNG,KX,KX9N,,30000.00,unchanged
swas.json,71,HANYOUNG,KX,KX7N,,28000.00,unchanged
swas.json,71,HANYOUNG,KX,KX2N,,30000.00,unchanged
swas.json,71,HANYOUNG,KX,KX4N,,26000.00,unchanged
swas.json,71,HANYOUNG,NX,NX3-01,,40000.00,unchanged
swas.json,71,HANYOUNG,NX,NX4-01,,45000.00,unchanged
swas.json,71,HANYOUNG,NX,NX7-01,,56000.00,unchanged
swas.json,71,HANYOUNG,NX,NX9-01,,58000.00,unchanged
swas.json,72,HANYOUNG,HSR,HSR-2D104Z,,6000.00,unchanged
swas.json,72,HANYOUNG,HSR,HSR-2D204Z,,10000.00,unchanged
swas.json,72,HANYOUNG,HSR,HSR-2D304Z,,11000.00,unchanged
swas.json,72,HANYOUNG,HSR,HSR-2D404Z,,12000.00,unchanged
swas.json,72,HANYOUNG,HSR,HSR-2D504Z,,17000.00,unchanged
swas.json,72,HANYOUNG,HSR,HSR-2D704Z,,25000.00,unchanged
swas.json,73,HANYOUNG,LM3,LM3-4AA-N-A,,20000.00,unchanged
swas.json,73,HANYOUNG,LM3,LM3-4AV-N-A,,20000.00,unchanged
swas.json,73,HANYOUNG,BS6,BS6-NA20,,17000.00,unchanged
swas.json,73,HANYOUNG,BS6,BS6-NA10,,17000.00,unchanged
swas.json,74,HANYOUNG,MA4,MA4NC,,8000.00,unchanged
swas.json,74,HANYOUNG,HY,HY-T48NP-60C,,5500.00,unchanged
swas.json,74,HANYOUNG,GR,GR 200-820,,650000.00,unchanged
swas.json,74,HANYOUNG,GR,GR 200-1220,,800000.00,unchanged
swas.json,75,HANYOUNG,AR-HY,ARF-F110G,,1200.00,unchanged
swas.json,75,HANYOUNG,AR-HY,ARF-F120R,,1200.00,unchanged
swas.json,75,HANYOUNG,AR-HY,ARE-4B12R,,2000.00,unchanged
swas.json,75,HANYOUNG,AR-HY,ARE-4R12R,,2500.00,unchanged
swas.json,75,HANYOUNG,AR-HY,ARS-S212,,1900.00,unchanged
swas.json,75,HANYOUNG,AR-HY,ARS-S311,,1900.00,unchanged
swas.json,75,HANYOUNG,AR-HY,ARS-S312,,1900.00,unchanged
swas.json,75,HANYOUNG,AR-HY,ARK-2D12,,3000.00,unchanged
swas.json,75,HANYOUNG,AR-HY,ARX-S112,,2500.00,unchanged
swas.json,75,HANYOUNG,AR-HY,ARX-P112-LB,,2500.00,unchanged
swas.json,75,HANYOUNG,AR-HY,ARP-FAO,,2000.00,unchanged
swas.json,76,HANYOUNG,L,L-804,,4300.00,unchanged
swas.json,76,HANYOUNG,L,L-808,,4300.00,unchanged
swas.json,76,HANYOUNG,L,L-809,,4300.00,unchanged
swas.json,76,HANYOUNG,HY,HY-P701A,,2400.00,unchanged
swas.json,76,HANYOUNG,HY,HY-P701B,,2200.00,unchanged
swas.json,76,HANYOUNG,HY,HY-R704A,,2100.00,unchanged
swas.json,76,HANYOUNG,HY,HY-R704C,,2100.00,unchanged
swas.json,76,HANYOUNG,HY,HY-L707C,,2100.00,unchanged
swas.json,76,HANYOUNG,HY,HY-PR708B,,2600.00,unchanged
swas.json,77,HANYOUNG,M,M-902,,5200.00,unchanged
swas.json,77,HANYOUNG,M,M-904,,5200.00,unchanged
swas.json,77,HANYOUNG,M,M-908,,5200.00,unchanged
swas.json,77,HANYOUNG,M,M-909,,5200.00,unchanged
swas.json,77,HANYOUNG,HY,HY-LS803RN,,3500.00,unchanged
swas.json,77,HANYOUNG,HY,HY-LS803N,,3500.00,unchanged
swas.json,77,HANYOUNG,HY,HY-LS804N,,3500.00,unchanged
swas.json,77,HANYOUNG,HY,HY-LS808N,,3500.00,unchanged
swas.json,77,HANYOUNG,ZCN,ZCN-P501O,,3400.00,unchanged
swas.json,77,HANYOUNG,ZCN,ZCN-R504A,,3400.00,unchanged
swas.json,77,HANYOUNG,ZCN,ZCN-R504C,,3400.00,unchanged
swas.json,77,HANYOUNG,ZCN,ZCN-L507C,,3400.00,unchanged
swas.json,77,HANYOUNG,ZCN,ZCN-PR508H,,4000.00,unchanged
swas.json,78,HANYOUNG,HE,HE40B-6-3-N-24-1000,,40000.00,unchanged
swas.json,78,HANYOUNG,HE,HE50B-8-3-T-24-360,,40000.00,unchanged
swas.json,78,HANYOUNG,DPS,DPS-120-24,,32000.00,unchanged
swas.json,78,HANYOUNG,DPS,DPS-240-24,,47000.00,unchanged
swas.json,78,HANYOUNG,UP,UP12-RD4PA,,7000.00,unchanged
swas.json,78,HANYOUNG,UP,UP12-RD4NA,,7000.00,unchanged
swas.json,78,HANYOUNG,UP,UP18-RM5PA,,7500.00,unchanged
swas.json,78,HANYOUNG,UP,UP18-RM5NA,,7500.00,unchanged
swas.json,79,SHIZUKI,RF,RF-T,,45000.00,unchanged
swas.json,79,SHIZUKI,RF,RF-T,,80000.00,price 45000.00 -> 80000.00
swas.json,79,SHIZUKI,RF,RFA-4,,125000.00,unchanged
swas.json,79,SHIZUKI,RG,RG-2,,135000.00,unchanged
swas.json,79,SHIZUKI,RG,RG-2,,165000.00,price 135000.00 -> 165000.00
swas.json,79,SHIZUKI,RG,RG-2,,180000.00,price 165000.00 -> 180000.00
swas.json,79,SHIZUKI,RG,RG-2,,200000.00,price 180000.00 -> 200000.00
swas.json,79,SHIZUKI,RG,RG-2,,,kept 200000.00 (new list has no price)
swas.json,80,SHIZUKI,MS-Q,MS-6Q,,80000.00,unchanged
swas.json,80,SHIZUKI,MS-Q,MS-12Q,,105000.00,unchanged
swas.json,82,KRK,KM,KMA-01,,8400.00,unchanged
swas.json,82,KRK,KM,KMV-01,,8400.00,unchanged
swas.json,82,KRK,KM,KMM-01U,,12000.00,unchanged
swas.json,83,KRK,KD,KDA-72,,5800.00,unchanged
swas.json,83,KRK,KD,KDA-96,,5800.00,unchanged
swas.json,83,KRK,KD,KDV-72,,5800.00,unchanged
swas.json,83,KRK,KD,KDV-96,,5800.00,unchanged
swas.json,83,KRK,KD,KDV-96-3F,,7500.00,unchanged
swas.json,84,KRK,KAD,SKAD-04N,,6200.00,unchanged
swas.json,84,KRK,KAD,KAD-04N,,6500.00,unchanged
swas.json,84,KRK,SFMK,SFMK-03N,,6000.00,unchanged
swas.json,84,KRK,SZR,SZR-M1,,5000.00,unchanged
swas.json,84,KRK,SZR,SZR-M5,,5500.00,unchanged
swas.json,84,KRK,SZR,SZRB-30,,4500.00,unchanged
swas.json,84,KRK,KZR,KZR-48-8,,3200.00,unchanged
swas.json,84,KRK,SSR,SSR-06T,,9000.00,unchanged
swas.json,84,KRK,SSR,SSR-BE,,1300.00,unchanged
swas.json,84,KRK,KNA,KNA-96,,32000.00,unchanged
swas.json,85,KRK,KPC,KPC-8,,32000.00,unchanged
swas.json,85,KRK,KPC,KPC-12,,37000.00,unchanged
swas.json,85,KRK,ZeroVAR,ZeroVAR PCS 12,,70000.00,unchanged
swas.json,85,KRK,ZeroVAR,ZeroVAR PCS 18,,85000.00,unchanged
swas.json,86,E-POWER,ECM,ECM-625,,54000.00,unchanged
swas.json,86,E-POWER,ECM,ECM-770,,100000.00,unchanged
swas.json,87,E-POWER,SPM,SPM-33,,60000.00,unchanged
swas.json,87,E-POWER,ECM,ECM-91,,,unchanged
swas.json,88,VOLTRAN,NH FUSE,GROUP: 00,"16, 25, 35, 50, 63, 80, 100 A",1400.00,unchanged
swas.json,88,VOLTRAN,NH FUSE,GROUP: 00,"125, 160 A",1400.00,unchanged
swas.json,88,VOLTRAN,NH FUSE,GROUP: 1,,3000.00,unchanged
swas.json,88,VOLTRAN,NH FUSE,GROUP: 2,"160, 200 & 250 A",3300.00,unchanged
swas.json,88,VOLTRAN,NH FUSE,GROUP: 2,315 & 400 A,5000.00,unchanged
swas.json,88,VOLTRAN,NH FUSE,GROUP: 3,500 & 630 A,11000.00,unchanged
swas.json,88,VOLTRAN,NH FUSE,GROUP: 00,,1800.00,unchanged
swas.json,88,VOLTRAN,NH FUSE,GROUP: 1,,6800.00,price 3000.00 -> 6800.00
swas.json,88,VOLTRAN,NH FUSE,GROUP: 2,,7200.00,unchanged
swas.json,88,VOLTRAN,NH FUSE,GROUP: 3,,16000.00,unchanged
swas.json,89,BEMIS,16 Amps,16 Amps,16A,2600.00,unchanged
swas.json,89,BEMIS,16 Amps,16 Amps,16A,3500.00,price 2600.00 -> 3500.00
swas.json,89,BEMIS,32 Amps,32 Amps,32A,4600.00,unchanged
swas.json,89,BEMIS,32 Amps,32 Amps,32A,4000.00,price 4600.00 -> 4000.00
swas.json,89,BEMIS,32 Amps,32 Amps,32A,4800.00,price 4000.00 -> 4800.00
swas.json,89,BEMIS,16 Amps,16 Amps,16A,3000.00,price 3500.00 -> 3000.00
swas.json,89,BEMIS,16 Amps,16 Amps,16A,3800.00,price 3000.00 -> 3800.00
swas.json,89,BEMIS,32 Amps,32 Amps,32A,4200.00,price 4800.00 -> 4200.00
swas.json,89,BEMIS,32 Amps,32 Amps,32A,5400.00,price 4200.00 -> 5400.00
swas.json,89,BEMIS,16 Amps,16 Amps,16A,4000.00,price 3800.00 -> 4000.00
swas.json,89,BEMIS,32 Amps,32 Amps,32A,7500.00,price 5400.00 -> 7500.00
swas.json,89,BEMIS,63 Amps,63 Amps,63A,26000.00,unchanged
swas.json,90,BRETER,142211,142211,,3000.00,unchanged
swas.json,90,BRETER,141611,141611,,3000.00,unchanged
swas.json,91,FICO Hi-Tech,RLC,RLC - 30,30A,2200.00,unchanged
swas.json,91,FICO Hi-Tech,RLC,RLC - 30,60A,2300.00,unchanged
swas.json,91,FICO Hi-Tech,RLC,RLC - 30,100A,2300.00,unchanged
swas.json,91,FICO Hi-Tech,RLC,RLC - 30,150A,2500.00,unchanged
swas.json,91,FICO Hi-Tech,RLC,RLC - 30,200A,2600.00,unchanged
swas.json,91,FICO Hi-Tech,RLC,RLC - 30,300A,2800.00,unchanged
swas.json,91,FICO Hi-Tech,RLC,RLC - 50,400A,3200.00,unchanged
swas.json,91,FICO Hi-Tech,RLC,RLC - 50,600A,4000.00,unchanged
swas.json,91,FICO Hi-Tech,RLC,RLC - 80,800A,5200.00,unchanged
swas.json,91,FICO Hi-Tech,RLC,RLC - 80,1000A,5800.00,unchanged
swas.json,91,FICO Hi-Tech,RLC,RLC - 80,1200A,6200.00,unchanged
swas.json,91,FICO Hi-Tech,RLC,RLC - 125,1600A,8500.00,unchanged
swas.json,91,FICO Hi-Tech,RLC,RLC - 125,2000A,9000.00,unchanged
swas.json,91,FICO Hi-Tech,RLC,RLC - 125,2500A,11500.00,unchanged
swas.json,91,FICO Hi-Tech,RLC,RLC - 125,3000A,13000.00,unchanged
swas.json,91,FICO Hi-Tech,RLC,RLC - 125,4000A,17000.00,unchanged
swas.json,91,FICO Hi-Tech,RLC,RLC - 125,5000A,,unchanged
swas.json,91,FICO Hi-Tech,RLC,RLC - 125,6000A,,unchanged
swas.json,92,FICO Hi-Tech,ELC,ELC - 40,30A,1900.00,unchanged
swas.json,92,FICO Hi-Tech,ELC,ELC - 40,60A,1900.00,unchanged
swas.json,92,FICO Hi-Tech,ELC,ELC - 40,100A,1900.00,unchanged
swas.json,92,FICO Hi-Tech,ELC,ELC - 40,150A,2100.00,unchanged
swas.json,92,FICO Hi-Tech,ELC,ELC - 40,200A,2100.00,unchanged
swas.json,92,FICO Hi-Tech,ELC,ELC - 40,300A,2300.00,unchanged
swas.json,92,FICO Hi-Tech,ELC,ELC - 40,400A,2600.00,unchanged
swas.json,92,FICO Hi-Tech,ELC,ELC - 60,600A,3200.00,unchanged
swas.json,92,FICO Hi-Tech,ELC,ELC - 60,800A,4000.00,unchanged
swas.json,92,FICO Hi-Tech,ELC,ELC - 100,1000A,5300.00,unchanged
swas.json,92,FICO Hi-Tech,ELC,ELC - 100,1200A,5500.00,unchanged
swas.json,92,FICO Hi-Tech,ELC,ELC - 100,1600A,7000.00,unchanged
swas.json,93,FICO Hi-Tech,SLC,SLC - 40,200A,6200.00,unchanged
swas.json,93,FICO Hi-Tech,SLC,SLC - 65,300A,6300.00,unchanged
swas.json,93,FICO Hi-Tech,SLC,SLC - 65,400A,6400.00,unchanged
swas.json,93,FICO Hi-Tech,SLC,SLC - 65,600A,7000.00,unchanged
swas.json,93,FICO Hi-Tech,SLC,SLC - 65,800A,7400.00,unchanged
swas.json,93,FICO Hi-Tech,SLC,SLC - 65,1000A,10000.00,unchanged
swas.json,93,FICO Hi-Tech,SLC,SLC – 125K,1200A,15000.00,unchanged
swas.json,93,FICO Hi-Tech,SLC,SLC – 125K,2400A,20000.00,unchanged
